no,lat,lon,depth,mw,dt,east_km,north_km,dist_ms_km,phase,zone
732,-8.62,116.18,56,3.826539573,2009-12-30 07:10:42,409.77548222222214,9047.06236432783,43.14246458232137,pre-sequence,intermediate (25-75 km)
739,-8.29,117.23,29,4.579502161,2010-01-04 18:07:44,525.3276450113464,9083.634643121099,82.9944566592122,pre-sequence,far field (>75 km)
787,-8.62,116.82,30,3.755315428,2010-02-10 16:00:28,480.195236817969,9047.15447440064,46.59281914207206,pre-sequence,intermediate (25-75 km)
845,-8.41,116.51,46,3.74441322,2010-03-01 17:49:04,446.0570862902903,9070.3418216211,5.538399413502577,pre-sequence,near field (<=25 km)
853,-8.53,116.09,10,3.704407145,2010-03-07 23:13:54,399.8484624511832,9056.991086148704,46.43843581425538,pre-sequence,intermediate (25-75 km)
950,-8.68,116.57,10,4.650744172,2010-04-01 20:09:43,452.69575660934083,9040.499038691774,35.86307530986259,pre-sequence,intermediate (25-75 km)
951,-8.87,116.83,38,3.896958172,2010-04-02 01:13:47,481.30797272554395,9019.515934193656,67.61413402457343,pre-sequence,intermediate (25-75 km)
965,-8.35,116.55,32,4.10719675,2010-04-08 02:18:56,450.4530876783184,9076.980519580493,8.015618888525491,pre-sequence,near field (<=25 km)
1091,-8.35,117.19,11,3.920794715,2010-05-25 22:55:54,520.9196370045205,9077.003738333324,78.14113984983857,pre-sequence,far field (>75 km)
1105,-8.27,115.93,11,3.918985026,2010-05-29 20:08:48,382.1591388631056,9085.69474955194,61.52667197132122,pre-sequence,intermediate (25-75 km)
1124,-8.38,116.07,16,3.728088123,2010-06-12 11:43:52,397.6075604185664,9073.571054013595,45.11745042489911,pre-sequence,intermediate (25-75 km)
1329,-8.25,116.11,12,4.329594841,2010-11-11 08:05:42,401.9795943907138,9087.95484632673,42.8411250374951,pre-sequence,intermediate (25-75 km)
1330,-8.23,116.07,10,4.281031718,2010-11-11 08:06:55,397.5686727382471,9090.156142778738,47.72282492955645,pre-sequence,intermediate (25-75 km)
1337,-8.18,116.06,18,4.034166124,2010-11-15 12:52:54,396.4542204386623,9095.68192072415,50.81569504991976,pre-sequence,intermediate (25-75 km)
1338,-8.3,116.09,10,3.941301191,2010-11-15 13:12:09,399.789349979597,9082.4215557499,43.608234828690854,pre-sequence,intermediate (25-75 km)
1339,-8.24,116.1,10,4.425265091,2010-11-15 23:26:42,400.87566371798306,9089.058037722561,44.23926363418091,pre-sequence,intermediate (25-75 km)
1352,-8.62,116.3,14,3.706690144,2010-11-22 05:08:58,422.9797560144088,9047.088617199981,34.1266829775243,pre-sequence,intermediate (25-75 km)
1519,-8.28,116.11,23,4.253963445,2011-03-30 13:09:15,401.9870016627248,9084.637870547473,41.92064232074337,pre-sequence,intermediate (25-75 km)
1524,-8.3,116.01,15,3.80399654,2011-04-05 17:02:01,390.9788107536399,9082.400465602152,52.29213132746182,pre-sequence,intermediate (25-75 km)
1529,-8.79,115.88,10,3.781446453,2011-04-12 11:16:56,376.8186312579622,9028.180708296726,80.82773426135411,pre-sequence,far field (>75 km)
1530,-8.18,116.06,10,4.269562198,2011-04-12 12:35:05,396.4542204386623,9095.68192072415,50.81569504991976,pre-sequence,intermediate (25-75 km)
1531,-8.01,116.08,10,4.131386048,2011-04-12 17:14:59,398.6150038564346,9114.48320219865,59.502527605537125,pre-sequence,intermediate (25-75 km)
1532,-8.25,116.02,25,4.229091327,2011-04-12 20:42:03,392.0665282497308,9087.931631468493,52.34197695574114,pre-sequence,intermediate (25-75 km)
1539,-8.05,116.13,10,3.521686762,2011-04-15 09:27:32,404.13486112830014,9110.072636185834,52.43894287407562,pre-sequence,intermediate (25-75 km)
1547,-8.32,115.83,26,3.897688751,2011-04-19 11:36:12,371.1608501744885,9080.135006095137,71.72723294729842,pre-sequence,intermediate (25-75 km)
1548,-8.31,116.02,20,4.279798144,2011-04-25 16:11:20,392.08287099347706,9081.297510946386,51.04660835470166,pre-sequence,intermediate (25-75 km)
1560,-8.61,115.97,14,3.932056826,2011-05-04 23:13:41,386.66407593516914,9048.1121647914,62.113118253302964,pre-sequence,intermediate (25-75 km)
1568,-8.6,116.64,10,3.523114402,2011-05-17 07:33:23,460.38820577128325,9049.351626628406,31.04362864994875,pre-sequence,intermediate (25-75 km)
1570,-8.65,116.14,10,3.568792324,2011-05-17 12:42:12,405.38145147709446,9043.735680612295,48.65566065875662,pre-sequence,intermediate (25-75 km)
1578,-8.74,115.77,13,3.746973283,2011-05-22 22:26:53,364.70066725463505,9033.671797983565,88.24721944153855,pre-sequence,far field (>75 km)
1584,-8.36,116.96,10,4.052483646,2011-05-31 00:42:18,495.5959854808334,9075.903017092673,52.81744672364625,pre-sequence,intermediate (25-75 km)
1589,-8.89,116.56,12,3.8200998,2011-06-05 16:58:48,451.62286867894034,9017.280373432448,58.48640178462003,pre-sequence,intermediate (25-75 km)
1600,-8.9,116.15,30,3.878988301,2011-06-24 04:09:12,406.5443087776299,9016.096259685411,69.20438305523066,pre-sequence,intermediate (25-75 km)
1651,-8.23,116.06,12,3.646123569,2011-08-21 14:12:26,396.46716570899474,9090.15356943208,48.76426137385629,pre-sequence,intermediate (25-75 km)
1677,-8.87,116.92,11,3.260336484,2011-09-01 04:07:22,491.2037615056841,9019.519263114998,73.69545033539687,pre-sequence,intermediate (25-75 km)
1700,-7.98,116.3,10,3.816551943,2011-09-16 05:12:55,422.8549564026849,9117.84775349974,47.677182046256185,pre-sequence,intermediate (25-75 km)
1718,-8.69,116.91,31,3.755775451,2011-09-25 20:07:37,490.09945947420476,9039.419099273884,59.17738212995069,pre-sequence,intermediate (25-75 km)
1800,-8.56,117.23,20,3.739803149,2011-10-20 19:33:29,525.3100888561088,9053.78486433835,85.15021621223462,pre-sequence,far field (>75 km)
1804,-8.66,116.95,12,3.297071,2011-10-21 03:53:45,494.49926465960016,9042.736571741221,60.91984506679919,pre-sequence,intermediate (25-75 km)
1935,-8.83,116.71,10,3.375837486,2011-11-19 12:50:07,468.11007118459554,9023.930074359292,57.05901480483251,pre-sequence,intermediate (25-75 km)
2039,-7.96,116.51,11,3.995339522,2011-12-29 04:08:32,445.9965106951294,9120.092227369712,45.70934445483809,pre-sequence,intermediate (25-75 km)
2043,-8.24,116.87,42,3.46671231,2011-12-29 20:43:52,485.6825968865529,9089.167294234005,45.280583717631536,pre-sequence,intermediate (25-75 km)
2044,-8.64,116.82,10,3.597755773,2011-12-29 20:51:27,480.19627915151796,9044.943363087648,47.952125160043565,pre-sequence,intermediate (25-75 km)
2070,-8.49,117.2,17,3.983427703,2012-01-12 06:13:58,522.0127636031335,9061.525564510464,80.31155350349539,pre-sequence,far field (>75 km)
2094,-8.2,116.85,10,3.458866003,2012-01-18 11:29:31,483.4782597180976,9093.588647020168,44.88713406855841,pre-sequence,intermediate (25-75 km)
2131,-8.3,116.79,10,3.753819219,2012-01-24 01:16:24,476.875353457303,9082.530323761153,34.98323465666554,pre-sequence,intermediate (25-75 km)
2280,-8.9,115.82,25,3.447326391,2012-02-26 04:49:45,370.2572809501026,9015.996796361942,93.47502379082206,pre-sequence,far field (>75 km)
2481,-8.77,117.02,20,3.779094229,2012-05-02 19:03:21,502.1996507058212,9030.575766022006,74.18654964109331,pre-sequence,intermediate (25-75 km)
2628,-8.52,116.03,10,3.618242138,2012-07-10 11:41:25,393.2417007076908,9058.08071098488,52.22994712684606,pre-sequence,intermediate (25-75 km)
2672,-8.4,115.83,13,3.848998402,2012-07-27 08:17:01,371.18711751732246,9071.288946872775,71.5818652273578,pre-sequence,intermediate (25-75 km)
2680,-8.49,116.58,10,3.525152071,2012-08-01 19:17:47,453.7728882007166,9061.506222045207,17.29253707789437,pre-sequence,near field (<=25 km)
2698,-8.62,116.54,11,3.586043037,2012-08-12 04:40:59,449.3873846743965,9047.128685065578,28.571132192874995,pre-sequence,intermediate (25-75 km)
2744,-8.49,116.07,12,3.730522838,2012-09-03 04:45:50,397.63652142772753,9061.408577898952,47.029951837071145,pre-sequence,intermediate (25-75 km)
2976,-8.3,116.72,10,3.828908522,2012-09-24 05:15:08,469.1670861413173,9082.525565607428,27.52823677685611,pre-sequence,intermediate (25-75 km)
3017,-7.96,117.17,35,3.594973058,2012-10-05 13:54:53,518.7357099576479,9120.12035732498,88.5794731975826,pre-sequence,far field (>75 km)
3029,-8.36,116.23,17,4.165794755,2012-10-08 13:18:27,415.22026654792614,9075.820409902937,27.525460114052756,pre-sequence,intermediate (25-75 km)
3031,-8.32,116.24,10,3.393640792,2012-10-09 09:38:29,416.3128554074675,9080.245058771194,26.983214038564327,pre-sequence,intermediate (25-75 km)
3064,-8.17,116.4,14,3.912447825,2012-10-19 14:15:33,433.9070001022554,9096.859127573694,23.91791786700648,pre-sequence,near field (<=25 km)
3074,-8.31,115.77,15,3.989638877,2012-10-23 15:00:22,364.5493255360196,9081.22075487152,78.39788401252355,pre-sequence,far field (>75 km)
3082,-8.53,115.84,15,3.545932748,2012-10-25 01:49:28,372.3310751935487,9056.917347470218,72.60569393584925,pre-sequence,intermediate (25-75 km)
3094,-8.72,116.78,19,3.817781955,2012-10-27 21:15:21,475.80055858028294,9036.096566318525,51.01808124579326,pre-sequence,intermediate (25-75 km)
3110,-7.9,117.21,10,3.326634121,2012-11-03 14:16:47,523.1474837162835,9126.751446524662,95.85531497440142,pre-sequence,far field (>75 km)
3120,-8.34,116.95,10,3.762338305,2012-11-05 00:23:44,494.4947014038176,9078.113961311048,51.81444036788072,pre-sequence,intermediate (25-75 km)
3125,-8.63,116.43,57,3.862437062,2012-11-06 07:51:32,437.28567062154895,9046.006776321608,29.42894609989383,pre-sequence,intermediate (25-75 km)
3171,-8.27,116.02,10,3.77211286,2012-11-18 08:49:00,392.071962758913,9085.72026010504,51.81842530653992,pre-sequence,intermediate (25-75 km)
3325,-8.02,117.12,10,3.38679793,2013-01-27 16:12:45,513.2232665616302,9113.489184818154,80.47441809151823,pre-sequence,far field (>75 km)
3406,-8.87,116.87,10,3.796002609,2013-02-20 09:10:02,485.70610514032256,9019.517709620697,70.20990492767154,pre-sequence,intermediate (25-75 km)
3516,-8.3,116.74,10,3.995298936,2013-04-02 00:33:09,471.36945227694963,9082.527063806014,29.645382905223016,pre-sequence,intermediate (25-75 km)
3643,-8.44,116.04,16,5.072359857,2013-06-22 05:42:37,394.3205438960182,9066.928988301383,49.02215936443262,pre-sequence,intermediate (25-75 km)
3644,-8.27,116.07,10,3.792259628,2013-06-22 09:23:57,397.57897456242887,9085.73346429133,46.46034481433108,pre-sequence,intermediate (25-75 km)
3653,-8.3,116.04,10,3.825800986,2013-07-01 09:38:32,394.28278610743223,9082.408582629068,49.03075006707932,pre-sequence,intermediate (25-75 km)
3660,-8.43,117.2,10,4.406022159,2013-07-18 08:09:37,522.0161700858747,9068.158847820196,79.48197659573967,pre-sequence,far field (>75 km)
3661,-8.44,117.19,10,4.908308171,2013-07-18 15:43:10,520.9148198153022,9067.053851884002,78.48735155963293,pre-sequence,far field (>75 km)
3662,-8.46,117.23,10,4.50538924,2013-07-18 19:33:00,525.3166562901799,9064.840385694482,83.10310530865618,pre-sequence,far field (>75 km)
3676,-8.09,116.16,11,5.805703489,2013-08-21 04:43:14,407.44989153880164,9105.657008618726,47.00554181915737,pre-sequence,intermediate (25-75 km)
3689,-8.32,117.25,11,4.221043185,2013-09-05 17:51:56,527.5279715561875,9080.316686295948,84.89578774887346,pre-sequence,far field (>75 km)
3727,-8.81,115.89,10,3.775230039,2013-09-24 08:33:41,377.92515294768657,9025.972461012665,81.25087934514667,pre-sequence,far field (>75 km)
3733,-8.43,116.92,17,3.832915674,2013-09-29 20:09:39,491.19354643946406,9068.16357973592,48.85856097136136,pre-sequence,intermediate (25-75 km)
3881,-7.97,117.2,23,4.183989493,2013-12-07 15:12:46,522.041489004853,9119.01335881309,90.87614874079506,pre-sequence,far field (>75 km)
3888,-8.4,116.83,16,3.62665273,2013-12-09 07:17:16,481.28482548507884,9071.477039711392,38.646447380530496,pre-sequence,intermediate (25-75 km)
3890,-8.56,116.98,23,3.582367787,2013-12-10 10:46:46,497.79912835226753,9053.792368610988,58.910478436503894,pre-sequence,intermediate (25-75 km)
3903,-8.31,116.06,10,4.224239521,2013-12-15 14:19:37,396.48804115347673,9081.308179547243,46.68714055282486,pre-sequence,intermediate (25-75 km)
3950,-8.06,116.6,10,3.768768435,2014-01-30 07:31:23,455.9264475905319,9109.047475350475,36.91369426903215,pre-sequence,intermediate (25-75 km)
3966,-8.28,115.98,14,3.778517135,2014-02-18 15:50:41,387.66912971014443,9084.603499276014,55.91446879268118,pre-sequence,intermediate (25-75 km)
4030,-8.27,116.07,13,3.522717369,2014-03-20 12:11:52,397.57897456242887,9085.73346429133,46.46034481433108,pre-sequence,intermediate (25-75 km)
4035,-8.62,116.85,10,3.797112064,2014-03-21 11:08:05,483.4960386575982,9047.155899112602,49.279844705918144,pre-sequence,intermediate (25-75 km)
4069,-8.25,117.2,10,4.14167065,2014-03-31 12:20:31,522.0262455454127,9088.058577056358,80.33562274199119,pre-sequence,far field (>75 km)
4070,-8.36,117.22,10,4.346800306,2014-03-31 12:24:09,524.222135346127,9075.896479374152,81.41643686281233,pre-sequence,far field (>75 km)
4075,-8.39,117.2,10,3.522956474,2014-04-02 04:10:42,522.0184277435903,9072.581025457654,79.23676726855547,pre-sequence,far field (>75 km)
4076,-8.53,117.14,10,3.545283196,2014-04-02 07:15:27,515.4073201416547,9057.106270372904,74.74032993466744,pre-sequence,intermediate (25-75 km)
4089,-8.4,117.2,10,3.801709158,2014-04-06 09:13:55,522.0178643290428,9071.475481888054,79.2747501659286,pre-sequence,far field (>75 km)
4132,-8.48,117.14,14,3.888581138,2014-04-25 10:38:48,515.4093177432325,9062.634002635068,73.61985346488879,pre-sequence,intermediate (25-75 km)
4151,-8.65,116.38,12,3.613295477,2014-05-12 18:30:38,431.7878102461002,9043.786976900994,33.01964985829648,pre-sequence,intermediate (25-75 km)
4261,-8.42,116.76,10,3.207135181,2014-07-30 08:35:01,473.5798946521666,9069.261917287038,31.29873362588549,pre-sequence,intermediate (25-75 km)
4272,-8.27,116.09,10,3.582613096,2014-08-07 03:52:32,399.78175797670303,9085.738552312301,44.32693302068991,pre-sequence,intermediate (25-75 km)
4283,-8.88,116.4,10,3.456336161,2014-08-19 13:36:13,434.02886196043113,9018.361322287758,57.38735795527075,pre-sequence,intermediate (25-75 km)
4288,-8.28,116.15,10,4.417725629,2014-08-21 10:22:11,406.39239944910213,9084.647504640252,37.66161493522915,pre-sequence,intermediate (25-75 km)
4289,-8.34,116.17,14,3.57378008,2014-08-21 16:48:47,408.60897187802635,9078.018289990207,34.26733821402794,pre-sequence,intermediate (25-75 km)
4326,-8.33,116.02,14,4.430118054,2014-09-17 16:41:32,392.08834471760537,9079.086133141105,50.802525509793156,pre-sequence,intermediate (25-75 km)
4335,-8.33,116.94,10,4.272189143,2014-09-22 18:42:34,493.393473505924,9079.219342320348,50.80252550979161,pre-sequence,intermediate (25-75 km)
4402,-8.45,115.95,10,3.628983768,2014-11-08 03:57:00,384.4150483138279,9065.797757605405,58.97433989005985,pre-sequence,intermediate (25-75 km)
4656,-8.34,116.71,10,3.471689111,2015-03-01 05:24:15,468.0691405705186,9078.102588658598,25.522342466783417,pre-sequence,intermediate (25-75 km)
4663,-8.44,117.19,10,3.942205036,2015-03-04 16:04:39,520.9148198153022,9067.053851884002,78.48735155963293,pre-sequence,far field (>75 km)
4700,-7.9,116.14,10,3.336171575,2015-03-18 14:01:53,405.20230023647036,9126.659486665847,64.28033886214001,pre-sequence,intermediate (25-75 km)
4802,-8.36,116.57,10,3.442424618,2015-04-15 23:14:58,452.65641911665034,9075.877410590912,9.963320543793103,pre-sequence,near field (<=25 km)
4803,-8.38,116.55,13,3.911061637,2015-04-16 02:50:11,450.4568773813846,9073.663814749798,7.7805067948946585,pre-sequence,near field (<=25 km)
4805,-8.63,115.77,29,3.553704441,2015-04-16 09:41:09,364.6612304376404,9045.835580410869,83.26158296136263,pre-sequence,far field (>75 km)
4851,-8.51,116.02,16,3.965021043,2015-05-02 18:43:13,392.13819632644555,9059.183635208692,52.936431894149706,pre-sequence,intermediate (25-75 km)
4856,-8.43,116.03,13,4.570052285,2015-05-04 10:21:24,393.2168693122148,9068.031958492338,49.94850337015095,pre-sequence,intermediate (25-75 km)
4857,-8.67,115.86,23,3.669068897,2015-05-04 10:54:18,374.57861080203753,9041.443273853352,75.9031833836568,pre-sequence,far field (>75 km)
4858,-8.32,116.05,17,3.491586468,2015-05-04 19:02:24,395.3894047161762,9080.199874863612,47.6331467244234,pre-sequence,intermediate (25-75 km)
4860,-8.46,116.01,13,3.478133021,2015-05-05 18:41:24,391.0233644626296,9064.709339982852,52.65865075316544,pre-sequence,intermediate (25-75 km)
4861,-8.47,116.06,24,3.126229164,2015-05-06 05:10:52,396.53039379313753,9063.61729589502,47.51780876697801,pre-sequence,intermediate (25-75 km)
4886,-8.33,116.04,11,3.408630852,2015-05-18 20:43:20,394.2908242509644,9079.09153563932,48.61103276453064,pre-sequence,intermediate (25-75 km)
4892,-8.3,116.06,12,3.328523573,2015-05-19 15:40:52,396.4854207520059,9082.413855164023,46.85954799540523,pre-sequence,intermediate (25-75 km)
4904,-8.34,116.59,10,3.946661077,2015-05-25 23:08:20,454.8561854846575,9078.09088127364,12.552977543783422,pre-sequence,near field (<=25 km)
4915,-8.73,115.82,24,3.899626611,2015-06-02 15:29:52,370.19794376714054,9034.795161069937,82.88089114872083,pre-sequence,far field (>75 km)
4944,-8.45,117.22,11,3.635529846,2015-06-16 18:11:52,524.216550931575,9065.946569925545,81.88403656899378,pre-sequence,far field (>75 km)
4958,-8.29,116.1,10,4.534863105,2015-06-28 11:37:42,400.8881479400416,9083.529730207512,42.7441768294696,pre-sequence,intermediate (25-75 km)
5013,-8.28,117.06,25,3.334812034,2015-07-28 20:36:32,506.60736260808545,9084.747005578758,64.59341242123536,pre-sequence,intermediate (25-75 km)
5077,-8.89,116.3,10,3.912790821,2015-09-03 05:54:22,423.0352716711704,9017.236421182937,61.1137525216458,pre-sequence,intermediate (25-75 km)
5082,-8.28,116.04,10,3.919033466,2015-09-08 13:26:32,394.2774433505187,9084.61994459734,49.43379231943653,pre-sequence,intermediate (25-75 km)
5087,-8.32,116.15,15,3.64561132,2015-09-09 16:51:54,406.40187144602066,9080.224907953612,36.729041193816485,pre-sequence,intermediate (25-75 km)
5109,-8.28,116.34,10,3.423148541,2015-09-20 13:14:53,427.3174730077848,9084.687215815517,18.368752340892808,pre-sequence,near field (<=25 km)
5127,-8.13,116.88,29,3.774904695,2015-09-30 02:05:42,486.78031110970664,9101.328444518635,51.47560396852116,pre-sequence,intermediate (25-75 km)
5141,-8.42,117.1,15,3.912350852,2015-10-08 18:46:27,511.00835159414737,9069.268613129383,68.42838544363558,pre-sequence,intermediate (25-75 km)
5209,-8.38,115.87,16,3.559531232,2015-11-13 21:47:54,375.58517206611197,9073.513350868061,67.1147815552784,pre-sequence,intermediate (25-75 km)
5210,-8.3,116.07,10,3.572263651,2015-11-14 01:33:15,397.58673349405626,9082.4164497878,45.77499291989271,pre-sequence,intermediate (25-75 km)
5211,-8.25,116.06,10,3.727769711,2015-11-14 01:34:23,396.47236576209,9087.942225179428,48.09937889230469,pre-sequence,intermediate (25-75 km)
5214,-7.96,117.23,12,3.238907553,2015-11-17 05:17:48,525.348343374026,9120.117160814249,94.30294909265889,pre-sequence,far field (>75 km)
5236,-8.24,116.22,10,4.125052159,2015-11-24 21:42:21,414.0930907825557,9089.085811956562,32.05223118683625,pre-sequence,intermediate (25-75 km)
5300,-8.43,117.07,10,3.571296137,2015-12-18 07:26:26,507.70564630008704,9068.163790981229,65.24322510734967,pre-sequence,intermediate (25-75 km)
5349,-8.66,116.26,13,3.953613209,2016-01-14 19:28:15,418.58695152802323,9042.657768419795,40.3131464459721,pre-sequence,intermediate (25-75 km)
5350,-8.4,115.94,13,3.74219047,2016-01-15 22:05:07,383.29913128866895,9071.323383809655,59.49699372710126,pre-sequence,intermediate (25-75 km)
5381,-8.21,116.81,10,4.130200957,2016-02-03 14:42:50,479.07297156254424,9092.481250095812,40.435223026043495,pre-sequence,intermediate (25-75 km)
5407,-8.35,117.17,10,3.768873434,2016-02-14 12:00:35,518.7175633537522,9077.004742969064,75.94179024704015,pre-sequence,far field (>75 km)
5408,-8.6,117.05,10,3.910566004,2016-02-14 12:04:55,505.5016039451661,9049.369876642802,67.70356232356937,pre-sequence,intermediate (25-75 km)
5409,-8.35,117.17,10,3.487642208,2016-02-14 16:40:11,518.7175633537522,9077.004742969064,75.94179024704015,pre-sequence,far field (>75 km)
5410,-8.47,115.85,26,3.960819069,2016-02-15 17:39:35,373.41212668903825,9063.55518370988,70.1841532313404,pre-sequence,intermediate (25-75 km)
5449,-8.47,116.06,21,3.952795134,2016-02-29 17:11:53,396.53039379313753,9063.61729589502,47.51780876697801,pre-sequence,intermediate (25-75 km)
5465,-8.78,116.95,10,3.745842042,2016-03-05 10:58:25,494.5010198546999,9029.469899496024,68.91286587399847,pre-sequence,intermediate (25-75 km)
5539,-8.51,116.71,10,3.983878651,2016-03-30 00:00:54,468.0830781818972,9059.308197647004,29.703903668063347,pre-sequence,intermediate (25-75 km)
5544,-8.5,116.06,13,4.623892592,2016-03-31 09:34:44,396.53842421596755,9060.300239628368,48.405474270612395,pre-sequence,intermediate (25-75 km)
5592,-8.63,117.05,11,3.561173066,2016-04-21 09:07:57,505.5011703922754,9046.053226779226,69.03056528967866,pre-sequence,intermediate (25-75 km)
5671,-8.33,117.14,14,4.190283733,2016-05-23 07:19:19,515.4152405634367,9079.217115004496,72.74677884971517,pre-sequence,intermediate (25-75 km)
5710,-8.45,116.04,15,3.875799042,2016-06-08 09:13:41,394.3232648836649,9065.823298910811,49.2103449700578,pre-sequence,intermediate (25-75 km)
5827,-7.97,117.19,10,3.781860089,2016-07-24 12:45:51,520.9394105410995,9119.013878881438,89.91794225645525,pre-sequence,far field (>75 km)
5875,-8.73,115.91,10,4.065430375,2016-08-18 21:03:36,380.0992950848072,9034.824934967228,74.36915881209252,pre-sequence,intermediate (25-75 km)
5894,-8.29,116.03,10,4.07158269,2016-08-28 16:46:58,393.1787633045016,9083.511589106154,50.30261853973408,pre-sequence,intermediate (25-75 km)
5912,-8.25,116.78,10,3.952749589,2016-09-03 11:36:38,475.77111992596167,9088.057418624032,35.60321724142002,pre-sequence,intermediate (25-75 km)
5929,-8.51,116.86,10,3.525022854,2016-09-10 03:59:49,484.5918794182288,9059.31736497776,44.60138937523397,pre-sequence,intermediate (25-75 km)
5990,-8.72,116.93,20,3.356107151,2016-10-06 06:08:27,492.3001940626929,9036.102896805876,62.95327629520481,pre-sequence,intermediate (25-75 km)
6010,-8.78,115.92,11,3.780815334,2016-10-20 22:42:49,381.21529156935185,9029.299366135278,76.61375642132967,pre-sequence,far field (>75 km)
6067,-8.48,115.92,21,4.557088001,2016-11-23 16:21:33,381.12145505630934,9062.471544687705,62.79983287716212,pre-sequence,intermediate (25-75 km)
6080,-8.76,115.89,10,3.592657815,2016-12-02 07:44:35,377.9087922364502,9031.501253784714,78.0329746252406,pre-sequence,far field (>75 km)
6087,-8.3,116.98,10,3.457924768,2016-12-04 16:59:21,497.79765742434665,9082.536385839487,55.558146250542165,pre-sequence,intermediate (25-75 km)
6098,-8.59,116.93,10,3.997656662,2016-12-08 07:50:13,492.2975517157721,9050.475081233704,55.206485774800115,pre-sequence,intermediate (25-75 km)
6110,-8.42,115.79,20,3.521204974,2016-12-18 05:42:52,366.7894695064891,9069.064030391637,76.10573947985996,pre-sequence,far field (>75 km)
6170,-8.53,116.85,23,4.020784119,2017-01-29 02:04:03,483.4921546518792,9057.105857261464,44.41451467413325,pre-sequence,intermediate (25-75 km)
6172,-8.48,116.86,14,4.139075686,2017-01-29 19:41:10,484.5906822567676,9062.634002635068,43.55097654246532,pre-sequence,intermediate (25-75 km)
6253,-8.02,116.97,20,3.294538956,2017-03-15 22:56:57,496.6941855518378,9113.490996040573,66.50541982524153,pre-sequence,intermediate (25-75 km)
6322,-8.67,116.88,17,3.320651252,2017-04-18 07:38:47,486.7985763593416,9041.629296753867,55.20552489656429,pre-sequence,intermediate (25-75 km)
6426,-8.23,115.96,26,3.828319253,2017-05-29 07:41:39,385.4519225690451,9090.126321492357,59.295682143672316,pre-sequence,intermediate (25-75 km)
6429,-8.41,117.13,10,3.971546914,2017-06-01 04:54:13,514.3112289869093,9070.373183459418,71.64137615990063,pre-sequence,intermediate (25-75 km)
6430,-8.8,117.11,30,3.497885163,2017-06-01 05:31:17,512.097113277666,9027.257369818884,84.16755686518978,pre-sequence,far field (>75 km)
6471,-8.06,116.43,25,3.714341789,2017-06-23 09:19:29,437.1946792745726,9109.025242856827,34.90687541148628,pre-sequence,intermediate (25-75 km)
6625,-8.11,116.29,54,3.683263238,2017-09-21 05:03:15,421.7777574232731,9103.473070762779,35.67926557212905,pre-sequence,intermediate (25-75 km)
7083,-7.9,116.43,26,3.677981531,2017-10-19 07:27:33,437.17024794210846,9126.71432073885,52.55062416756195,pre-sequence,intermediate (25-75 km)
7086,-8.39,115.9,21,3.58136408,2017-10-20 16:07:53,378.8917131971221,9072.416988091063,63.84322117220222,pre-sequence,intermediate (25-75 km)
7138,-8.26,115.96,10,4.055226734,2017-11-13 17:09:18,385.46055807525005,9086.809207736287,58.50637545090053,pre-sequence,intermediate (25-75 km)
7233,-8.17,116.05,14,3.422928811,2017-12-13 22:47:19,395.34996548244436,9096.785006950195,52.28223205793112,pre-sequence,intermediate (25-75 km)
7265,-8.41,116.96,10,4.216292843,2017-12-30 01:18:54,495.59654822334085,9070.375333198685,52.98934515687012,pre-sequence,intermediate (25-75 km)
7266,-8.4,116.96,10,3.962447221,2017-12-30 02:53:13,495.59643540819593,9071.480871096319,52.90829315307506,pre-sequence,intermediate (25-75 km)
7286,-8.89,116.87,10,4.061628511,2018-01-03 05:16:20,485.7068795791243,9017.306574188504,71.98308381897547,pre-sequence,intermediate (25-75 km)
7287,-8.88,116.89,10,3.329568932,2018-01-03 06:14:09,487.9054961778827,9018.412853144313,72.44059323483792,pre-sequence,intermediate (25-75 km)
7293,-8.79,117.0,23,3.256512798,2018-01-04 11:10:15,500.0,9028.364706338889,73.82373535243691,pre-sequence,intermediate (25-75 km)
7328,-8.87,116.91,12,3.508198223,2018-01-10 13:45:37,490.1042308749344,9019.519011597149,72.9785385073422,pre-sequence,intermediate (25-75 km)
7337,-8.62,116.28,57,3.811355049,2018-01-13 01:11:03,420.7790677809318,9047.084529660407,35.44782790929947,pre-sequence,intermediate (25-75 km)
7344,-8.88,117.02,15,3.373845595,2018-01-15 00:16:15,502.1989994425771,9018.414586067485,82.099202271151,pre-sequence,far field (>75 km)
7363,-8.16,116.74,28,3.538197031,2018-01-20 17:03:40,471.35939828668705,9098.004608756597,36.92994196360199,pre-sequence,intermediate (25-75 km)
7392,-8.29,116.73,13,4.484906106,2018-02-01 22:02:41,470.267518030476,9083.631871935557,28.90815803673958,pre-sequence,intermediate (25-75 km)
7393,-7.95,115.84,21,4.650714764,2018-02-02 05:59:14,372.14495887990444,9121.050692774716,84.51882817847682,pre-sequence,far field (>75 km)
7395,-8.36,115.97,10,3.492416459,2018-02-02 15:26:17,386.59074529385134,9075.755019589957,56.117116615466294,pre-sequence,intermediate (25-75 km)
7471,-8.9,116.9,10,3.220178163,2018-02-21 04:05:23,489.00559403617194,9016.202029795388,74.86666899683786,pre-sequence,intermediate (25-75 km)
7573,-8.78,116.93,10,3.297575665,2018-03-16 07:12:04,492.3014268962126,9029.46954790163,67.27955605384264,pre-sequence,intermediate (25-75 km)
7630,-8.16,116.4,14,3.894084546,2018-04-02 21:18:19,433.9053557352646,9097.96471051493,24.955208471580754,pre-sequence,near field (<=25 km)
7637,-8.79,116.97,10,4.155271963,2018-04-05 02:41:45,496.7007005791627,9028.364574345645,71.29968943955248,pre-sequence,intermediate (25-75 km)
7706,-8.69,116.14,17,3.824070994,2018-04-29 17:13:13,405.3914591551459,9039.312990985549,51.61365788770584,pre-sequence,intermediate (25-75 km)
7710,-8.48,115.84,28,4.00615668,2018-05-02 16:11:36,372.3145181463773,9062.446154651268,71.45146509152556,pre-sequence,intermediate (25-75 km)
7744,-7.97,117.23,18,4.380052539,2018-05-21 11:57:47,525.3477284258818,9119.011638583392,93.76953697966442,pre-sequence,far field (>75 km)
7782,-8.79,116.9,10,3.102643779,2018-06-03 07:01:33,489.00233038755465,9028.363239745631,65.67779873517257,pre-sequence,intermediate (25-75 km)
7804,-8.34,116.09,12,4.28699463,2018-06-13 11:23:41,399.79951513028715,9077.998886108287,43.03524795005563,pre-sequence,intermediate (25-75 km)
7805,-8.23,116.82,18,3.682252297,2018-06-13 13:14:29,480.17539085004165,9090.270692652075,40.51998326858456,pre-sequence,intermediate (25-75 km)
7806,-8.54,116.92,26,4.297474123,2018-06-13 15:47:35,491.19605183678,9056.002604723157,51.95486701150208,pre-sequence,intermediate (25-75 km)
7884,-8.02,117.2,22,3.82576,2018-07-14 20:13:05,522.0388053170955,9113.485750186943,88.28380971047561,pre-sequence,far field (>75 km)
7891,-8.61,117.07,12,3.77108,2018-07-16 05:32:44,507.70204433418405,9048.26398226806,70.15968108864627,pre-sequence,intermediate (25-75 km)
7926,-8.35,116.5,13,6.43545,2018-07-28 22:47:38,444.9477471762118,9076.973891453725,3.128402461333906,main sequence,near field (<=25 km)
7927,-8.3,116.58,13,4.79814,2018-07-28 22:55:38,453.75040720238457,9082.511970657251,13.477019046482782,main sequence,near field (<=25 km)
7928,-8.32,116.52,11,5.19544,2018-07-28 22:56:46,447.1458600248577,9080.29333988058,7.0906259234007125,main sequence,near field (<=25 km)
7929,-8.34,116.55,12,4.2632,2018-07-28 23:03:41,450.4518274440859,9078.08608674968,8.392486034285591,main sequence,near field (<=25 km)
7930,-8.34,116.51,13,5.03652,2018-07-28 23:05:39,446.04744611359854,9078.08084617625,4.69263343515315,main sequence,near field (<=25 km)
7931,-8.31,116.49,10,5.43382,2018-07-28 23:06:49,443.84097141056606,9081.394784876578,6.761800085730278,main sequence,near field (<=25 km)
7932,-8.42,116.66,10,4.9,2018-07-28 23:15:55,462.571411224621,9069.253758379728,20.56636971316457,main sequence,near field (<=25 km)
7933,-8.43,116.46,10,5.2,2018-07-28 23:16:01,440.5556091796347,9068.123413520065,7.025076751634338,main sequence,near field (<=25 km)
7934,-8.34,116.58,16,4.71868,2018-07-28 23:19:36,453.75509804471903,9078.08972445914,11.496104273418322,main sequence,near field (<=25 km)
7935,-8.59,116.44,21,3.88044,2018-07-28 23:24:52,438.3794848367133,9050.430804629985,24.855288523330195,main sequence,near field (<=25 km)
7936,-8.43,116.49,10,3.66172,2018-07-28 23:27:52,443.858161843071,9068.127849971557,6.761772508950773,main sequence,near field (<=25 km)
7938,-8.36,116.55,12,3.88044,2018-07-28 23:29:38,450.4543494126366,9075.874951857877,7.780702515487229,main sequence,near field (<=25 km)
7939,-8.29,116.28,26,3.77108,2018-07-28 23:33:21,420.71165102808845,9083.570140178728,23.73443921134541,main sequence,near field (<=25 km)
7940,-8.87,116.24,10,3.93512,2018-07-28 23:36:39,416.4334105478758,9019.434747112246,61.54070941876636,main sequence,intermediate (25-75 km)
7941,-8.3,116.57,10,4.31788,2018-07-28 23:38:04,452.6492067069309,9082.510791487684,12.594900104008552,main sequence,near field (<=25 km)
7942,-8.26,116.48,11,4.8776,2018-07-28 23:39:20,442.73255563236785,9086.921228775267,12.231441930901408,main sequence,near field (<=25 km)
7943,-8.36,116.43,27,3.82576,2018-07-28 23:46:32,437.241799892459,9075.85785218753,5.611863601266976,main sequence,near field (<=25 km)
7944,-8.66,116.45,23,3.66172,2018-07-28 23:49:56,439.49102550085945,9042.693203052144,32.41484999899433,main sequence,intermediate (25-75 km)
7945,-8.26,116.64,10,3.77108,2018-07-28 23:51:45,460.3535812913455,9086.940669950573,21.43629513116155,main sequence,near field (<=25 km)
7946,-8.54,116.51,10,3.88044,2018-07-28 23:57:42,446.0752017816933,9055.96927491563,19.18895284955104,main sequence,near field (<=25 km)
7947,-8.49,116.54,10,3.60704,2018-07-29 00:02:24,449.3702190039987,9061.501230334128,14.886267456205884,main sequence,near field (<=25 km)
7948,-8.49,116.45,10,3.77108,2018-07-29 00:03:30,439.4641232883086,9061.488339604177,13.74535580458153,main sequence,near field (<=25 km)
7949,-8.32,116.48,12,4.5366,2018-07-29 00:05:30,442.74123619591876,9080.287777754758,5.559746332227768,main sequence,near field (<=25 km)
7950,-8.42,116.54,13,3.88044,2018-07-29 00:09:32,449.3610832485535,9069.240253721171,8.629804964436925,main sequence,near field (<=25 km)
7951,-8.48,116.46,10,3.77108,2018-07-29 00:12:10,440.5632697492594,9062.59547479582,12.427699995369693,main sequence,near field (<=25 km)
7952,-8.34,116.58,10,3.82576,2018-07-29 00:14:02,453.75509804471903,9078.08972445914,11.496104273418322,main sequence,near field (<=25 km)
7953,-8.35,116.57,16,4.48192,2018-07-29 00:18:33,452.655213464726,9076.982975455867,10.147884711017632,main sequence,near field (<=25 km)
7954,-8.24,116.58,10,3.88044,2018-07-29 00:22:13,453.74341294673553,9089.145323448074,18.166460367597434,main sequence,near field (<=25 km)
7955,-8.28,116.61,10,4.15384,2018-07-29 00:26:09,457.0518305858967,9084.726453577427,17.456439166570416,main sequence,near field (<=25 km)
7956,-8.2,116.6,10,4.31788,2018-07-29 00:32:02,455.9417288748727,9093.569796137512,23.058135513392475,main sequence,near field (<=25 km)
7957,-8.74,116.39,23,3.82576,2018-07-29 00:36:02,432.904062944505,9033.838223862924,42.31558316341306,main sequence,intermediate (25-75 km)
7958,-8.31,116.49,11,4.5366,2018-07-29 00:37:34,443.84097141056606,9081.394784876578,6.761800085730278,main sequence,near field (<=25 km)
7959,-8.3,116.62,16,4.42724,2018-07-29 00:43:54,458.15519591511463,9082.516409861348,17.25784342140158,main sequence,near field (<=25 km)
7960,-8.52,116.39,12,3.93512,2018-07-29 00:46:14,432.86520378914247,9058.16165848786,19.39556233968715,main sequence,near field (<=25 km)
7961,-8.27,116.5,14,4.20852,2018-07-29 00:49:11,444.93659163412997,9085.818475094262,11.335134942695241,main sequence,near field (<=25 km)
7962,-8.73,116.26,16,3.443,2018-07-29 00:51:55,418.60206364299165,9034.918269128151,46.77197836832469,main sequence,intermediate (25-75 km)
7963,-8.72,116.31,15,3.77108,2018-07-29 00:52:37,424.10016894744274,9036.034320139363,43.17483738683941,main sequence,intermediate (25-75 km)
7964,-8.63,116.34,12,3.9898,2018-07-29 01:04:51,427.3830157043931,9045.990826123147,32.75473982162607,main sequence,intermediate (25-75 km)
7965,-8.65,116.34,15,3.7164,2018-07-29 01:07:35,427.38684237667337,9043.779583122247,34.73319888147217,main sequence,intermediate (25-75 km)
7966,-8.46,116.46,14,3.60704,2018-07-29 01:10:31,440.56020012238577,9064.806651961822,10.246498471161964,main sequence,near field (<=25 km)
7967,-8.66,116.3,11,3.7164,2018-07-29 01:12:13,422.9878733082837,9042.666095970355,37.83726320475804,main sequence,intermediate (25-75 km)
7968,-8.65,116.37,13,4.31788,2018-07-29 01:14:20,430.6875713553736,9043.78517178796,33.402001088201814,main sequence,intermediate (25-75 km)
7969,-8.88,116.28,10,3.82576,2018-07-29 01:17:07,420.8340239375998,9018.337858639217,60.82272250306346,main sequence,intermediate (25-75 km)
7970,-8.85,116.3,10,3.60704,2018-07-29 01:19:51,423.026939898758,9021.65899525476,56.924161378264884,main sequence,intermediate (25-75 km)
7971,-8.59,116.41,19,3.9898,2018-07-29 01:22:53,435.0782764343623,9050.425856109208,25.64566769456873,main sequence,intermediate (25-75 km)
7972,-8.8,116.32,10,3.77108,2018-07-29 01:26:13,425.21620454154,9027.191252524219,50.94735276127747,main sequence,intermediate (25-75 km)
7973,-8.78,116.3,18,3.55236,2018-07-29 01:29:27,423.01244903228246,9029.398477559052,49.70046774992203,main sequence,intermediate (25-75 km)
7974,-8.71,116.3,16,3.55236,2018-07-29 01:30:55,422.9980723917609,9037.137931641166,42.67414562800593,main sequence,intermediate (25-75 km)
7975,-8.7,116.33,18,3.60704,2018-07-29 01:34:07,426.2963458949529,9038.249534231192,40.231107667722554,main sequence,intermediate (25-75 km)
7976,-8.7,116.4,24,3.7164,2018-07-29 01:39:09,433.997013862406,9038.262444169763,37.734094839790295,main sequence,intermediate (25-75 km)
7977,-8.75,116.32,18,4.15384,2018-07-29 01:43:14,425.206195012331,9032.719420321035,45.77028712040121,main sequence,intermediate (25-75 km)
7978,-8.28,116.55,12,4.79814,2018-07-29 01:44:24,450.4442975425084,9084.719478178966,12.627983202061563,main sequence,near field (<=25 km)
7979,-8.32,116.44,10,5.11598,2018-07-29 01:50:31,438.3365854467651,9080.281770596284,7.090625923401682,main sequence,near field (<=25 km)
7980,-8.61,116.36,15,4.37256,2018-07-29 01:53:16,429.5799175866166,9048.205804681786,29.771620156579175,main sequence,intermediate (25-75 km)
7981,-8.63,116.34,17,4.15384,2018-07-29 01:54:29,427.3830157043931,9045.990826123147,32.75473982162607,main sequence,intermediate (25-75 km)
7982,-8.86,116.23,15,4.09916,2018-07-29 01:55:31,415.33149708086466,9020.538142969295,61.02537293419886,main sequence,intermediate (25-75 km)
7983,-8.68,116.45,19,3.60704,2018-07-29 02:04:58,439.4942252809932,9040.481999716772,34.62793190934949,main sequence,intermediate (25-75 km)
7984,-8.38,116.64,17,3.38832,2018-07-29 02:06:30,460.36564331413143,9073.674022532541,17.636550515736065,main sequence,near field (<=25 km)
7985,-8.74,116.11,35,3.49768,2018-07-29 02:13:34,402.10392332467575,9033.776957578839,57.860909232742706,main sequence,intermediate (25-75 km)
7986,-8.65,116.37,11,3.82576,2018-07-29 02:16:23,430.6875713553736,9043.78517178796,33.402001088201814,main sequence,intermediate (25-75 km)
7987,-8.28,116.52,12,4.8776,2018-07-29 02:20:08,447.14051179173634,9084.715616759804,10.932479112924613,main sequence,near field (<=25 km)
7988,-8.4,116.49,10,4.64596,2018-07-29 02:21:49,443.8538412849881,9071.444591181942,3.5125516946686575,main sequence,near field (<=25 km)
7989,-8.1,116.54,10,4.15384,2018-07-29 02:29:53,449.32027668147066,9104.618301643752,30.740145879376016,main sequence,intermediate (25-75 km)
7990,-8.51,116.36,18,4.09916,2018-07-29 02:33:44,429.5615347270138,9059.261932349113,20.40957977395712,main sequence,near field (<=25 km)
7991,-8.2,116.42,15,3.7164,2018-07-29 02:37:01,436.1149542968925,9093.545611217489,20.022883407070776,main sequence,near field (<=25 km)
7992,-8.82,116.24,16,3.60704,2018-07-29 02:41:00,416.4221345267035,9024.96302819077,56.56895771151933,main sequence,intermediate (25-75 km)
7993,-8.84,116.23,15,3.88044,2018-07-29 02:43:19,415.3269247434721,9022.749460920782,59.04863824986748,main sequence,intermediate (25-75 km)
7994,-8.79,116.22,24,3.7164,2018-07-29 02:48:17,414.21567578121346,9028.275472139048,54.75659328722384,main sequence,intermediate (25-75 km)
7995,-8.77,116.27,13,3.66172,2018-07-29 02:50:57,419.7106655694254,9030.497836967432,50.11432308756684,main sequence,intermediate (25-75 km)
7996,-8.73,116.31,17,3.88044,2018-07-29 02:53:24,424.1021888100475,9034.92868723755,44.17967816562512,main sequence,intermediate (25-75 km)
7997,-8.51,116.45,13,4.2632,2018-07-29 02:56:08,439.4672607659281,9059.277155540361,15.913160023651388,main sequence,near field (<=25 km)
7998,-8.31,116.5,13,4.48192,2018-07-29 03:03:23,444.94215606964417,9081.396187674372,7.025182923788005,main sequence,near field (<=25 km)
7999,-8.34,116.5,11,4.64596,2018-07-29 03:04:28,444.94634689929876,9078.079466336208,3.996145878499314,main sequence,near field (<=25 km)
8000,-8.87,116.15,10,3.7164,2018-07-29 03:14:39,406.5367077375631,9019.413305475138,66.38746168968723,main sequence,intermediate (25-75 km)
8001,-8.2,116.45,10,4.20852,2018-07-29 03:27:34,439.4194539124253,9093.550259082733,19.189200643729713,main sequence,near field (<=25 km)
8002,-8.69,116.32,14,3.66172,2018-07-29 03:31:26,425.1942583128612,9039.353202724265,39.69467405572617,main sequence,intermediate (25-75 km)
8003,-8.74,116.34,11,3.66172,2018-07-29 03:33:05,427.4041712275584,9033.828961396663,43.927794264470506,main sequence,intermediate (25-75 km)
8004,-8.7,116.32,15,3.55236,2018-07-29 03:35:34,425.19624210050966,9038.247573754252,40.69431181438624,main sequence,intermediate (25-75 km)
8005,-8.16,116.43,10,3.7164,2018-07-29 03:40:40,437.2101960598173,9097.969500095804,23.99037582521843,main sequence,near field (<=25 km)
8006,-8.64,116.36,19,3.7164,2018-07-29 03:53:35,429.5854740248193,9044.888955363005,32.794963629629294,main sequence,intermediate (25-75 km)
8007,-8.74,116.35,12,3.443,2018-07-29 03:57:14,428.50415368955873,9033.830872248187,43.5546362753366,main sequence,intermediate (25-75 km)
8008,-8.66,116.35,15,3.55236,2018-07-29 04:01:00,428.48897504089456,9042.675854666122,35.27341487281931,main sequence,intermediate (25-75 km)
8009,-8.78,116.32,15,3.55236,2018-07-29 04:02:03,425.21219393622874,9029.40252137167,48.86643794171595,main sequence,intermediate (25-75 km)
8010,-8.73,116.32,12,3.77108,2018-07-29 04:03:52,425.202207053115,9034.930683413497,43.72577897896934,main sequence,intermediate (25-75 km)
8011,-8.65,116.33,14,3.66172,2018-07-29 04:06:35,426.2865951741918,9043.777662457209,35.234447960814876,main sequence,intermediate (25-75 km)
8012,-8.73,116.32,12,3.82576,2018-07-29 04:16:20,425.202207053115,9034.930683413497,43.72577897896934,main sequence,intermediate (25-75 km)
8013,-8.44,116.55,12,3.7164,2018-07-29 04:21:02,450.464497285908,9067.030390076347,10.948781500717212,main sequence,near field (<=25 km)
8014,-8.31,116.49,13,4.37256,2018-07-29 04:22:51,443.84097141056606,9081.394784876578,6.761800085730278,main sequence,near field (<=25 km)
8015,-8.59,116.37,11,3.77108,2018-07-29 04:27:17,430.6766384491819,9050.418856389539,27.290792111966077,main sequence,intermediate (25-75 km)
8016,-8.33,116.56,10,3.77108,2018-07-29 04:28:00,451.5516882972842,9079.192892368375,9.86132361551649,main sequence,near field (<=25 km)
8017,-8.68,116.45,18,3.49768,2018-07-29 04:34:31,439.4942252809932,9040.481999716772,34.62793190934949,main sequence,intermediate (25-75 km)
8018,-8.86,116.28,10,3.7164,2018-07-29 04:35:47,420.8297389956421,9020.549154846602,58.754941783784915,main sequence,intermediate (25-75 km)
8020,-8.72,116.32,11,3.77108,2018-07-29 04:45:04,425.2002164706936,9036.036314099501,42.71024834287646,main sequence,intermediate (25-75 km)
8021,-8.86,116.37,18,4.09916,2018-07-29 04:47:31,430.7264314249241,9020.567113375037,55.81148185395402,main sequence,intermediate (25-75 km)
8022,-8.68,116.36,10,3.55236,2018-07-29 04:49:34,429.592912457418,9040.466481643196,36.90993578529001,main sequence,intermediate (25-75 km)
8023,-8.36,116.56,13,3.60704,2018-07-29 04:55:29,451.5553849760929,9075.876195195824,8.870923328128702,main sequence,near field (<=25 km)
8024,-8.19,116.43,10,3.60704,2018-07-29 04:57:12,437.2148881674001,9094.652766783442,20.757489980757036,main sequence,near field (<=25 km)
8025,-8.88,116.27,10,3.66172,2018-07-29 05:00:54,419.73443983789394,9018.335710721014,61.22872525482585,main sequence,intermediate (25-75 km)
8026,-8.44,116.55,13,3.66172,2018-07-29 05:03:29,450.464497285908,9067.030390076347,10.948781500717212,main sequence,near field (<=25 km)
8027,-8.77,116.27,14,3.66172,2018-07-29 05:24:42,419.7106655694254,9030.497836967432,50.11432308756684,main sequence,intermediate (25-75 km)
8028,-8.77,116.34,10,3.49768,2018-07-29 05:29:07,427.4099870794967,9030.51207717221,47.066419868032675,main sequence,intermediate (25-75 km)
8029,-8.81,116.29,11,3.77108,2018-07-29 05:38:04,421.9188581472335,9026.079487332148,53.19889411273919,main sequence,intermediate (25-75 km)
8030,-8.31,116.47,12,3.82576,2018-07-29 05:58:27,441.6385971089449,9081.391895935292,6.761800085730532,main sequence,near field (<=25 km)
8031,-8.49,116.43,10,3.82576,2018-07-29 06:11:51,437.26274998158374,9061.485162965637,14.432343061867304,main sequence,near field (<=25 km)
8032,-8.86,116.28,32,4.09916,2018-07-29 06:25:17,420.8297389956421,9020.549154846602,58.754941783784915,main sequence,intermediate (25-75 km)
8033,-8.24,116.47,11,3.7164,2018-07-29 06:32:39,441.62829355599104,9089.130928319133,14.497154964824565,main sequence,near field (<=25 km)
8035,-8.42,116.44,12,4.09916,2018-07-29 06:52:09,438.35231546580405,9069.22590466592,7.090275276579726,main sequence,near field (<=25 km)
8036,-8.27,116.45,10,3.9898,2018-07-29 07:19:14,439.4300949873825,9085.811217405608,11.599051382936379,main sequence,near field (<=25 km)
8037,-8.25,116.49,10,4.04448,2018-07-29 07:24:46,443.8324680052082,9088.028222566252,13.388677754901003,main sequence,near field (<=25 km)
8038,-8.8,116.32,13,3.66172,2018-07-29 07:31:27,425.21620454154,9027.191252524219,50.94735276127747,main sequence,intermediate (25-75 km)
8039,-8.75,116.29,13,3.55236,2018-07-29 07:43:19,421.9063095720975,9032.713330861443,47.13669161431692,main sequence,intermediate (25-75 km)
8040,-8.44,116.53,21,3.66172,2018-07-29 07:48:07,448.26287282633723,9067.027795681859,9.530764866368084,main sequence,near field (<=25 km)
8041,-8.81,116.37,28,3.88044,2018-07-29 07:52:09,430.7170951067354,9026.095245608638,50.39841769141983,main sequence,intermediate (25-75 km)
8042,-8.37,116.55,10,4.31788,2018-07-29 07:54:10,450.45561264700405,9074.769383581195,7.700738811370494,main sequence,near field (<=25 km)
8043,-8.57,116.46,10,3.49768,2018-07-29 08:01:14,440.5771721438916,9052.645149741533,22.34750302386395,main sequence,near field (<=25 km)
8044,-8.86,116.26,10,3.55236,2018-07-29 08:06:29,418.63044939353244,9020.544838806338,59.61268563867193,main sequence,intermediate (25-75 km)
8045,-8.39,116.56,10,3.33364,2018-07-29 08:17:33,451.55909485530765,9072.559493035287,9.077257562796756,main sequence,near field (<=25 km)
8046,-8.88,116.22,15,3.88044,2018-07-29 08:35:44,414.2364835302936,9018.32452660753,63.50575852954627,main sequence,intermediate (25-75 km)
8047,-8.7,116.44,11,3.66172,2018-07-29 08:38:36,438.39735235382824,9038.269182201546,36.9570106668864,main sequence,intermediate (25-75 km)
8048,-8.82,116.27,25,3.7164,2018-07-29 09:09:43,419.72143559302634,9024.969606433786,55.10769271058845,main sequence,intermediate (25-75 km)
8050,-8.79,116.31,10,3.443,2018-07-29 09:17:21,424.11435624423706,9028.294877770812,50.30346110829739,main sequence,intermediate (25-75 km)
8051,-8.77,116.39,19,3.60704,2018-07-29 09:28:43,432.9094381163537,9030.521370438892,45.56551763224648,main sequence,intermediate (25-75 km)
8052,-8.57,116.48,13,3.7164,2018-07-29 09:45:03,442.7780768719603,9052.648183665653,22.238985328911777,main sequence,near field (<=25 km)
8053,-8.27,116.46,10,3.88044,2018-07-29 09:58:28,440.5313977486967,9085.812724247866,11.335134942695545,main sequence,near field (<=25 km)
8054,-8.34,116.47,11,4.5366,2018-07-29 10:05:01,441.64303942275455,9078.075159540751,3.5125782377070087,main sequence,near field (<=25 km)
8055,-8.3,116.59,11,3.66172,2018-07-29 10:10:42,454.85160633856356,9082.513122079232,14.38921382021023,main sequence,near field (<=25 km)
8056,-8.76,116.28,12,3.443,2018-07-29 10:13:25,420.80845813203075,9031.605601152789,48.623167228616715,main sequence,intermediate (25-75 km)
8057,-8.82,116.28,10,3.55236,2018-07-29 10:22:54,420.8211978794924,9024.971740299981,54.656167417888255,main sequence,intermediate (25-75 km)
8058,-8.77,116.32,14,3.443,2018-07-29 10:28:56,425.2101920303295,9030.508154930396,47.83080642276444,main sequence,intermediate (25-75 km)
8059,-8.85,116.28,10,3.49768,2018-07-29 10:29:38,420.8276001205419,9021.654802079165,57.72540401286342,main sequence,intermediate (25-75 km)
8060,-8.78,116.36,10,3.443,2018-07-29 10:30:28,429.61165775934137,9029.410257283369,47.460802525952666,main sequence,intermediate (25-75 km)
8061,-8.69,116.34,10,3.443,2018-07-29 10:43:24,427.3945221043065,9039.357090291616,38.770009573848206,main sequence,intermediate (25-75 km)
8062,-8.46,116.45,11,3.443,2018-07-29 10:46:17,439.4594308184197,9064.805111496098,10.537575076227412,main sequence,near field (<=25 km)
8063,-8.78,116.4,20,3.38832,2018-07-29 10:48:21,434.0110886515773,9029.417524259025,46.43073108558861,main sequence,intermediate (25-75 km)
8064,-8.45,116.53,10,3.49768,2018-07-29 10:57:38,448.26420474296623,9065.922219964681,10.458545068304039,main sequence,near field (<=25 km)
8065,-8.83,116.3,10,3.7164,2018-07-29 11:00:38,423.0227879966696,9023.870278805658,54.84461665071583,main sequence,intermediate (25-75 km)
8066,-8.82,116.28,10,3.38832,2018-07-29 11:09:54,420.8211978794924,9024.971740299981,54.656167417888255,main sequence,intermediate (25-75 km)
8067,-8.7,116.34,13,3.60704,2018-07-29 11:20:59,427.39644753236684,9038.251465657566,39.79290666215715,main sequence,intermediate (25-75 km)
8068,-8.74,116.41,15,3.60704,2018-07-29 11:31:19,435.1040056666904,9033.84172459932,41.85592529979214,main sequence,intermediate (25-75 km)
8069,-8.85,116.27,10,3.9898,2018-07-29 11:31:55,419.7279267775853,9021.652661185799,58.153069259861795,main sequence,intermediate (25-75 km)
8070,-8.2,116.5,10,4.04448,2018-07-29 11:32:39,444.92691805687906,9093.557457026196,19.030807560674635,main sequence,near field (<=25 km)
8071,-8.86,116.26,11,3.443,2018-07-29 11:36:07,418.63044939353244,9020.544838806338,59.61268563867193,main sequence,intermediate (25-75 km)
8072,-8.82,116.22,14,3.443,2018-07-29 11:45:30,414.2225883218751,9024.958495488438,57.627492132982425,main sequence,intermediate (25-75 km)
8073,-8.75,116.44,16,3.66172,2018-07-29 11:52:21,438.4055485647883,9032.741149098767,42.48236277735342,main sequence,intermediate (25-75 km)
8074,-8.77,116.25,15,3.27896,2018-07-29 11:57:22,417.5108387742622,9030.493504832379,51.1647797064546,main sequence,intermediate (25-75 km)
8075,-8.77,116.43,16,3.55236,2018-07-29 12:14:40,437.3089634376477,9030.528278094396,44.8164490952437,main sequence,intermediate (25-75 km)
8076,-8.82,116.27,11,3.443,2018-07-29 12:27:53,419.72143559302634,9024.969606433786,55.10769271058845,main sequence,intermediate (25-75 km)
8077,-8.82,116.34,13,3.38832,2018-07-29 12:29:35,427.4197241245498,9024.983925263776,52.351691919005845,main sequence,intermediate (25-75 km)
8078,-8.82,116.28,10,3.38832,2018-07-29 12:35:17,420.8211978794924,9024.971740299981,54.656167417888255,main sequence,intermediate (25-75 km)
8079,-8.75,116.27,16,3.443,2018-07-29 12:40:03,419.7063745774942,9032.709125154484,48.15174318865184,main sequence,intermediate (25-75 km)
8080,-8.58,116.49,10,3.27896,2018-07-29 12:44:46,443.87999408275635,9051.544068297451,23.376820156524516,main sequence,near field (<=25 km)
8081,-8.79,116.31,10,3.33364,2018-07-29 12:50:11,424.11435624423706,9028.294877770812,50.30346110829739,main sequence,intermediate (25-75 km)
8082,-8.7,116.34,14,3.443,2018-07-29 12:51:26,427.39644753236684,9038.251465657566,39.79290666215715,main sequence,intermediate (25-75 km)
8083,-8.8,116.31,10,3.38832,2018-07-29 12:53:05,424.1163921924854,9027.189240844436,51.33737006886593,main sequence,intermediate (25-75 km)
8084,-8.64,116.45,21,3.443,2018-07-29 12:54:28,439.4878330490657,9044.904404101055,30.20335711606329,main sequence,intermediate (25-75 km)
8085,-8.77,116.32,10,3.38832,2018-07-29 12:56:00,425.2101920303295,9030.508154930396,47.83080642276444,main sequence,intermediate (25-75 km)
8086,-8.84,116.28,10,3.33364,2018-07-29 12:58:07,420.825463642776,9022.760448731828,56.698978874330706,main sequence,intermediate (25-75 km)
8087,-8.8,116.27,10,3.38832,2018-07-29 12:59:01,419.7171202906766,9027.180900376023,53.0968386481746,main sequence,intermediate (25-75 km)
8088,-8.39,116.56,10,3.38832,2018-07-29 13:03:51,451.55909485530765,9072.559493035287,9.077257562796756,main sequence,near field (<=25 km)
8089,-8.8,116.31,10,3.443,2018-07-29 13:15:45,424.1163921924854,9027.189240844436,51.33737006886593,main sequence,intermediate (25-75 km)
8090,-8.38,116.59,10,3.49768,2018-07-29 13:20:04,454.86078649901276,9073.66863161425,12.151986091213375,main sequence,near field (<=25 km)
8093,-8.81,116.4,17,3.49768,2018-07-29 13:34:35,434.0163996669104,9026.100669768552,49.71012542981211,main sequence,intermediate (25-75 km)
8094,-8.75,116.33,10,3.33364,2018-07-29 13:38:45,426.30615240735347,9032.721391715224,45.35900291617174,main sequence,intermediate (25-75 km)
8095,-8.8,116.27,10,3.60704,2018-07-29 13:41:26,419.7171202906766,9027.180900376023,53.0968386481746,main sequence,intermediate (25-75 km)
8096,-8.86,116.28,13,3.38832,2018-07-29 13:46:49,420.8297389956421,9020.549154846602,58.754941783784915,main sequence,intermediate (25-75 km)
8097,-8.02,116.59,10,3.49768,2018-07-29 13:48:32,454.8201648025003,9113.468563282988,40.75777319078131,main sequence,intermediate (25-75 km)
8098,-8.77,116.31,12,3.7164,2018-07-29 14:00:21,424.11029124112156,9030.506149893656,48.24605717532426,main sequence,intermediate (25-75 km)
8099,-8.71,116.4,35,3.93512,2018-07-29 14:10:19,433.9987662169548,9037.156831193703,38.816243509079115,main sequence,intermediate (25-75 km)
8100,-8.88,116.27,10,4.04448,2018-07-29 14:10:45,419.73443983789394,9018.335710721014,61.22872525482585,main sequence,intermediate (25-75 km)
8101,-8.82,116.3,10,3.55236,2018-07-29 14:21:04,423.02071554186364,9024.975919712078,53.80917366588329,main sequence,intermediate (25-75 km)
8102,-8.6,116.48,10,3.38832,2018-07-29 14:21:35,442.78257053238866,9049.331408783593,25.57483312824851,main sequence,intermediate (25-75 km)
8105,-8.86,116.43,13,3.443,2018-07-29 14:32:57,437.3241338617738,9020.577755208993,54.762105866688444,main sequence,intermediate (25-75 km)
8106,-8.87,116.28,11,3.66172,2018-07-29 14:46:29,420.8318802680152,9019.443507033497,59.78743138900308,main sequence,intermediate (25-75 km)
8107,-8.81,116.28,10,3.55236,2018-07-29 14:48:13,420.81906859409725,9026.07738521674,53.64016341594428,main sequence,intermediate (25-75 km)
8108,-8.55,116.5,10,3.443,2018-07-29 14:59:04,444.9761026845924,9054.86227689814,20.135599686982754,main sequence,near field (<=25 km)
8111,-8.75,116.41,10,3.49768,2018-07-29 15:13:25,435.10573667031804,9032.73611124842,42.94938011837356,main sequence,intermediate (25-75 km)
8112,-8.09,116.79,10,3.55236,2018-07-29 15:15:09,476.86322420458686,9105.74652087804,46.18681765942152,main sequence,intermediate (25-75 km)
8113,-8.78,116.29,10,3.443,2018-07-29 15:26:52,421.91257321963144,9029.396411687503,50.148451371572406,main sequence,intermediate (25-75 km)
8115,-8.14,116.7,12,3.49768,2018-07-29 15:36:37,466.95147430370184,9100.21262876336,35.216008858209506,main sequence,intermediate (25-75 km)
8116,-8.87,116.36,10,3.60704,2018-07-29 15:39:20,429.6287107578437,9019.459606010736,57.141256366423185,main sequence,intermediate (25-75 km)
8117,-8.79,116.49,16,3.60704,2018-07-29 15:46:53,443.9112014699682,9028.326559057257,46.714810190811484,main sequence,intermediate (25-75 km)
8118,-8.78,116.32,10,3.66172,2018-07-29 15:54:37,425.21219393622874,9029.40252137167,48.86643794171595,main sequence,intermediate (25-75 km)
8119,-8.82,116.3,10,3.60704,2018-07-29 15:57:18,423.02071554186364,9024.975919712078,53.80917366588329,main sequence,intermediate (25-75 km)
8120,-8.85,116.29,11,3.82576,2018-07-29 16:04:46,421.92727115022336,9021.656913435381,57.315639196729826,main sequence,intermediate (25-75 km)
8121,-8.73,116.31,10,3.49768,2018-07-29 16:14:16,424.1021888100475,9034.92868723755,44.17967816562512,main sequence,intermediate (25-75 km)
8122,-8.81,116.54,15,3.443,2018-07-29 16:17:26,449.41293879087146,9026.122483500601,49.36850233495469,main sequence,intermediate (25-75 km)
8123,-8.44,116.44,10,3.93512,2018-07-29 16:42:27,438.35548386913,9067.01472482792,8.941216493791128,main sequence,near field (<=25 km)
8124,-8.64,116.37,10,3.93512,2018-07-29 17:05:22,430.68574395736255,9044.890787307802,32.36809856183809,main sequence,intermediate (25-75 km)
8125,-8.58,116.34,10,3.77108,2018-07-29 17:23:26,427.37348750252977,9051.51892370761,27.97038930866888,main sequence,intermediate (25-75 km)
8126,-8.82,116.38,14,3.60704,2018-07-29 17:43:48,431.8186987657427,9024.991459801353,51.231377128100334,main sequence,intermediate (25-75 km)
8127,-8.84,116.37,23,3.49768,2018-07-29 17:50:42,430.7226906046111,9022.778368012167,53.64265586503845,main sequence,intermediate (25-75 km)
8128,-8.68,116.38,10,3.55236,2018-07-29 17:52:46,431.79321779622524,9040.470132991986,36.18198520164595,main sequence,intermediate (25-75 km)
8129,-8.27,116.61,10,4.09916,2018-07-29 17:55:42,457.05074749796387,9085.832008700621,18.116971969996637,main sequence,near field (<=25 km)
8130,-8.32,116.5,10,4.59128,2018-07-29 18:03:15,444.9435513459748,9080.29061444589,5.979325083865834,main sequence,near field (<=25 km)
8131,-8.29,116.44,10,3.7,2018-07-29 18:07:56,438.33190284466997,9083.598519628613,9.924680132816457,main sequence,near field (<=25 km)
8132,-8.71,116.37,19,3.82576,2018-07-29 18:42:11,430.69857981365703,9037.151466690791,39.69411740494235,main sequence,intermediate (25-75 km)
8133,-8.76,116.28,14,3.60704,2018-07-29 18:49:30,420.80845813203075,9031.605601152789,48.623167228616715,main sequence,intermediate (25-75 km)
8135,-8.52,116.57,10,3.82576,2018-07-29 19:20:28,452.67590446272544,9058.188296919427,19.395562339686354,main sequence,near field (<=25 km)
8136,-8.39,116.57,10,4.2632,2018-07-29 19:48:26,452.66004467253174,9072.560712667266,10.147388571373236,main sequence,near field (<=25 km)
8137,-8.16,116.47,10,4.20852,2018-07-29 20:09:46,441.6166241036853,9097.97550406928,23.37684807471963,main sequence,near field (<=25 km)
8138,-8.76,116.06,44,3.66172,2018-07-29 20:25:01,396.6092020826324,9031.55220897066,63.3505343736579,main sequence,intermediate (25-75 km)
8139,-8.74,116.29,14,3.66172,2018-07-29 20:26:57,421.90422641877007,9033.818969437632,46.14267992226036,main sequence,intermediate (25-75 km)
8140,-8.75,116.33,12,3.55236,2018-07-29 20:34:04,426.30615240735347,9032.721391715224,45.35900291617174,main sequence,intermediate (25-75 km)
8141,-8.67,116.31,29,3.66172,2018-07-29 20:35:50,424.0901041082995,9041.562476075267,38.23967200146832,main sequence,intermediate (25-75 km)
8142,-8.75,116.31,10,3.88044,2018-07-29 20:45:06,424.1062354295698,9032.717419714207,46.204083016684834,main sequence,intermediate (25-75 km)
8143,-8.86,116.36,10,3.66172,2018-07-29 20:47:42,429.62680745630456,9020.565236253928,56.05997809148756,main sequence,intermediate (25-75 km)
8144,-8.81,116.29,10,3.9898,2018-07-29 21:10:17,421.9188581472335,9026.079487332148,53.19889411273919,main sequence,intermediate (25-75 km)
8145,-8.77,116.38,26,3.7164,2018-07-29 21:22:32,431.809551961564,9030.519570337327,45.81688352562324,main sequence,intermediate (25-75 km)
8146,-8.8,116.33,11,3.77108,2018-07-29 21:30:20,426.31601470435584,9027.193234829683,50.57823333445876,main sequence,intermediate (25-75 km)
8147,-8.86,116.2,10,3.60704,2018-07-29 21:32:08,412.0325225055894,9020.53118099223,62.58015841856003,main sequence,intermediate (25-75 km)
8148,-8.76,116.3,12,3.55236,2018-07-29 21:39:17,423.00832976410777,9031.609753024217,47.66894463708712,main sequence,intermediate (25-75 km)
8149,-8.88,116.36,14,4.04448,2018-07-29 21:48:34,429.63061619018293,9018.35397518442,58.223689967672115,main sequence,intermediate (25-75 km)
8150,-8.75,116.27,14,3.60704,2018-07-29 22:06:56,419.7063745774942,9032.709125154484,48.15174318865184,main sequence,intermediate (25-75 km)
8151,-8.19,116.63,10,3.60704,2018-07-29 22:09:23,459.24512769840055,9094.678511407546,25.94283936319816,main sequence,intermediate (25-75 km)
8152,-8.78,116.29,12,4.09916,2018-07-29 22:14:54,421.91257321963144,9029.396411687503,50.148451371572406,main sequence,intermediate (25-75 km)
8153,-8.51,116.51,10,3.49768,2018-07-29 22:18:10,446.0709967902059,9059.286024886733,15.913160023651388,main sequence,near field (<=25 km)
8154,-8.73,116.46,10,3.55236,2018-07-29 22:23:07,440.60224732575347,9034.955569471516,40.09053738369475,main sequence,intermediate (25-75 km)
8155,-8.44,116.45,12,4.04448,2018-07-29 22:34:06,439.4563116700442,9067.016289962332,8.454303871659702,main sequence,near field (<=25 km)
8156,-8.62,116.45,23,3.66172,2018-07-29 22:37:07,439.4846479259788,9047.115602868627,27.993829859238698,main sequence,intermediate (25-75 km)
8157,-8.76,116.31,12,3.66172,2018-07-29 22:50:48,424.108262186371,9031.6117850914,47.223015919877575,main sequence,intermediate (25-75 km)
8158,-8.9,116.09,10,3.60704,2018-07-29 23:30:37,399.94692224369373,9016.080581841708,72.87894343770868,main sequence,intermediate (25-75 km)
8159,-8.75,116.41,10,3.6,2018-07-29 23:35:03,435.10573667031804,9032.73611124842,42.94938011837356,main sequence,intermediate (25-75 km)
8160,-8.53,116.42,10,4.04448,2018-07-29 23:52:01,436.16868559669547,9057.06113973783,18.975687738771114,main sequence,near field (<=25 km)
8161,-8.86,116.35,10,3.55236,2018-07-29 23:56:35,428.5271814317724,9020.563329565768,56.32883932896452,main sequence,intermediate (25-75 km)
8162,-8.75,116.18,33,3.60704,2018-07-30 00:38:13,409.8065471268945,9032.68875333324,53.60537946391972,main sequence,intermediate (25-75 km)
8163,-8.34,116.47,10,4.09916,2018-07-30 00:42:47,441.64303942275455,9078.075159540751,3.5125782377070087,main sequence,near field (<=25 km)
8164,-8.83,116.33,13,3.77108,2018-07-30 00:56:40,426.3219588562233,9023.876333767852,53.74256315057961,main sequence,intermediate (25-75 km)
8165,-8.43,116.55,10,4.09916,2018-07-30 01:57:43,450.46322355221236,9068.135962249555,10.188412132314976,main sequence,near field (<=25 km)
8166,-8.46,116.52,10,3.55236,2018-07-30 02:12:53,447.16478045194947,9064.815301104198,10.932069752624503,main sequence,near field (<=25 km)
8167,-8.77,116.41,13,3.7164,2018-07-30 02:18:18,435.1092045722346,9030.524882816271,45.13900060555244,main sequence,intermediate (25-75 km)
8168,-8.84,116.26,13,3.7164,2018-07-30 02:26:08,418.62605524883907,9022.756142124197,57.58740078998988,main sequence,intermediate (25-75 km)
8171,-8.82,116.27,13,3.60704,2018-07-30 02:55:59,419.72143559302634,9024.969606433786,55.10769271058845,main sequence,intermediate (25-75 km)
8172,-8.77,116.45,21,3.66172,2018-07-30 03:57:35,439.50871496993716,9030.531556275298,44.60011881922107,main sequence,intermediate (25-75 km)
8173,-8.68,116.43,10,3.82576,2018-07-30 05:16:45,437.29394676689986,9040.478754140957,34.906185411973375,main sequence,intermediate (25-75 km)
8174,-8.79,116.29,10,3.66172,2018-07-30 05:42:06,421.91466583112685,9028.290770812277,51.16130739905932,main sequence,intermediate (25-75 km)
8175,-8.62,116.07,55,3.55236,2018-07-30 05:48:24,397.6712316055499,9047.034656462156,52.97028106051317,main sequence,intermediate (25-75 km)
8176,-8.83,116.27,10,3.55236,2018-07-30 06:06:40,419.7235968904701,9023.863958596377,56.11914854902086,main sequence,intermediate (25-75 km)
8177,-8.73,116.32,16,3.60704,2018-07-30 06:14:28,425.202207053115,9034.930683413497,43.72577897896934,main sequence,intermediate (25-75 km)
8178,-8.76,116.41,19,3.66172,2018-07-30 06:35:28,435.10746963884935,9031.630497320948,44.04376100586,main sequence,intermediate (25-75 km)
8179,-8.43,116.49,10,3.38832,2018-07-30 06:51:27,443.858161843071,9068.127849971557,6.761772508950773,main sequence,near field (<=25 km)
8180,-8.63,116.38,10,3.49768,2018-07-30 06:53:50,431.7842155393527,9045.998203324898,30.931683733816392,main sequence,intermediate (25-75 km)
8181,-8.74,116.3,10,3.66172,2018-07-30 06:56:11,423.00421982097487,9033.821026190619,45.65535553013299,main sequence,intermediate (25-75 km)
8182,-8.35,116.58,19,3.443,2018-07-30 07:23:37,453.7562742556491,9076.984161528168,11.223865463745717,main sequence,near field (<=25 km)
8183,-8.89,116.3,12,3.55236,2018-07-30 07:39:44,423.0352716711704,9017.236421182937,61.1137525216458,main sequence,intermediate (25-75 km)
8184,-8.7,116.33,10,3.49768,2018-07-30 07:49:02,426.2963458949529,9038.249534231192,40.231107667722554,main sequence,intermediate (25-75 km)
8185,-8.52,116.49,10,3.55236,2018-07-30 07:58:09,443.8712153015266,9058.177596160906,16.71546519798232,main sequence,near field (<=25 km)
8186,-8.75,116.18,36,3.55236,2018-07-30 07:59:25,409.8065471268945,9032.68875333324,53.60537946391972,main sequence,intermediate (25-75 km)
8187,-8.67,116.33,10,3.55236,2018-07-30 08:29:02,426.2904887670507,9041.566412876498,37.2139494422948,main sequence,intermediate (25-75 km)
8188,-8.19,116.43,10,3.60704,2018-07-30 08:46:50,437.2148881674001,9094.652766783442,20.757489980757036,main sequence,near field (<=25 km)
8189,-8.5,116.53,13,3.82576,2018-07-30 10:02:27,448.2708878210864,9060.394332972664,15.466173440852154,main sequence,near field (<=25 km)
8190,-8.78,116.32,10,3.49768,2018-07-30 10:17:21,425.21219393622874,9029.40252137167,48.86643794171595,main sequence,intermediate (25-75 km)
8191,-8.64,116.45,22,3.49768,2018-07-30 10:55:48,439.4878330490657,9044.904404101055,30.20335711606329,main sequence,intermediate (25-75 km)
8193,-8.37,116.41,17,3.7164,2018-07-30 12:19:47,435.0413403091186,9074.749019099152,7.700738811372057,main sequence,near field (<=25 km)
8195,-8.31,116.35,17,3.82576,2018-07-30 13:13:05,428.42419816886854,9081.372228511947,15.78202149765057,main sequence,near field (<=25 km)
8196,-8.8,116.29,10,3.33364,2018-07-30 13:40:26,421.91676080701427,9027.185129360703,52.17819878133867,main sequence,intermediate (25-75 km)
8198,-8.04,116.4,10,3.9898,2018-07-30 14:07:15,433.88577943023665,9111.231663985574,37.73583425704576,main sequence,intermediate (25-75 km)
8200,-8.84,116.28,10,3.55236,2018-07-30 14:45:43,420.825463642776,9022.760448731828,56.698978874330706,main sequence,intermediate (25-75 km)
8201,-8.73,116.39,12,3.443,2018-07-30 15:06:41,432.9022752836337,9034.943840519074,41.2353209391068,main sequence,intermediate (25-75 km)
8202,-8.22,116.4,10,4.04448,2018-07-30 15:13:41,433.91525195198307,9091.331204766564,18.8595210118713,main sequence,near field (<=25 km)
8203,-8.72,116.35,10,3.443,2018-07-30 15:17:24,428.50034603739897,9036.042121287599,41.46047582786529,main sequence,intermediate (25-75 km)
8206,-8.72,116.48,22,3.49768,2018-07-30 16:22:59,442.8007010783682,9036.064257932407,38.91822432559579,main sequence,intermediate (25-75 km)
8207,-8.85,116.34,15,3.60704,2018-07-30 16:27:09,427.4255927242153,9021.667027170088,55.54858231886982,main sequence,intermediate (25-75 km)
8208,-8.32,116.56,10,3.27896,2018-07-30 16:49:32,451.55045900460334,9080.298456987128,10.410358586881573,main sequence,near field (<=25 km)
8209,-8.54,116.39,11,3.49768,2018-07-30 16:51:06,432.86869579391606,9055.950448489511,21.33809586343729,main sequence,near field (<=25 km)
8210,-8.33,116.48,10,4.2632,2018-07-30 16:59:26,442.74268902430174,9079.182200662211,4.447797065782249,main sequence,near field (<=25 km)
8211,-8.3,116.66,10,3.93512,2018-07-30 17:10:55,462.5599649508718,9082.520405114614,21.278408006178132,main sequence,near field (<=25 km)
8212,-8.65,116.28,20,3.66172,2018-07-30 18:03:23,420.7853261399164,9043.767625795457,38.11958793649629,main sequence,intermediate (25-75 km)
8213,-8.24,116.5,11,3.7164,2018-07-30 18:12:59,444.9324358119104,9089.13518490847,14.621881018641492,main sequence,near field (<=25 km)
8215,-8.63,116.55,30,3.11492,2018-07-30 18:43:07,450.48898313826777,9046.024411799648,29.918035521257476,main sequence,intermediate (25-75 km)
8216,-8.63,116.24,22,3.38832,2018-07-30 19:07:54,416.37986272528366,9045.970365421133,39.14653233583203,main sequence,intermediate (25-75 km)
8218,-8.59,116.32,16,3.55236,2018-07-30 19:12:21,425.17454502284795,9050.40946113976,30.134292336216888,main sequence,intermediate (25-75 km)
8219,-8.78,116.27,11,3.27896,2018-07-30 19:38:28,419.7128147121236,9029.392192012374,51.10364134765659,main sequence,intermediate (25-75 km)
8220,-8.7,116.33,17,3.22428,2018-07-30 19:41:30,426.2963458949529,9038.249534231192,40.231107667722554,main sequence,intermediate (25-75 km)
8221,-8.85,116.4,23,3.443,2018-07-30 19:59:34,434.0235089911662,9021.678188988975,54.09339142469543,main sequence,intermediate (25-75 km)
8222,-8.76,116.33,15,3.443,2018-07-30 20:04:58,426.3081204042117,9031.61576149023,46.396520777551586,main sequence,intermediate (25-75 km)
8223,-8.77,116.33,20,3.33364,2018-07-30 20:06:55,426.3100906323977,9030.510130689814,47.43741130992064,main sequence,intermediate (25-75 km)
8224,-8.68,116.37,10,3.77108,2018-07-30 20:10:46,430.69306614121297,9040.468321809944,36.53122567706807,main sequence,intermediate (25-75 km)
8225,-8.57,116.48,10,3.11492,2018-07-30 20:49:11,442.7780768719603,9052.648183665653,22.238985328911777,main sequence,near field (<=25 km)
8226,-8.33,116.59,10,3.443,2018-07-30 21:30:45,454.85503864790223,9079.19644230347,12.893254571646962,main sequence,near field (<=25 km)
8227,-8.44,116.4,11,3.82576,2018-07-30 22:02:17,433.9521542511974,9067.008182236998,11.748447863222248,main sequence,near field (<=25 km)
8228,-8.25,116.56,13,3.93512,2018-07-30 22:43:03,451.54189502969405,9088.037393908518,15.985140119875656,main sequence,near field (<=25 km)
8229,-8.74,116.43,23,3.38832,2018-07-30 23:18:31,437.3039407952918,9033.845108624553,41.50784155785524,main sequence,intermediate (25-75 km)
8230,-8.8,116.49,16,3.77108,2018-07-30 23:27:06,443.91270622012667,9027.220957038558,47.82645824842814,main sequence,intermediate (25-75 km)
8232,-8.35,116.64,19,3.60704,2018-07-31 03:06:34,460.3626116070125,9076.990691857503,17.74207051406206,main sequence,near field (<=25 km)
8233,-8.29,116.5,10,3.60704,2018-07-31 03:34:40,444.9393705178454,9083.607332481835,9.163706409140277,main sequence,near field (<=25 km)
8234,-8.62,116.41,15,3.38832,2018-07-31 03:56:48,435.0833869036706,9047.109040070405,28.844972061981306,main sequence,intermediate (25-75 km)
8235,-8.3,116.59,10,3.9898,2018-07-31 04:18:01,454.85160633856356,9082.513122079232,14.38921382021023,main sequence,near field (<=25 km)
8239,-8.28,116.46,13,3.82576,2018-07-31 05:51:50,440.53289746131884,9084.70714645551,10.24660766005146,main sequence,near field (<=25 km)
8240,-8.82,116.28,10,3.55236,2018-07-31 05:59:07,420.8211978794924,9024.971740299981,54.656167417888255,main sequence,intermediate (25-75 km)
8241,-8.54,116.57,17,3.60704,2018-07-31 06:10:08,452.678365924612,9055.977147600444,21.338095863436564,main sequence,near field (<=25 km)
8242,-8.5,116.43,14,3.77108,2018-07-31 06:16:20,437.26437482481623,9060.379567582639,15.466173440852154,main sequence,near field (<=25 km)
8243,-8.7,116.34,10,3.33364,2018-07-31 07:13:51,427.39644753236684,9038.251465657566,39.79290666215715,main sequence,intermediate (25-75 km)
8244,-8.72,116.43,22,3.66172,2018-07-31 07:51:54,437.30060185864625,9036.056326095228,39.30466155926385,main sequence,intermediate (25-75 km)
8245,-8.79,116.33,12,3.443,2018-07-31 08:46:42,426.3140377825263,9028.298867360178,49.52845914495186,main sequence,intermediate (25-75 km)
8246,-8.8,116.32,10,3.38832,2018-07-31 09:03:18,425.21620454154,9027.191252524219,50.94735276127747,main sequence,intermediate (25-75 km)
8248,-8.63,116.37,10,3.49768,2018-07-31 09:24:42,430.6839186580734,9045.996402258963,31.339540387343533,main sequence,intermediate (25-75 km)
8249,-8.68,116.37,12,3.22428,2018-07-31 09:30:14,430.69306614121297,9040.468321809944,36.53122567706807,main sequence,intermediate (25-75 km)
8250,-8.7,116.36,14,3.33364,2018-07-31 10:28:36,429.59664446489757,9038.255241359757,38.9948377685541,main sequence,intermediate (25-75 km)
8251,-8.7,116.43,21,3.49768,2018-07-31 10:33:17,437.2972705157215,9038.267541265657,37.1039536531613,main sequence,intermediate (25-75 km)
8252,-8.76,116.48,22,3.7164,2018-07-31 10:51:52,442.80680001753336,9031.641855937283,43.36602139137804,main sequence,intermediate (25-75 km)
8253,-8.76,116.43,15,3.55236,2018-07-31 11:20:30,437.30728732527473,9031.63388884852,43.71311986357413,main sequence,intermediate (25-75 km)
8256,-8.75,116.42,26,3.11492,2018-07-31 13:00:31,436.2056758237089,9032.73781974166,42.76601240596665,main sequence,intermediate (25-75 km)
8258,-8.84,116.38,14,3.27896,2018-07-31 13:06:22,431.82237193903364,9022.780211528694,53.40553244945448,main sequence,intermediate (25-75 km)
8259,-8.84,116.3,13,3.33364,2018-07-31 13:36:30,423.0248627823209,9022.764637320099,55.8829995159693,main sequence,intermediate (25-75 km)
8260,-8.86,116.23,10,3.38832,2018-07-31 13:55:14,415.33149708086466,9020.538142969295,61.02537293419886,main sequence,intermediate (25-75 km)
8261,-8.79,116.29,12,3.33364,2018-07-31 13:57:35,421.91466583112685,9028.290770812277,51.16130739905932,main sequence,intermediate (25-75 km)
8262,-8.85,116.39,16,3.27896,2018-07-31 14:06:02,432.923861286603,9021.67640252154,54.28299091109117,main sequence,intermediate (25-75 km)
8263,-8.76,116.33,16,3.33364,2018-07-31 14:27:05,426.3081204042117,9031.61576149023,46.396520777551586,main sequence,intermediate (25-75 km)
8264,-8.56,116.49,10,3.22428,2018-07-31 14:34:22,443.87706102524135,9053.755246514002,21.155644402328292,main sequence,near field (<=25 km)
8265,-8.76,116.42,22,3.27896,2018-07-31 14:37:16,436.20737941491416,9031.632207705845,43.86497309256824,main sequence,intermediate (25-75 km)
8269,-8.74,116.29,11,3.22428,2018-07-31 16:07:24,421.90422641877007,9033.818969437632,46.14267992226036,main sequence,intermediate (25-75 km)
8271,-8.79,116.18,10,3.27896,2018-07-31 17:32:34,409.81619842323505,9028.26608445295,57.17586258095004,main sequence,intermediate (25-75 km)
8272,-8.4,116.44,10,3.66172,2018-07-31 17:36:51,438.3491545285013,9071.437082279766,5.521784349534566,main sequence,near field (<=25 km)
8273,-8.73,116.35,10,3.55236,2018-07-31 17:51:34,428.50224878104297,9034.936497054881,42.505908640806524,main sequence,intermediate (25-75 km)
8274,-8.78,116.29,10,3.27896,2018-07-31 19:22:35,421.91257321963144,9029.396411687503,50.148451371572406,main sequence,intermediate (25-75 km)
8275,-8.74,116.31,39,3.1696,2018-07-31 20:19:23,424.1042109707759,9033.823053762711,45.18953637177278,main sequence,intermediate (25-75 km)
8277,-8.78,116.37,10,3.7164,2018-07-31 20:36:49,430.71151848925683,9029.412117989337,47.16696108144091,main sequence,intermediate (25-75 km)
8278,-8.56,116.38,11,3.38832,2018-07-31 20:41:38,431.77169913024534,9053.737477941815,23.818383266454273,main sequence,near field (<=25 km)
8281,-8.77,116.27,12,3.443,2018-07-31 22:25:55,419.7106655694254,9030.497836967432,50.11432308756684,main sequence,intermediate (25-75 km)
8282,-8.43,116.51,13,3.9898,2018-08-01 00:03:15,446.05985532591626,9068.130666748004,7.443247266457914,main sequence,near field (<=25 km)
8284,-8.86,116.26,10,3.55236,2018-08-01 01:08:50,418.63044939353244,9020.544838806338,59.61268563867193,main sequence,intermediate (25-75 km)
8285,-8.38,116.65,10,3.55236,2018-08-01 01:56:29,461.46661105622195,9073.675016696212,18.73458165914374,main sequence,near field (<=25 km)
8286,-8.66,116.45,18,3.1696,2018-08-01 01:59:18,439.49102550085945,9042.693203052144,32.41484999899433,main sequence,intermediate (25-75 km)
8287,-8.61,116.58,16,3.88044,2018-08-01 02:38:28,453.7873470652894,9048.239329030526,28.864030903381853,main sequence,intermediate (25-75 km)
8288,-8.69,116.45,22,3.27896,2018-08-01 04:11:55,439.49582791907295,9039.37639719006,35.73497649965408,main sequence,intermediate (25-75 km)
8289,-8.86,116.24,14,3.443,2018-08-01 04:16:19,416.43115028253186,9020.540404485637,60.53817664544169,main sequence,intermediate (25-75 km)
8290,-8.78,116.39,15,3.66172,2018-08-01 04:49:35,432.91123390321013,9029.415751476894,46.65152434818383,main sequence,intermediate (25-75 km)
8291,-8.34,116.64,10,3.88044,2018-08-01 08:34:56,460.36160343802965,9078.09624718898,17.91566806562437,main sequence,near field (<=25 km)
8292,-8.38,116.57,10,3.82576,2018-08-01 08:49:01,452.65883472058783,9073.666279197258,9.963067881608307,main sequence,near field (<=25 km)
8293,-8.25,116.68,10,4.42724,2018-08-01 10:04:01,464.7578993549713,9088.049971500866,25.734945697617672,main sequence,intermediate (25-75 km)
8294,-8.36,116.63,11,3.9898,2018-08-01 10:06:33,459.2625958902273,9075.884116171397,16.539215985587095,main sequence,near field (<=25 km)
8295,-8.38,116.61,17,3.66172,2018-08-01 10:10:55,457.0627329753213,9073.670872002187,14.344351463301775,main sequence,near field (<=25 km)
8296,-8.26,116.67,10,4.15384,2018-08-01 10:12:20,463.65748638122136,9086.943528076907,24.22033992506699,main sequence,near field (<=25 km)
8297,-8.24,116.68,10,4.48192,2018-08-01 10:44:02,464.75701387929786,9089.155516899948,26.328891311321893,main sequence,intermediate (25-75 km)
8298,-8.82,116.37,18,3.38832,2018-08-01 11:02:53,430.7189581749434,9024.989620323526,51.47852938118122,main sequence,intermediate (25-75 km)
8300,-8.23,116.67,10,3.93512,2018-08-01 11:33:35,463.65474693642165,9090.260167444498,26.06512092363715,main sequence,intermediate (25-75 km)
8301,-8.03,117.25,11,3.33364,2018-08-01 11:55:10,527.5478636665873,9112.377204457487,92.7952568568843,main sequence,far field (>75 km)
8302,-8.6,116.48,17,3.11492,2018-08-01 12:01:14,442.78257053238866,9049.331408783593,25.57483312824851,main sequence,intermediate (25-75 km)
8303,-8.67,116.36,10,3.88044,2018-08-01 15:00:27,429.59104965139306,9041.572100928073,35.87374585150173,main sequence,intermediate (25-75 km)
8304,-8.8,116.49,30,3.443,2018-08-01 16:12:17,443.91270622012667,9027.220957038558,47.82645824842814,main sequence,intermediate (25-75 km)
8305,-8.66,116.3,10,3.27896,2018-08-01 16:33:14,422.9878733082837,9042.666095970355,37.83726320475804,main sequence,intermediate (25-75 km)
8306,-8.68,116.5,36,3.38832,2018-08-01 16:37:44,444.99489113527756,9040.489606463907,34.54051799562791,main sequence,intermediate (25-75 km)
8307,-8.78,116.47,24,3.49768,2018-08-01 16:54:55,441.71001966473557,9029.42911314084,45.60317681978095,main sequence,intermediate (25-75 km)
8308,-8.88,116.46,19,3.33364,2018-08-01 17:05:47,440.62617345242955,9018.371454031094,56.75202143741517,main sequence,intermediate (25-75 km)
8311,-8.41,116.63,10,3.443,2018-08-01 17:55:14,459.26780143472826,9070.356322473786,17.08967901066368,main sequence,near field (<=25 km)
8313,-8.84,116.46,22,3.55236,2018-08-01 18:01:55,440.6197535947114,9022.79389761554,52.307852514320864,main sequence,intermediate (25-75 km)
8315,-8.9,116.27,10,3.60704,2018-08-01 18:39:49,419.7387940304631,9016.12440750448,63.293806504589504,main sequence,intermediate (25-75 km)
8316,-8.76,116.3,15,3.27896,2018-08-01 18:46:13,423.00832976410777,9031.609753024217,47.66894463708712,main sequence,intermediate (25-75 km)
8317,-8.61,116.55,18,3.22428,2018-08-01 18:48:15,450.48638019175365,9048.235577045736,27.774967834359572,main sequence,intermediate (25-75 km)
8318,-8.7,116.45,29,3.38832,2018-08-01 19:16:34,439.49743238909997,9038.270794089813,36.84231649427329,main sequence,intermediate (25-75 km)
8319,-8.73,116.44,23,3.22428,2018-08-01 19:18:21,438.4022644851401,9034.95236406694,40.271085873288555,main sequence,intermediate (25-75 km)
8320,-8.85,116.39,23,3.33364,2018-08-01 19:31:48,432.923861286603,9021.67640252154,54.28299091109117,main sequence,intermediate (25-75 km)
8321,-8.83,116.29,13,3.443,2018-08-01 19:44:33,421.9230599204265,9023.868201541543,55.25085256115679,main sequence,intermediate (25-75 km)
8322,-8.78,116.34,11,3.33364,2018-08-01 19:59:30,427.41193009280727,9029.406447945656,48.11852572202851,main sequence,intermediate (25-75 km)
8323,-8.78,116.32,14,3.443,2018-08-01 20:02:49,425.21219393622874,9029.40252137167,48.86643794171595,main sequence,intermediate (25-75 km)
8324,-8.81,116.31,13,3.443,2018-08-01 20:09:05,424.11843043844954,9026.083603340581,52.37447648369088,main sequence,intermediate (25-75 km)
8325,-8.28,116.67,10,3.7164,2018-08-01 20:55:56,463.6593181791768,9084.732432420302,23.17639657748095,main sequence,near field (<=25 km)
8326,-8.72,116.52,22,3.22428,2018-08-01 21:41:42,447.20075013641434,9036.070079395568,39.165983397214866,main sequence,intermediate (25-75 km)
8327,-8.67,116.39,11,3.66172,2018-08-01 23:22:12,432.89159198431634,9041.577528406122,34.795695815451474,main sequence,intermediate (25-75 km)
8329,-8.4,116.63,10,3.443,2018-08-02 00:16:37,459.2667578592977,9071.461882327543,16.83475935107893,main sequence,near field (<=25 km)
8331,-8.85,116.45,20,3.443,2018-08-02 02:24:45,439.52171924173723,9021.686678326618,53.47537590047184,main sequence,intermediate (25-75 km)
8333,-8.74,116.35,10,3.49768,2018-08-02 03:17:15,428.50415368955873,9033.830872248187,43.5546362753366,main sequence,intermediate (25-75 km)
8334,-8.69,116.32,14,3.55236,2018-08-02 05:37:46,425.1942583128612,9039.353202724265,39.69467405572617,main sequence,intermediate (25-75 km)
8335,-8.75,116.34,10,3.443,2018-08-02 06:05:45,427.4061076468166,9032.723333897076,44.970848055534745,main sequence,intermediate (25-75 km)
8336,-8.68,116.32,15,3.49768,2018-08-02 06:54:06,425.192276790251,9040.458831123557,38.70116456625857,main sequence,intermediate (25-75 km)
8337,-8.51,116.52,10,3.443,2018-08-02 07:49:19,447.17161373742476,9059.287403602822,16.17705859862572,main sequence,near field (<=25 km)
8338,-8.82,116.24,14,3.443,2018-08-02 07:53:22,416.4221345267035,9024.96302819077,56.56895771151933,main sequence,intermediate (25-75 km)
8339,-8.71,116.41,10,3.22428,2018-08-02 08:33:46,435.0988244457259,9037.158561199001,38.5819043072974,main sequence,intermediate (25-75 km)
8341,-8.26,116.69,10,4.09916,2018-08-02 11:17:00,465.86008437782374,9086.945295413308,26.143271957932846,main sequence,intermediate (25-75 km)
8342,-8.73,116.47,25,3.38832,2018-08-02 11:29:18,441.7022361233742,9034.957128457374,40.04527307042969,main sequence,intermediate (25-75 km)
8343,-8.69,116.44,26,3.22428,2018-08-02 12:01:00,438.3957187070884,9039.374787097599,35.85321633182536,main sequence,intermediate (25-75 km)
8344,-8.75,116.46,24,3.27896,2018-08-02 12:30:56,440.6054140994415,9032.744361618352,42.311260264191745,main sequence,intermediate (25-75 km)
8347,-8.88,116.47,15,3.22428,2018-08-02 13:38:56,441.72571911089784,9018.37303895191,56.7200678016794,main sequence,intermediate (25-75 km)
8348,-8.59,116.34,10,3.1696,2018-08-02 14:13:22,427.37538874510204,9050.413305321626,28.905069167345136,main sequence,intermediate (25-75 km)
8349,-8.81,116.36,21,3.27896,2018-08-02 14:42:25,429.61732291252173,9026.093378745292,50.673502425708094,main sequence,intermediate (25-75 km)
8351,-8.26,116.48,10,4.15384,2018-08-02 15:49:24,442.73255563236785,9086.921228775267,12.231441930901408,main sequence,near field (<=25 km)
8352,-8.59,116.36,17,3.9898,2018-08-02 16:16:18,429.5762239553967,9050.41703472718,27.795805659895752,main sequence,intermediate (25-75 km)
8353,-8.48,116.85,10,4.09916,2018-08-02 16:31:30,483.490014362922,9062.633591874137,42.49642228125532,main sequence,intermediate (25-75 km)
8354,-8.78,116.72,18,3.11492,2018-08-02 16:46:20,469.20559728926855,9029.458780221265,52.67626308450613,main sequence,intermediate (25-75 km)
8355,-8.6,116.82,25,3.55236,2018-08-02 17:02:24,480.1941968828726,9049.365583418563,45.30194940143711,main sequence,intermediate (25-75 km)
8356,-8.45,116.86,10,3.7164,2018-08-02 17:15:30,484.589489294037,9065.950635207928,42.73577685122559,main sequence,intermediate (25-75 km)
8358,-8.59,116.82,21,3.55236,2018-08-02 18:14:09,480.1936778147814,9050.471137068487,44.6840439357146,main sequence,intermediate (25-75 km)
8359,-8.59,116.76,13,3.33364,2018-08-02 18:19:19,473.59153792264715,9050.467522755098,39.32828502474822,main sequence,intermediate (25-75 km)
8360,-8.51,116.85,12,3.49768,2018-08-02 18:23:04,483.4912970368467,9059.316952806375,43.572346102064344,main sequence,intermediate (25-75 km)
8361,-8.29,116.63,11,4.8776,2018-08-02 19:07:21,459.2553599296527,9083.623004048532,18.7480559782181,main sequence,near field (<=25 km)
8362,-8.25,116.64,10,4.42724,2018-08-02 19:17:43,460.3525839240889,9088.046220319187,22.089829096593675,main sequence,near field (<=25 km)
8363,-8.78,116.26,17,3.27896,2018-08-02 19:35:47,418.61293195293695,9029.390038208163,51.60975162255008,main sequence,intermediate (25-75 km)
8364,-8.84,116.44,13,3.27896,2018-08-02 19:52:21,438.42041923415957,9022.79065309776,52.4463189120353,main sequence,intermediate (25-75 km)
8365,-8.33,116.61,10,3.443,2018-08-02 20:01:22,457.0572655290948,9079.198669702148,14.977754046587416,main sequence,near field (<=25 km)
8366,-8.69,116.47,24,3.55236,2018-08-02 20:04:14,441.696041062612,9039.379530330158,35.59936438179039,main sequence,intermediate (25-75 km)
8367,-8.79,116.39,21,3.443,2018-08-02 20:09:57,432.91303172143415,9028.310131936834,47.7387254885938,main sequence,intermediate (25-75 km)
8369,-8.89,116.38,26,3.443,2018-08-02 20:40:22,431.831590997619,9017.252080656739,58.85718459635049,main sequence,intermediate (25-75 km)
8370,-8.78,116.42,20,3.27896,2018-08-02 20:40:54,436.2107923919138,9029.420981901327,46.064764662300156,main sequence,intermediate (25-75 km)
8371,-8.77,116.4,25,3.22428,2018-08-02 20:55:40,434.00932230918676,9030.523141265121,45.33943004691503,main sequence,intermediate (25-75 km)
8372,-8.78,116.38,18,3.38832,2018-08-02 23:00:36,431.8113771931554,9029.413949387086,46.89706316518863,main sequence,intermediate (25-75 km)
8373,-8.42,116.54,10,3.60704,2018-08-03 00:31:06,449.3610832485535,9069.240253721171,8.629804964436925,main sequence,near field (<=25 km)
8374,-8.33,116.62,10,3.49768,2018-08-03 03:33:07,458.1583770609859,9079.199741634582,16.031616777205862,main sequence,near field (<=25 km)
8375,-8.33,116.64,10,3.9898,2018-08-03 06:04:54,460.3605964691233,9079.201801966441,18.155828661888425,main sequence,near field (<=25 km)
8377,-8.26,116.49,10,3.77108,2018-08-03 07:49:03,443.83388098835184,9086.922650986766,12.280828322745496,main sequence,near field (<=25 km)
8380,-8.26,116.46,10,3.77108,2018-08-03 15:48:09,440.52989983656096,9086.918301493448,12.427810026034148,main sequence,near field (<=25 km)
8381,-8.87,116.43,19,3.38832,2018-08-03 15:58:40,437.32582895387515,9019.472138643541,55.86854318426706,main sequence,intermediate (25-75 km)
8382,-8.16,116.39,10,3.7164,2018-08-03 17:18:43,432.80373844619646,9097.963059396086,25.36429340719582,main sequence,intermediate (25-75 km)
8383,-8.75,116.39,19,3.27896,2018-08-03 17:22:10,432.9058526369497,9032.732606631269,43.39744605757146,main sequence,intermediate (25-75 km)
8384,-8.61,116.4,12,3.27896,2018-08-03 19:01:54,433.9813326083967,9048.212935238631,28.099662400073644,main sequence,intermediate (25-75 km)
8385,-8.21,116.64,10,3.49768,2018-08-03 19:08:17,460.34860645870083,9092.468416318137,25.02942892452329,main sequence,intermediate (25-75 km)
8386,-8.8,116.37,22,3.38832,2018-08-03 19:30:23,430.7152341363494,9027.200870314216,49.31972104256963,main sequence,intermediate (25-75 km)
8387,-8.79,116.44,19,3.55236,2018-08-03 20:15:35,438.4121391034445,9028.318712231152,46.90849677831414,main sequence,intermediate (25-75 km)
8389,-8.46,116.53,10,3.27896,2018-08-03 21:17:24,448.265538225978,9064.816643687953,11.41926935847349,main sequence,near field (<=25 km)
8390,-8.71,116.36,10,3.443,2018-08-03 21:28:19,429.59851366624514,9037.149620359922,40.0428978379609,main sequence,intermediate (25-75 km)
8392,-8.58,116.49,17,3.88044,2018-08-03 23:56:38,443.87999408275635,9051.544068297451,23.376820156524516,main sequence,near field (<=25 km)
8393,-8.68,116.87,10,3.11492,2018-08-04 01:55:57,485.69883432356824,9040.523379216136,55.022632352967264,main sequence,intermediate (25-75 km)
8394,-8.28,116.64,10,4.79814,2018-08-04 05:44:54,460.35557962675034,9084.729567566164,20.249486807544574,main sequence,near field (<=25 km)
8395,-8.28,116.64,10,4.09916,2018-08-04 07:00:10,460.35557962675034,9084.729567566164,20.249486807544574,main sequence,near field (<=25 km)
8396,-8.82,116.42,13,3.55236,2018-08-04 08:58:08,436.2176415228965,9024.99852334287,50.47068692662956,main sequence,intermediate (25-75 km)
8398,-8.76,116.44,17,3.443,2018-08-04 11:18:54,438.40719340210325,9031.63554074923,43.58848282444232,main sequence,intermediate (25-75 km)
8400,-8.35,116.61,10,3.443,2018-08-04 12:19:44,457.059448607441,9076.987552285644,14.473612636894645,main sequence,near field (<=25 km)
8401,-8.79,116.4,14,3.443,2018-08-04 12:52:05,434.0128569920286,9028.311906674659,47.52298940591504,main sequence,intermediate (25-75 km)
8402,-8.48,116.64,18,3.49768,2018-08-04 13:55:45,460.3758269975548,9062.618421839354,21.432212141369174,main sequence,near field (<=25 km)
8403,-8.77,116.31,12,3.38832,2018-08-04 14:15:00,424.11029124112156,9030.506149893656,48.24605717532426,main sequence,intermediate (25-75 km)
8404,-8.67,116.32,16,3.38832,2018-08-04 14:19:25,425.1902975327361,9041.564458952762,37.71426766131605,main sequence,intermediate (25-75 km)
8405,-8.27,116.7,10,3.77108,2018-08-04 15:14:17,466.96221398565575,9085.840593175719,26.63729182420449,main sequence,intermediate (25-75 km)
8406,-8.05,116.51,10,3.55236,2018-08-04 15:30:40,446.00836106473065,9110.142233579372,35.735226967057265,main sequence,intermediate (25-75 km)
8407,-8.89,116.33,25,3.33364,2018-08-04 15:41:51,426.3339073935379,9017.242515970365,60.12687453579925,main sequence,intermediate (25-75 km)
8409,-8.76,116.33,13,3.66172,2018-08-04 18:16:05,426.3081204042117,9031.61576149023,46.396520777551586,main sequence,intermediate (25-75 km)
8411,-8.71,116.36,10,3.443,2018-08-04 22:38:45,429.59851366624514,9037.149620359922,40.0428978379609,main sequence,intermediate (25-75 km)
8412,-8.8,116.37,19,3.55236,2018-08-04 22:43:35,430.7152341363494,9027.200870314216,49.31972104256963,main sequence,intermediate (25-75 km)
8413,-8.73,116.32,11,3.49768,2018-08-05 00:40:28,425.202207053115,9034.930683413497,43.72577897896934,main sequence,intermediate (25-75 km)
8417,-8.69,116.32,12,3.443,2018-08-05 04:39:18,425.1942583128612,9039.353202724265,39.69467405572617,main sequence,intermediate (25-75 km)
8418,-8.89,116.39,18,3.55236,2018-08-05 05:48:58,432.9311216175085,9017.25390460271,58.6617857149691,main sequence,intermediate (25-75 km)
8420,-8.37,116.48,15,6.79469,2018-08-05 11:46:35,442.7485176728523,9074.759886775691,0.0,main sequence,near field (<=25 km)
8421,-8.29,116.01,10,4.8776,2018-08-05 12:03:23,390.97605420359815,9083.506156361125,52.46981714213525,main sequence,intermediate (25-75 km)
8422,-8.31,116.16,24,4.5366,2018-08-05 12:07:05,407.50075812509016,9081.33290546334,35.83266289548441,main sequence,intermediate (25-75 km)
8423,-8.37,116.01,10,4.64596,2018-08-05 12:08:41,390.99819903293405,9074.660615214823,51.70495758700517,main sequence,intermediate (25-75 km)
8425,-8.11,116.15,10,4.79814,2018-08-05 12:18:03,406.3526494407588,9103.443444626724,46.41811255655581,main sequence,intermediate (25-75 km)
8426,-8.16,116.23,11,4.5366,2018-08-05 12:21:36,415.17757078455674,9097.932929009003,36.08414841202683,main sequence,intermediate (25-75 km)
8427,-8.11,116.15,10,4.4,2018-08-05 12:24:07,406.3526494407588,9103.443444626724,46.41811255655581,main sequence,intermediate (25-75 km)
8428,-8.34,116.38,12,4.48192,2018-08-05 12:25:02,431.73302091991275,9078.060733623892,11.496104273419817,main sequence,near field (<=25 km)
8429,-8.15,116.46,10,4.59128,2018-08-05 12:27:12,440.5135416474252,9099.079615291714,24.561684118995544,main sequence,near field (<=25 km)
8430,-8.3,116.04,29,4.20852,2018-08-05 12:33:30,394.28278610743223,9082.408582629068,49.03075006707932,main sequence,intermediate (25-75 km)
8431,-8.26,116.04,10,4.64596,2018-08-05 12:35:18,394.2721133986749,9086.831304418247,49.93271926367091,main sequence,intermediate (25-75 km)
8432,-8.35,116.2,10,3.9898,2018-08-05 12:40:08,411.9147136258713,9076.919468063566,30.88391864651372,main sequence,intermediate (25-75 km)
8433,-8.26,116.21,10,4.95706,2018-08-05 12:42:31,412.99602843766417,9086.872388081589,32.12655523310164,main sequence,intermediate (25-75 km)
8434,-8.17,116.05,20,4.09916,2018-08-05 12:46:21,395.34996548244436,9096.785006950195,52.28223205793112,main sequence,intermediate (25-75 km)
8435,-8.21,116.16,10,4.04448,2018-08-05 12:48:07,407.477468860945,9092.389348124361,39.45009581054354,main sequence,intermediate (25-75 km)
8436,-8.41,116.16,17,5.35436,2018-08-05 12:49:53,407.5243274655434,9070.276408565163,35.48144752432402,main sequence,intermediate (25-75 km)
8437,-8.22,116.22,15,4.31788,2018-08-05 12:58:04,414.08878134465215,9091.297065645742,33.115362326740545,main sequence,intermediate (25-75 km)
8438,-8.21,116.47,10,4.8776,2018-08-05 13:07:35,441.62390425572823,9092.447648295414,17.825181797926344,main sequence,near field (<=25 km)
8439,-8.28,116.2,11,4.79814,2018-08-05 13:12:13,411.8990850054028,9084.658924144736,32.39122482955404,main sequence,intermediate (25-75 km)
8440,-8.34,116.3,10,4.09916,2018-08-05 13:24:36,422.9239799360543,9078.046014621928,20.081665332071143,main sequence,near field (<=25 km)
8441,-8.22,116.27,10,4.04448,2018-08-05 13:30:21,419.59620835099565,9091.307442294139,28.497609875167893,main sequence,intermediate (25-75 km)
8442,-8.33,116.0,10,4.04448,2018-08-05 13:32:07,389.8858525002561,9079.080619197046,52.99475006027336,main sequence,intermediate (25-75 km)
8443,-8.14,116.63,10,3.9898,2018-08-05 13:39:33,459.24005785053413,9100.206244639283,30.439016086615073,main sequence,intermediate (25-75 km)
8444,-8.36,116.13,11,4.31788,2018-08-05 13:45:21,404.20914250347266,9075.797496220925,38.520239473376165,main sequence,intermediate (25-75 km)
8445,-8.59,116.35,13,3.9898,2018-08-05 13:50:17,428.47580739811673,9050.4151843713,28.3345262082535,main sequence,intermediate (25-75 km)
8446,-8.12,116.28,10,4.09916,2018-08-05 13:51:18,420.6779413351721,9102.365524967137,35.456594098419,main sequence,intermediate (25-75 km)
8447,-8.22,116.48,10,4.15384,2018-08-05 13:56:24,442.7268032661342,9091.3435185173,16.679238996683658,main sequence,near field (<=25 km)
8448,-8.17,116.07,21,4.5366,2018-08-05 14:00:29,397.5533130501284,9096.790144483497,50.29919699734056,main sequence,intermediate (25-75 km)
8449,-8.09,116.43,10,4.48192,2018-08-05 14:10:40,437.1993143467336,9105.708525651262,31.61707382448822,main sequence,intermediate (25-75 km)
8450,-8.16,116.21,10,4.04448,2018-08-05 14:13:53,412.9742576101073,9097.928671319822,37.78885045350662,main sequence,intermediate (25-75 km)
8451,-8.2,116.5,10,3.7,2018-08-05 14:19:16,444.92691805687906,9093.557457026196,19.030807560674635,main sequence,near field (<=25 km)
8452,-8.2,116.28,10,4.59128,2018-08-05 14:24:39,420.69371827836994,9093.520657401528,29.010884048812173,main sequence,intermediate (25-75 km)
8453,-8.37,116.0,10,4.20852,2018-08-05 14:26:50,389.8970634877574,9074.65783138433,52.80506293266458,main sequence,intermediate (25-75 km)
8454,-8.18,116.19,10,4.20852,2018-08-05 14:35:12,410.7753770113161,9095.713041658388,38.27074291815344,main sequence,intermediate (25-75 km)
8455,-8.19,116.51,10,4.64596,2018-08-05 14:42:16,446.0270581335896,9094.66437940237,20.285482201985122,main sequence,near field (<=25 km)
8456,-8.38,116.11,10,4.2,2018-08-05 14:45:36,402.01188546238956,9073.58124948462,40.71856634071669,main sequence,intermediate (25-75 km)
8457,-8.11,116.41,10,4.42724,2018-08-05 14:51:41,434.998915815681,9103.494231295155,29.919358888987546,main sequence,intermediate (25-75 km)
8458,-8.25,116.19,10,4.5366,2018-08-05 14:53:01,410.79101198367243,9087.97360509298,34.58559649854494,main sequence,intermediate (25-75 km)
8459,-8.16,116.22,10,3.88044,2018-08-05 14:59:45,414.0759154619131,9097.930813815015,36.92994196360319,main sequence,intermediate (25-75 km)
8460,-8.17,116.01,10,4.64596,2018-08-05 15:11:29,390.94323312501103,9096.774403802827,56.296867451331615,main sequence,intermediate (25-75 km)
8461,-8.3,116.49,10,4.20852,2018-08-05 15:16:39,443.8395499253926,9082.500359195798,7.861016253806691,main sequence,near field (<=25 km)
8462,-8.23,116.44,10,3.6,2018-08-05 15:18:30,438.32258805315536,9090.232002922967,16.177488923489058,main sequence,near field (<=25 km)
8463,-8.22,116.17,10,4.20852,2018-08-05 15:20:43,408.58129115761653,9091.286001585819,37.96940140839226,main sequence,intermediate (25-75 km)
8464,-8.7,116.42,10,4.09916,2018-08-05 15:21:43,436.1971868425813,9038.265871281897,37.28276414709204,main sequence,intermediate (25-75 km)
8465,-8.26,116.47,10,4.59128,2018-08-05 15:26:52,441.631228592566,9086.919778944233,12.280828322745636,main sequence,near field (<=25 km)
8466,-8.43,116.38,10,3.82576,2018-08-05 15:30:21,431.7487229394379,9068.110343389832,12.865304180499407,main sequence,near field (<=25 km)
8467,-8.51,116.1,12,3.60704,2018-08-05 15:31:52,400.9439697031015,9059.205015890733,44.601389375235435,main sequence,intermediate (25-75 km)
8468,-8.21,116.23,10,4.20852,2018-08-05 15:34:02,415.1881484363941,9092.404819483336,32.760193860568265,main sequence,intermediate (25-75 km)
8469,-8.25,116.22,11,3.77108,2018-08-05 15:37:09,414.0952494031652,9087.980184302964,31.566025148219737,main sequence,intermediate (25-75 km)
8470,-8.23,116.5,10,4.15384,2018-08-05 15:45:04,444.9310538722238,9090.2407537546,15.72205995184336,main sequence,near field (<=25 km)
8471,-8.24,116.03,10,4.09916,2018-08-05 15:46:55,393.1653076461135,9089.040003006845,51.579945316381924,main sequence,intermediate (25-75 km)
8472,-8.37,116.4,10,4.04448,2018-08-05 15:49:04,433.9403075989696,9074.747354661555,8.800844352302294,main sequence,near field (<=25 km)
8473,-8.23,116.02,13,3.88044,2018-08-05 15:59:18,392.0611068134483,9090.14300069475,52.953820857119894,main sequence,intermediate (25-75 km)
8474,-8.13,116.49,10,3.88044,2018-08-05 16:02:43,443.8156448601964,9101.295039115119,26.70946134965639,main sequence,intermediate (25-75 km)
8475,-8.19,116.21,10,3.9898,2018-08-05 16:12:57,412.9807611943292,9094.611791986368,35.822728147012306,main sequence,intermediate (25-75 km)
8476,-8.1,116.25,10,4.15384,2018-08-05 16:29:56,417.3685931269422,9104.570761600015,39.2684389190369,main sequence,intermediate (25-75 km)
8477,-8.32,116.22,10,3.82576,2018-08-05 16:33:33,414.11043257258416,9080.240775566821,29.13987922537964,main sequence,intermediate (25-75 km)
8478,-8.24,116.2,10,4.09916,2018-08-05 16:40:13,411.8902130497012,9089.08145854832,34.030780216579295,main sequence,intermediate (25-75 km)
8479,-8.32,116.27,10,4.95706,2018-08-05 16:49:41,419.61647129643353,9080.25127492137,23.76323975981424,main sequence,near field (<=25 km)
8480,-8.75,116.08,11,3.93512,2018-08-05 16:57:02,398.8064871915405,9032.663342324802,60.99065534629168,main sequence,intermediate (25-75 km)
8481,-8.1,116.27,10,4.04448,2018-08-05 16:57:48,419.5722141649589,9104.574771979003,37.887158942647005,main sequence,intermediate (25-75 km)
8482,-8.46,116.17,10,3.77108,2018-08-05 17:04:33,408.63705107661985,9064.75049997831,35.53750510983749,main sequence,intermediate (25-75 km)
8484,-8.36,116.57,10,4.2632,2018-08-05 17:09:56,452.65641911665034,9075.877410590912,9.963320543793103,main sequence,near field (<=25 km)
8485,-8.3,116.41,10,4.2632,2018-08-05 17:11:08,435.02978750661896,9082.488150945139,10.949755060923637,main sequence,near field (<=25 km)
8486,-8.27,116.18,15,3.82576,2018-08-05 17:22:58,409.6941412210822,9085.760079099324,34.830025156881426,main sequence,intermediate (25-75 km)
8487,-8.17,116.15,25,4.09916,2018-08-05 17:24:45,406.36658530210093,9096.80960108554,42.58153119715382,main sequence,intermediate (25-75 km)
8488,-8.23,116.19,10,3.82576,2018-08-05 17:28:45,410.7865313422868,9090.184875370505,35.50365674178161,main sequence,intermediate (25-75 km)
8489,-8.05,116.48,10,4.31788,2018-08-05 17:30:40,442.70266526019833,9110.138153331025,35.582376526258706,main sequence,intermediate (25-75 km)
8490,-8.26,116.05,10,4.59128,2018-08-05 17:42:35,395.37354348308673,9086.833942150473,48.86672343668272,main sequence,intermediate (25-75 km)
8491,-8.3,116.41,10,3.9898,2018-08-05 17:48:02,435.02978750661896,9082.488150945139,10.949755060923637,main sequence,near field (<=25 km)
8492,-8.23,116.61,10,4.09916,2018-08-05 17:59:41,457.0464281496245,9090.254223708731,21.141023513325205,main sequence,near field (<=25 km)
8494,-8.21,116.19,10,3.7164,2018-08-05 18:23:44,410.78206150578603,9092.39614349556,36.5341917333277,main sequence,intermediate (25-75 km)
8495,-8.16,116.08,10,4.04448,2018-08-05 18:28:33,398.6524606245655,9097.898334320433,49.826429482311426,main sequence,intermediate (25-75 km)
8496,-8.16,116.51,10,4.31788,2018-08-05 18:36:03,446.02302465315887,9097.981071330965,23.583130864219203,main sequence,near field (<=25 km)
8497,-8.14,116.25,10,4.42724,2018-08-05 18:41:13,417.37677035045766,9100.148307663801,35.98137851460256,main sequence,intermediate (25-75 km)
8498,-8.39,116.19,12,4.5,2018-08-05 18:47:18,410.8226789667589,9072.49465245366,31.979660010244185,main sequence,intermediate (25-75 km)
8499,-8.26,116.18,10,3.93512,2018-08-05 18:55:23,409.6918663967538,9086.865718236233,35.20118527937646,main sequence,intermediate (25-75 km)
8500,-8.13,116.2,10,4.20852,2018-08-05 18:57:12,411.8660352771256,9101.24338381129,40.76255126035236,main sequence,intermediate (25-75 km)
8501,-8.49,116.17,17,4.09916,2018-08-05 19:20:03,408.644133124914,9061.433540094284,36.615831152675774,main sequence,intermediate (25-75 km)
8502,-8.09,116.27,10,4.15384,2018-08-05 19:43:50,419.57023047630247,9105.680379313706,38.77439792610126,main sequence,intermediate (25-75 km)
8503,-8.23,116.25,10,4.31788,2018-08-05 19:44:55,417.39531544164413,9090.197755009845,29.711651279704736,main sequence,intermediate (25-75 km)
8504,-8.13,116.42,10,3.82576,2018-08-05 20:05:42,436.1038274800537,9101.284664938565,27.491440681706145,main sequence,intermediate (25-75 km)
8505,-8.19,116.21,13,3.93512,2018-08-05 20:18:37,412.9807611943292,9094.611791986368,35.822728147012306,main sequence,intermediate (25-75 km)
8506,-8.16,116.37,17,3.82576,2018-08-05 20:24:24,430.60049790216107,9097.959675269083,26.30175957631559,main sequence,intermediate (25-75 km)
8507,-8.25,116.2,15,3.93512,2018-08-05 20:27:09,411.892427037087,9087.975825757552,33.57319017446712,main sequence,intermediate (25-75 km)
8508,-8.28,116.19,15,3.9898,2018-08-05 20:32:55,410.79775320378354,9084.656695629668,33.439356488861456,main sequence,intermediate (25-75 km)
8509,-8.28,116.22,10,4.42724,2018-08-05 20:35:13,414.10174087088103,9084.663298098485,30.30604356951597,main sequence,intermediate (25-75 km)
8510,-8.14,116.22,10,4.31788,2018-08-05 20:37:10,414.07164764629886,9100.14205892235,38.37535463107171,main sequence,intermediate (25-75 km)
8511,-8.24,116.26,10,4.79814,2018-08-05 20:41:26,418.4988161885247,9089.094188037478,28.194038049311743,main sequence,intermediate (25-75 km)
8512,-8.19,116.22,22,4.20852,2018-08-05 20:49:06,414.082336697013,9094.613942144024,34.91555687594081,main sequence,intermediate (25-75 km)
8513,-8.51,116.01,10,3.82576,2018-08-05 21:10:12,391.0374607576652,9059.180834620944,53.98867198951136,main sequence,intermediate (25-75 km)
8514,-8.19,116.22,11,4.42724,2018-08-05 21:17:40,414.082336697013,9094.613942144024,34.91555687594081,main sequence,intermediate (25-75 km)
8519,-7.99,116.02,46,4.20852,2018-08-05 22:24:44,391.99706948950603,9116.679266544466,65.94481836456569,main sequence,intermediate (25-75 km)
8520,-8.24,116.06,11,4.31788,2018-08-05 22:28:09,396.46976416811964,9089.047897573231,48.42019526073465,main sequence,intermediate (25-75 km)
8521,-8.29,116.02,19,4.2632,2018-08-05 22:44:03,392.0774103403704,9083.508886599351,51.385864712101636,main sequence,intermediate (25-75 km)
8522,-8.4,116.21,10,3.93512,2018-08-05 23:23:27,413.02695014708195,9071.393500591039,29.888443923919596,main sequence,intermediate (25-75 km)
8523,-8.69,116.1,10,3.88044,2018-08-05 23:34:12,400.99072188508603,9039.302778036981,54.883754133010605,main sequence,intermediate (25-75 km)
8524,-8.18,116.12,24,4.2,2018-08-05 23:46:40,403.06404469248014,9095.69685899407,44.895122334277474,main sequence,intermediate (25-75 km)
8525,-8.04,116.28,11,4.15384,2018-08-06 00:00:48,420.6623180963145,9111.210358396153,42.78985040347992,main sequence,intermediate (25-75 km)
8526,-8.36,116.27,20,5.11598,2018-08-06 00:28:20,419.6246446253586,9075.828792722248,23.129256886057775,main sequence,near field (<=25 km)
8527,-8.12,116.3,10,3.8,2018-08-06 00:31:54,422.88143933564527,9102.369381967575,34.134058590055545,main sequence,intermediate (25-75 km)
8528,-8.29,116.25,12,4.31788,2018-08-06 00:34:59,417.4077913868051,9083.564028983637,26.823040905381898,main sequence,intermediate (25-75 km)
8529,-8.19,116.27,12,4.09916,2018-08-06 00:52:54,419.590176935923,9094.624281955965,30.57059100400923,main sequence,intermediate (25-75 km)
8530,-8.47,116.41,10,3.93512,2018-08-06 00:55:12,435.0580114825158,9063.693069466779,13.525132416956168,main sequence,near field (<=25 km)
8531,-8.25,116.28,10,3.7164,2018-08-06 01:00:00,420.70365690798747,9087.992597692564,25.734945697617672,main sequence,intermediate (25-75 km)
8532,-8.17,116.06,19,3.77108,2018-08-06 01:17:32,396.4516407901747,9096.787589386551,51.288494378210025,main sequence,intermediate (25-75 km)
8533,-8.22,116.14,10,3.66172,2018-08-06 01:29:01,405.2767650333192,9091.279033175137,40.960481716048186,main sequence,intermediate (25-75 km)
8534,-8.22,116.3,10,4.5366,2018-08-06 01:53:45,422.90063591333814,9091.313338341983,25.893288455100222,main sequence,intermediate (25-75 km)
8535,-8.3,116.21,10,3.93512,2018-08-06 02:03:32,413.0048105330432,9082.4498596862,30.708346228310557,main sequence,intermediate (25-75 km)
8536,-8.04,116.27,10,4.09916,2018-08-06 02:21:29,419.56034856164837,9111.208408031589,43.36625780508837,main sequence,intermediate (25-75 km)
8537,-8.39,116.17,10,3.7164,2018-08-06 02:26:19,408.62062312456464,9072.490053744621,34.17483052034252,main sequence,intermediate (25-75 km)
8538,-8.23,116.3,15,4.2632,2018-08-06 02:34:31,422.902568410955,9090.207731018598,25.19118753103723,main sequence,intermediate (25-75 km)
8539,-8.16,116.32,10,3.88044,2018-08-06 02:37:42,425.0923602276079,9097.950737251844,29.244679462907555,main sequence,intermediate (25-75 km)
8540,-8.24,116.2,12,3.77108,2018-08-06 02:45:47,411.8902130497012,9089.08145854832,34.030780216579295,main sequence,intermediate (25-75 km)
8541,-8.22,116.01,18,4.15384,2018-08-06 03:15:22,390.9568507933963,9091.245976687533,54.33804672125714,main sequence,intermediate (25-75 km)
8543,-8.08,116.24,10,4.42724,2018-08-06 03:33:47,416.26265104234966,9106.779944447853,41.68267653593731,main sequence,intermediate (25-75 km)
8544,-8.19,116.19,10,3.77108,2018-08-06 03:38:42,410.77760247468314,9094.60740947323,37.66797122049459,main sequence,intermediate (25-75 km)
8545,-8.25,116.7,10,4.2632,2018-08-06 03:48:45,466.9605507231401,9088.051681589912,27.64015392768994,main sequence,intermediate (25-75 km)
8546,-8.33,116.01,14,3.9898,2018-08-06 04:03:05,390.98710021061544,9079.083390100013,51.8985521049772,main sequence,intermediate (25-75 km)
8547,-8.21,116.5,10,4.09916,2018-08-06 04:21:07,444.92829499466865,9092.45188981282,17.926775646317683,main sequence,near field (<=25 km)
8548,-8.6,116.11,10,3.77108,2018-08-06 04:25:26,402.06767411606376,9049.256490295267,48.06134006468019,main sequence,intermediate (25-75 km)
8549,-8.73,116.11,16,3.77108,2018-08-06 04:31:53,402.10131482451425,9034.882642159148,57.0759942167503,main sequence,intermediate (25-75 km)
8550,-8.42,116.17,10,3.9898,2018-08-06 04:43:31,408.6276470755349,9069.173105429567,34.551327752617745,main sequence,intermediate (25-75 km)
8551,-8.63,116.14,20,3.77108,2018-08-06 05:20:56,405.3764648282726,9045.947022043229,47.264279688998684,main sequence,intermediate (25-75 km)
8552,-8.72,116.45,13,3.66172,2018-08-06 05:26:53,439.5006468248114,9036.059586166148,39.057782188627556,main sequence,intermediate (25-75 km)
8553,-8.35,116.39,10,3.88044,2018-08-06 05:38:33,432.83585006800587,9076.956853317672,10.147884711019156,main sequence,near field (<=25 km)
8555,-8.17,116.26,10,3.77108,2018-08-06 05:55:28,418.48455004985584,9096.83349732404,32.872835300543244,main sequence,intermediate (25-75 km)
8557,-8.37,116.11,15,3.7164,2018-08-06 07:09:14,402.00938372957984,9074.686914034512,40.703903700814685,main sequence,intermediate (25-75 km)
8558,-8.72,116.3,23,3.88044,2018-08-06 07:22:59,423.0001192033556,9036.03229706334,43.66218171219383,main sequence,intermediate (25-75 km)
8559,-8.21,116.46,10,3.88044,2018-08-06 07:24:13,440.52243728468073,9092.446179542247,17.92677564631788,main sequence,near field (<=25 km)
8560,-8.77,116.86,10,3.7,2018-08-06 08:50:34,484.6024306513868,9030.572956365751,61.024925943372814,main sequence,intermediate (25-75 km)
8561,-8.27,116.18,15,3.9898,2018-08-06 09:22:06,409.6941412210822,9085.760079099324,34.830025156881426,main sequence,intermediate (25-75 km)
8563,-8.12,116.1,10,4.09916,2018-08-06 10:14:53,400.846007744299,9102.325921218782,50.214096542916685,main sequence,intermediate (25-75 km)
8564,-8.2,116.26,10,3.93512,2018-08-06 10:21:10,418.4906493020366,9093.516653716304,30.71375873307652,main sequence,intermediate (25-75 km)
8565,-8.57,116.08,10,3.9898,2018-08-06 10:33:05,398.7583645956102,9052.56574680172,49.29443655391954,main sequence,intermediate (25-75 km)
8566,-8.15,116.03,14,4.37256,2018-08-06 10:38:24,393.1412912685448,9098.991114439394,55.23155926957041,main sequence,intermediate (25-75 km)
8567,-8.02,116.15,41,3.88044,2018-08-06 11:14:06,406.33193704694577,9113.394174247822,53.23287645918772,main sequence,intermediate (25-75 km)
8568,-8.62,116.01,10,3.77108,2018-08-06 11:30:04,391.06876294921636,9047.01807428611,58.68934196746658,main sequence,intermediate (25-75 km)
8569,-8.73,116.31,14,3.7164,2018-08-06 11:37:43,424.1021888100475,9034.92868723755,44.17967816562512,main sequence,intermediate (25-75 km)
8571,-8.23,116.22,14,3.9898,2018-08-06 12:59:02,414.09093476303065,9090.191439070608,32.569156424120436,main sequence,intermediate (25-75 km)
8572,-8.31,116.16,16,3.93512,2018-08-06 13:10:40,407.50075812509016,9081.33290546334,35.83266289548441,main sequence,intermediate (25-75 km)
8573,-8.41,116.65,16,3.77108,2018-08-06 13:16:27,461.46956904365317,9070.3583458188,19.222487340413767,main sequence,near field (<=25 km)
8574,-8.76,116.29,10,3.7164,2018-08-06 13:17:32,421.9083950900568,9031.60769171145,48.135863301160896,main sequence,intermediate (25-75 km)
8577,-8.26,116.15,12,4.2632,2018-08-06 14:18:14,406.38768045629956,9086.85879973993,38.31346550824754,main sequence,intermediate (25-75 km)
8578,-8.37,116.12,11,3.9898,2018-08-06 14:24:28,403.1104858355034,9074.68938997665,39.603798273140356,main sequence,intermediate (25-75 km)
8579,-8.24,116.2,10,4.20852,2018-08-06 14:52:07,411.8902130497012,9089.08145854832,34.030780216579295,main sequence,intermediate (25-75 km)
8580,-8.23,116.43,12,4.37256,2018-08-06 15:22:10,437.2211709230917,9090.23044812225,16.510818632420452,main sequence,near field (<=25 km)
8581,-8.43,116.03,21,4.8776,2018-08-06 15:50:55,393.2168693122148,9068.031958492338,49.94850337015095,main sequence,intermediate (25-75 km)
8582,-8.37,116.44,10,4.04448,2018-08-06 15:57:11,438.34442712213394,9074.753844541472,4.400422181832516,main sequence,near field (<=25 km)
8583,-8.21,116.15,10,3.88044,2018-08-06 16:05:07,406.3759325784719,9092.387028069232,40.435223026043495,main sequence,intermediate (25-75 km)
8584,-8.22,116.35,10,3.82576,2018-08-06 16:10:24,428.4079702567848,9091.32261521201,21.97281436503302,main sequence,near field (<=25 km)
8585,-8.82,116.05,17,3.66172,2018-08-06 16:34:06,395.52601471320236,9024.915212312419,68.83938107740524,main sequence,intermediate (25-75 km)
8586,-8.13,116.34,20,3.82576,2018-08-06 16:41:12,427.2902083786824,9101.271176852633,30.814520433461976,main sequence,intermediate (25-75 km)
8587,-8.07,116.41,10,3.93512,2018-08-06 17:00:22,434.9925070282415,9107.916539217447,34.23645097091033,main sequence,intermediate (25-75 km)
8588,-8.3,116.24,17,4.04448,2018-08-06 17:37:31,416.30861595334005,9082.456311116333,27.528236776857604,main sequence,intermediate (25-75 km)
8589,-8.28,116.25,12,4.37256,2018-08-06 17:49:28,417.4057058104705,9084.669651343054,27.212335128000575,main sequence,intermediate (25-75 km)
8590,-8.23,116.36,27,3.9898,2018-08-06 17:51:50,429.51119749743214,9090.218793856371,20.412649345065375,main sequence,near field (<=25 km)
8591,-8.46,116.3,10,3.88044,2018-08-06 18:19:47,422.94766000884385,9064.778612001344,22.185022168483023,main sequence,near field (<=25 km)
8592,-8.32,116.4,10,5.03652,2018-08-06 18:21:19,433.93190570631396,9080.275318390717,10.410358586881573,main sequence,near field (<=25 km)
8593,-8.15,116.34,10,4.48192,2018-08-06 18:32:59,427.29381504819247,9099.05998905497,28.909704958478038,main sequence,intermediate (25-75 km)
8594,-8.19,116.33,10,4.42724,2018-08-06 18:36:56,426.19950749824545,9094.635785622748,25.942839363199155,main sequence,intermediate (25-75 km)
8595,-8.12,116.33,10,4.37256,2018-08-06 18:43:06,426.1866693861146,9102.374963704788,32.330246093196536,main sequence,intermediate (25-75 km)
8596,-8.34,116.21,16,3.82576,2018-08-06 18:49:16,413.0136347734426,9078.027322601069,29.89071788729671,main sequence,intermediate (25-75 km)
8597,-8.22,116.31,10,3.77108,2018-08-06 18:59:48,424.0021071883247,9091.315248702864,25.06168473511165,main sequence,intermediate (25-75 km)
8598,-8.23,116.3,10,3.77108,2018-08-06 19:03:01,422.902568410955,9090.207731018598,25.19118753103723,main sequence,intermediate (25-75 km)
8599,-8.27,116.28,13,3.88044,2018-08-06 19:07:36,420.70764916648216,9085.78137002159,24.654813167926974,main sequence,near field (<=25 km)
8600,-8.23,116.07,10,3.77108,2018-08-06 19:18:25,397.5686727382471,9090.156142778738,47.72282492955645,main sequence,intermediate (25-75 km)
8601,-8.11,116.27,10,3.9898,2018-08-06 19:20:53,419.57420028872446,9103.469164112437,37.01205941936781,main sequence,intermediate (25-75 km)
8602,-8.19,116.32,10,4.2632,2018-08-06 19:22:38,425.0979580225689,9094.633936835493,26.65643130609294,main sequence,intermediate (25-75 km)
8603,-8.2,116.33,10,4.42724,2018-08-06 19:27:30,426.2013504524673,9093.530186602951,25.094798812556036,main sequence,intermediate (25-75 km)
8604,-8.21,116.26,15,3.82576,2018-08-06 19:49:39,418.49268732196344,9092.411038105214,30.041935712373544,main sequence,intermediate (25-75 km)
8605,-8.59,116.18,11,3.77108,2018-08-06 19:51:13,409.76837896020345,9050.379337927461,41.07336028921568,main sequence,intermediate (25-75 km)
8607,-8.29,116.27,11,3.93512,2018-08-06 19:56:41,419.6103668548411,9083.56813083632,24.757893377822565,main sequence,near field (<=25 km)
8608,-8.32,116.1,11,4.09916,2018-08-06 20:04:38,400.89567448629134,9080.212739231374,42.17475428051922,main sequence,intermediate (25-75 km)
8609,-8.24,116.3,10,4.04448,2018-08-06 20:13:00,422.90450324286815,9089.102123154322,24.519427517950028,main sequence,near field (<=25 km)
8610,-8.37,116.21,10,4.48192,2018-08-06 20:28:25,413.02028060897385,9074.710414060082,29.702849157797168,main sequence,intermediate (25-75 km)
8611,-8.11,116.33,20,4.15384,2018-08-06 21:00:17,426.1848443089307,9103.480558430405,33.291284951589276,main sequence,intermediate (25-75 km)
8612,-8.1,116.4,12,3.88044,2018-08-06 21:28:30,433.89553155796636,9104.598196874993,31.286839319743585,main sequence,intermediate (25-75 km)
8613,-8.17,116.38,10,3.88044,2018-08-06 22:01:56,431.7038183689192,9096.855794069965,24.81244352326467,main sequence,near field (<=25 km)
8614,-7.96,116.46,10,3.93512,2018-08-06 22:35:33,440.485799909976,9120.085367803164,45.64303607036004,main sequence,intermediate (25-75 km)
8615,-8.21,116.38,10,4.37256,2018-08-06 23:16:03,431.7106358045145,9092.433441031828,20.918867337487164,main sequence,near field (<=25 km)
8616,-8.13,116.19,10,3.93512,2018-08-07 00:03:50,410.76429021887753,9101.241194572856,41.60061209640456,main sequence,intermediate (25-75 km)
8617,-8.29,116.18,10,4.20852,2018-08-07 00:13:26,409.69869907263165,9083.548799203705,34.18425935733142,main sequence,intermediate (25-75 km)
8618,-8.05,116.33,10,3.82576,2018-08-07 01:15:32,426.17394077984477,9110.114115594899,39.22535779920218,main sequence,intermediate (25-75 km)
8619,-7.9,116.3,10,4.04448,2018-08-07 01:26:38,422.8400288269345,9126.69249092989,55.89146758396916,main sequence,intermediate (25-75 km)
8620,-8.16,116.24,10,4.09916,2018-08-07 01:45:03,416.2792236104726,9097.935016902105,35.252413792457936,main sequence,intermediate (25-75 km)
8621,-8.62,115.93,10,3.7164,2018-08-07 02:21:15,382.2652915014171,9046.994351731826,66.56836936707467,main sequence,intermediate (25-75 km)
8622,-8.16,116.31,10,4.5366,2018-08-07 03:01:10,423.99072620792174,9097.94886775487,29.92006512358379,main sequence,intermediate (25-75 km)
8623,-8.25,116.25,10,4.09916,2018-08-07 03:18:07,417.3994640863666,9087.986515166636,28.60865705140173,main sequence,intermediate (25-75 km)
8624,-8.79,116.1,14,3.66172,2018-08-07 03:29:18,401.01711508008026,9028.245900419815,62.66357502234335,main sequence,intermediate (25-75 km)
8626,-8.35,116.17,10,3.82576,2018-08-07 03:41:50,408.61129659318016,9076.912643832748,34.176578316024134,main sequence,intermediate (25-75 km)
8627,-8.67,116.19,22,3.93512,2018-08-07 03:47:05,410.8876004587503,9041.536423039712,46.149755106731995,main sequence,intermediate (25-75 km)
8628,-8.52,116.1,12,3.82576,2018-08-07 04:23:49,400.9465415553568,9058.099340746594,45.00105606212289,main sequence,intermediate (25-75 km)
8629,-8.76,116.09,19,3.88044,2018-08-07 04:29:58,399.9091791787888,9031.56032337567,60.98772746043495,main sequence,intermediate (25-75 km)
8630,-8.62,116.13,15,3.55236,2018-08-07 04:33:37,404.2735923473416,9047.050201818507,47.4799185725928,main sequence,intermediate (25-75 km)
8631,-8.58,116.08,13,3.7164,2018-08-07 04:40:06,398.7610120191701,9051.460062427495,49.805467791992726,main sequence,intermediate (25-75 km)
8633,-8.84,116.05,23,3.7164,2018-08-07 04:47:57,395.53164369057504,9022.703796633747,70.47158728626863,main sequence,intermediate (25-75 km)
8634,-8.22,116.33,10,3.93512,2018-08-07 04:50:18,426.2050430640353,9091.318986943752,23.464942452852874,main sequence,near field (<=25 km)
8635,-8.32,116.11,15,3.88044,2018-08-07 04:57:29,401.99691957357817,9080.215228625962,41.08443580159177,main sequence,intermediate (25-75 km)
8636,-8.51,116.18,13,3.82576,2018-08-07 05:24:37,409.7495571493732,9059.224576235638,36.48500645207539,main sequence,intermediate (25-75 km)
8637,-8.06,116.37,10,4.20852,2018-08-07 05:41:31,430.5833474614548,9109.015535233397,36.53441661032336,main sequence,intermediate (25-75 km)
8638,-8.25,116.18,10,4.04448,2018-08-07 05:47:15,409.6895943068102,9087.971356833386,35.60321724142002,main sequence,intermediate (25-75 km)
8639,-8.33,116.04,11,4.71868,2018-08-07 06:01:11,394.2908242509644,9079.09153563932,48.61103276453064,main sequence,intermediate (25-75 km)
8642,-8.21,116.52,11,3.77108,2018-08-07 07:44:00,447.13121399951916,9092.454580208132,18.327520313426252,main sequence,near field (<=25 km)
8643,-8.71,116.03,10,3.88044,2018-08-07 07:56:29,393.29498238103486,9037.072374513255,62.27251316501663,main sequence,intermediate (25-75 km)
8644,-8.39,116.14,25,3.9898,2018-08-07 08:40:01,405.3175191551595,9072.482945299951,37.46868246298136,main sequence,intermediate (25-75 km)
8645,-8.18,116.71,10,4.5366,2018-08-07 09:49:01,468.0562780299498,9095.791280738724,32.96777963311918,main sequence,intermediate (25-75 km)
8646,-8.2,116.26,12,4.09916,2018-08-07 10:09:06,418.4906493020366,9093.516653716304,30.71375873307652,main sequence,intermediate (25-75 km)
8647,-8.31,116.46,12,3.77108,2018-08-07 10:16:59,440.537407401673,9081.390409791366,7.025182923788495,main sequence,near field (<=25 km)
8648,-8.08,116.25,11,4.31788,2018-08-07 10:51:18,417.36451952600277,9106.781985377282,40.99417932885969,main sequence,intermediate (25-75 km)
8649,-8.76,116.02,14,3.88044,2018-08-07 11:02:59,392.209190133258,9031.540980203075,66.62475990545012,main sequence,intermediate (25-75 km)
8650,-8.6,116.11,10,3.9898,2018-08-07 12:02:44,402.06767411606376,9049.256490295267,48.06134006468019,main sequence,intermediate (25-75 km)
8651,-8.56,116.03,10,3.93512,2018-08-07 12:12:01,393.25282093821977,9053.65791999991,53.81325950379828,main sequence,intermediate (25-75 km)
8653,-8.07,116.37,10,4.04448,2018-08-07 12:31:22,430.5850530488625,9107.909951639458,35.48714733356435,main sequence,intermediate (25-75 km)
8654,-8.27,116.21,15,4.48192,2018-08-07 14:04:39,412.99822001019237,9085.766756795176,31.71952125648131,main sequence,intermediate (25-75 km)
8655,-8.44,116.16,11,3.77108,2018-08-07 14:07:55,407.531452872462,9066.95944882461,36.05051261507817,main sequence,intermediate (25-75 km)
8656,-8.05,116.32,24,3.9898,2018-08-07 14:17:01,425.072009623518,9110.112297571075,39.70108728300106,main sequence,intermediate (25-75 km)
8657,-8.51,115.97,10,3.9898,2018-08-07 14:30:01,386.63448620153633,9059.169347801917,58.21525663550611,main sequence,intermediate (25-75 km)
8658,-8.87,116.43,22,3.66172,2018-08-07 14:38:22,437.32582895387515,9019.472138643541,55.86854318426706,main sequence,intermediate (25-75 km)
8659,-8.69,116.05,10,3.77108,2018-08-07 15:10:20,395.4897348476155,9039.289358761856,59.177382129951944,main sequence,intermediate (25-75 km)
8660,-8.22,116.23,12,4.09916,2018-08-07 16:26:56,415.19027167073773,9091.299195967058,32.16957801648371,main sequence,intermediate (25-75 km)
8661,-8.67,116.34,17,3.77108,2018-08-07 16:58:16,427.390677843458,9041.568337846771,36.73974222007901,main sequence,intermediate (25-75 km)
8663,-8.09,116.39,14,3.66172,2018-08-07 19:47:07,432.7920929663023,9105.702138726525,32.67201480766695,main sequence,intermediate (25-75 km)
8665,-8.5,116.09,10,3.7164,2018-08-07 19:52:08,399.84066113076165,9060.308120384736,45.2670105569449,main sequence,intermediate (25-75 km)
8666,-8.24,116.03,19,3.60704,2018-08-07 20:01:02,393.1653076461135,9089.040003006845,51.579945316381924,main sequence,intermediate (25-75 km)
8667,-8.72,116.27,16,3.66172,2018-08-07 20:05:47,419.699956324184,9036.026053136937,45.25322362831053,main sequence,intermediate (25-75 km)
8668,-8.35,116.06,10,3.88044,2018-08-07 20:29:36,396.4985541018114,9076.885471680082,46.259103985499586,main sequence,intermediate (25-75 km)
8669,-8.27,116.17,14,3.82576,2018-08-07 20:53:46,408.5927763575737,9085.75779788036,35.87441557318166,main sequence,intermediate (25-75 km)
8672,-8.42,116.16,11,3.7164,2018-08-07 22:02:28,407.52669980118685,9069.170755867874,35.63746710568816,main sequence,intermediate (25-75 km)
8673,-8.21,116.09,12,4.42724,2018-08-08 00:50:04,399.76665590544684,9092.372530934177,46.454719429139836,main sequence,intermediate (25-75 km)
8674,-8.51,116.53,11,3.77108,2018-08-08 00:59:34,448.272229135437,9059.288753888535,16.510159819864658,main sequence,near field (<=25 km)
8675,-8.68,116.29,18,3.60704,2018-08-08 01:13:57,421.8917771594199,9040.452788880459,40.308214022249665,main sequence,intermediate (25-75 km)
8676,-8.31,116.16,13,4.59128,2018-08-08 02:10:54,407.50075812509016,9081.33290546334,35.83266289548441,main sequence,intermediate (25-75 km)
8677,-8.16,116.27,10,3.7164,2018-08-08 03:21:35,419.584167432192,9097.941116779215,32.85215310455171,main sequence,intermediate (25-75 km)
8678,-8.85,116.05,20,3.60704,2018-08-08 05:06:28,395.53446292457556,9021.598087936129,71.29969111963764,main sequence,intermediate (25-75 km)
8679,-8.75,116.05,17,3.77108,2018-08-08 06:34:28,395.5064129524741,9032.655149229753,63.410640456179344,main sequence,intermediate (25-75 km)
8680,-8.21,116.3,10,3.77108,2018-08-08 07:58:10,422.8987057500733,9092.418945125117,26.62332997942649,main sequence,intermediate (25-75 km)
8681,-7.96,116.43,10,3.82576,2018-08-08 08:41:54,437.17935263625645,9120.080932346913,45.92088786747186,main sequence,intermediate (25-75 km)
8682,-8.56,116.35,11,3.77108,2018-08-08 09:11:40,428.4701966060223,9053.732031470803,25.510396967029497,main sequence,intermediate (25-75 km)
8683,-8.72,116.5,20,3.93512,2018-08-08 11:30:07,445.00072882581543,9036.067226885887,38.980311727383956,main sequence,intermediate (25-75 km)
8684,-8.29,116.14,10,4.15384,2018-08-08 11:41:31,405.2934457784088,9083.539486520238,38.45057147418242,main sequence,intermediate (25-75 km)
8685,-8.41,116.07,11,3.9898,2018-08-08 12:08:32,397.6154216745633,9070.254021637857,45.32078732010316,main sequence,intermediate (25-75 km)
8686,-8.51,116.15,12,3.93512,2018-08-08 12:34:46,406.4474825962672,9059.217454414746,39.494390377702366,main sequence,intermediate (25-75 km)
8687,-8.61,116.14,10,3.49768,2018-08-08 14:54:23,405.3714896403512,9048.158361225938,45.93846199670618,main sequence,intermediate (25-75 km)
8688,-8.0,116.56,14,4.15384,2018-08-08 15:00:49,451.51189632771724,9115.676237040714,42.07376439975171,main sequence,intermediate (25-75 km)
8689,-8.08,116.38,17,3.49768,2018-08-08 16:51:16,431.68860010762313,9106.806056948444,34.07272998152312,main sequence,intermediate (25-75 km)
8692,-8.51,116.1,10,3.60704,2018-08-08 17:48:16,400.9439697031015,9059.205015890733,44.601389375235435,main sequence,intermediate (25-75 km)
8693,-8.01,116.53,10,3.9898,2018-08-08 18:08:06,448.20708274489436,9114.567031324767,40.40666003478575,main sequence,intermediate (25-75 km)
8694,-8.45,116.14,10,3.88044,2018-08-08 18:20:09,405.33210079770106,9065.84899435861,38.443095940524344,main sequence,intermediate (25-75 km)
8695,-8.08,116.42,20,3.9898,2018-08-08 21:33:42,436.0959377883554,9106.81254433,32.91563531098716,main sequence,intermediate (25-75 km)
8696,-8.2,116.24,24,3.6,2018-08-08 23:18:45,416.2875707328857,9093.512540310554,32.47652401581638,main sequence,intermediate (25-75 km)
8697,-8.22,116.13,21,3.9898,2018-08-08 23:30:58,404.1752507954035,9091.276655373716,41.96783351022674,main sequence,intermediate (25-75 km)
8698,-8.15,116.18,11,4.2,2018-08-08 23:32:49,409.66702381284676,9099.027713258363,41.08833920782826,main sequence,intermediate (25-75 km)
8699,-8.59,116.12,15,3.7164,2018-08-09 03:14:48,403.16558288157324,9050.364706082235,46.54030206358566,main sequence,intermediate (25-75 km)
8700,-8.53,116.14,20,4.04448,2018-08-09 03:27:13,405.3517035090797,9057.003695575704,41.412272000799376,main sequence,intermediate (25-75 km)
8701,-8.44,116.21,14,5.51328,2018-08-09 05:25:32,413.0358797322545,9066.97094160344,30.70318134906476,main sequence,intermediate (25-75 km)
8703,-8.25,116.24,10,3.77108,2018-08-09 05:39:59,416.29806166422566,9087.984432472243,29.586375475442118,main sequence,intermediate (25-75 km)
8704,-8.37,116.2,22,3.60704,2018-08-09 05:47:48,411.91920295082906,9074.708189992869,30.802954636595743,main sequence,intermediate (25-75 km)
8705,-8.26,116.15,10,3.93512,2018-08-09 05:50:39,406.38768045629956,9086.85879973993,38.31346550824754,main sequence,intermediate (25-75 km)
8706,-8.42,116.2,17,3.60704,2018-08-09 06:00:21,411.9304729340095,9069.179985227387,31.29873362588549,main sequence,intermediate (25-75 km)
8708,-8.13,116.19,10,3.55236,2018-08-09 06:11:41,410.76429021887753,9101.241194572856,41.60061209640456,main sequence,intermediate (25-75 km)
8709,-8.27,116.18,10,3.49768,2018-08-09 06:15:46,409.6941412210822,9085.760079099324,34.830025156881426,main sequence,intermediate (25-75 km)
8710,-8.21,116.24,10,3.55236,2018-08-09 06:17:37,416.28966385016963,9092.406919820474,31.84187048687795,main sequence,intermediate (25-75 km)
8711,-8.23,116.25,10,3.93512,2018-08-09 06:33:57,417.39531544164413,9090.197755009845,29.711651279704736,main sequence,intermediate (25-75 km)
8712,-8.56,116.15,10,3.55236,2018-08-09 06:36:06,406.4596555143183,9053.689144059312,41.99579248021856,main sequence,intermediate (25-75 km)
8713,-8.56,116.15,12,3.60704,2018-08-09 07:32:41,406.4596555143183,9053.689144059312,41.99579248021856,main sequence,intermediate (25-75 km)
8714,-8.19,116.38,35,4.2632,2018-08-09 08:17:36,431.70722295138904,9094.644618631068,22.840369138220215,main sequence,near field (<=25 km)
8715,-8.28,116.07,10,4.2632,2018-08-09 08:29:20,397.5815577718101,9084.627793328156,46.20627228081217,main sequence,intermediate (25-75 km)
8716,-8.54,116.12,12,3.60704,2018-08-09 09:03:14,403.1529361805509,9055.893066843422,43.875963006746524,main sequence,intermediate (25-75 km)
8717,-8.35,116.15,10,3.77108,2018-08-09 09:05:01,406.40900520146624,9076.907954742275,36.37246432671826,main sequence,intermediate (25-75 km)
8718,-8.27,116.5,10,4.09916,2018-08-09 09:06:54,444.93659163412997,9085.818475094262,11.335134942695241,main sequence,near field (<=25 km)
8719,-8.65,116.03,15,3.443,2018-08-09 09:43:56,393.2780305458572,9043.70660780535,58.46623262562883,main sequence,intermediate (25-75 km)
8720,-8.78,116.22,15,3.55236,2018-08-09 09:45:35,414.21337679603425,9029.381129872754,53.81154541087274,main sequence,intermediate (25-75 km)
8721,-8.69,116.36,15,3.33364,2018-08-09 09:54:44,429.5947773952706,9039.360861787303,37.950414183951665,main sequence,intermediate (25-75 km)
8722,-8.7,116.03,11,3.7164,2018-08-09 10:00:18,393.29214899666704,9038.178081467173,61.60429861662706,main sequence,intermediate (25-75 km)
8723,-8.37,116.21,20,3.443,2018-08-09 10:12:16,413.02028060897385,9074.710414060082,29.702849157797168,main sequence,intermediate (25-75 km)
8724,-8.72,115.91,10,3.49768,2018-08-09 10:29:02,380.09610371977857,9035.930683036013,73.77729310156877,main sequence,intermediate (25-75 km)
8725,-8.44,116.12,28,3.38832,2018-08-09 10:33:53,403.12786272784746,9066.949746762586,40.357939042097705,main sequence,intermediate (25-75 km)
8727,-8.52,116.12,20,3.06024,2018-08-09 10:57:48,403.1478980273977,9058.104407253135,42.96568524578267,main sequence,intermediate (25-75 km)
8728,-8.36,116.06,14,3.55236,2018-08-09 11:13:40,396.5011901741303,9075.779793360127,46.218401650714476,main sequence,intermediate (25-75 km)
8729,-8.51,116.13,18,3.77108,2018-08-09 12:13:47,404.2460858961508,9059.212564330355,41.52516021853116,main sequence,intermediate (25-75 km)
8730,-8.55,116.11,17,3.33364,2018-08-09 14:12:48,402.0548688176464,9054.784868182833,45.350195120014845,main sequence,intermediate (25-75 km)
8731,-8.08,116.46,16,4.2632,2018-08-09 14:27:10,440.503245350037,9106.818599148986,32.32155793736858,main sequence,intermediate (25-75 km)
8732,-8.3,116.11,10,3.55236,2018-08-09 15:10:49,401.99195468293533,9082.42655066728,41.44502263803648,main sequence,intermediate (25-75 km)
8733,-8.6,116.04,20,3.27896,2018-08-09 15:15:53,394.3644636484942,9049.237891993513,54.732850950301675,main sequence,intermediate (25-75 km)
8734,-8.26,116.28,10,3.60704,2018-08-09 15:44:35,420.70565183681714,9086.886984128245,25.176123509123823,main sequence,intermediate (25-75 km)
8735,-8.65,115.97,33,3.33364,2018-08-09 16:27:40,386.6760079304656,9043.689276077008,64.14738620092903,main sequence,intermediate (25-75 km)
8736,-8.29,116.21,13,3.49768,2018-08-09 16:40:55,413.00261105794493,9083.555492598118,31.009216649352787,main sequence,intermediate (25-75 km)
8737,-8.19,116.2,11,4.09916,2018-08-09 17:35:25,411.8791831310268,9094.609614429546,36.7404568091592,main sequence,intermediate (25-75 km)
8738,-8.22,116.15,22,3.27896,2018-08-09 17:40:20,406.3782764847183,9091.281383477392,39.95803380582921,main sequence,intermediate (25-75 km)
8739,-8.25,116.17,15,3.27896,2018-08-09 17:45:56,408.58817397410166,9087.969080978435,36.62561776659121,main sequence,intermediate (25-75 km)
8740,-8.87,116.16,10,3.443,2018-08-09 18:10:36,407.6363518760408,9019.415806299534,65.79310743412586,main sequence,intermediate (25-75 km)
8741,-8.41,115.96,31,3.22428,2018-08-09 18:17:06,385.50420378687807,9070.223566675844,57.375200657573636,main sequence,intermediate (25-75 km)
8742,-8.55,116.1,17,3.33364,2018-08-09 18:20:36,400.95427510798396,9054.782311988343,46.33967355665209,main sequence,intermediate (25-75 km)
8743,-8.44,115.89,32,3.27896,2018-08-09 18:24:48,377.8062730160166,9066.885198414308,65.36545944099367,main sequence,intermediate (25-75 km)
8744,-8.64,116.07,18,3.38832,2018-08-09 18:26:18,397.676618116292,9044.82327557952,54.16948296088942,main sequence,intermediate (25-75 km)
8745,-8.38,116.05,35,3.22428,2018-08-09 18:29:32,395.4053799829419,9073.565788148095,47.316995706241556,main sequence,intermediate (25-75 km)
8746,-8.46,116.14,24,3.1696,2018-08-09 18:33:59,405.3345411046132,9064.743333944736,38.71504601031693,main sequence,intermediate (25-75 km)
8747,-8.7,116.11,10,3.22428,2018-08-09 18:35:34,402.0935071111307,9038.199692497928,54.7892232448697,main sequence,intermediate (25-75 km)
8748,-8.56,116.02,10,3.22428,2018-08-09 18:54:54,392.1522318200275,9053.655132054533,54.82648873509392,main sequence,intermediate (25-75 km)
8749,-7.92,116.23,17,3.443,2018-08-09 19:11:35,415.12769192683464,9124.46767006012,57.10540033458502,main sequence,intermediate (25-75 km)
8750,-8.33,116.23,10,3.66172,2018-08-09 19:49:25,415.2137967131524,9079.137301604422,27.861363539517573,main sequence,intermediate (25-75 km)
8751,-8.33,116.58,10,4.71868,2018-08-09 20:33:03,453.75392323389383,9079.195286836888,11.866698397908667,main sequence,near field (<=25 km)
8752,-8.21,116.2,10,4.42724,2018-08-09 20:55:23,411.88358709459203,9092.398353689036,35.5771804892682,main sequence,intermediate (25-75 km)
8753,-8.18,116.2,10,3.60704,2018-08-09 21:07:13,411.87698515138624,9095.715243995723,37.358173518603294,main sequence,intermediate (25-75 km)
8754,-8.29,116.43,19,3.7164,2018-08-09 21:09:51,437.23065207701035,9083.596953808243,10.459139360667745,main sequence,near field (<=25 km)
8755,-8.28,116.03,11,3.9898,2018-08-09 21:11:54,393.17606570341167,9084.617272958065,50.5117340049308,main sequence,intermediate (25-75 km)
8757,-8.62,116.47,13,3.33364,2018-08-09 21:35:20,441.68526767287625,9047.118711536412,27.820476803041743,main sequence,intermediate (25-75 km)
8758,-8.43,116.18,19,3.11492,2018-08-09 21:36:34,409.73091023311684,9068.069778983778,33.66826755898615,main sequence,intermediate (25-75 km)
8759,-8.55,115.97,10,3.55236,2018-08-09 21:38:08,386.64628090507574,9054.746481219896,59.55629157145911,main sequence,intermediate (25-75 km)
8760,-8.59,116.12,17,3.33364,2018-08-09 21:46:06,403.16558288157324,9050.364706082235,46.54030206358566,main sequence,intermediate (25-75 km)
8761,-8.23,116.29,13,3.60704,2018-08-09 21:48:41,421.80112248204813,9090.20579087109,26.06512092363715,main sequence,intermediate (25-75 km)
8762,-8.89,116.2,10,3.38832,2018-08-09 22:01:20,412.03966828764624,9017.214176902839,65.50449494215398,main sequence,intermediate (25-75 km)
8763,-8.63,116.14,13,3.49768,2018-08-09 23:21:46,405.3764648282726,9045.947022043229,47.264279688998684,main sequence,intermediate (25-75 km)
8764,-8.52,116.09,23,3.38832,2018-08-09 23:26:30,399.84585897831903,9058.096764780743,46.024415301849686,main sequence,intermediate (25-75 km)
8766,-8.23,116.19,14,3.9898,2018-08-10 02:05:00,410.7865313422868,9090.184875370505,35.50365674178161,main sequence,intermediate (25-75 km)
8767,-8.2,116.51,12,4.37256,2018-08-10 02:10:34,446.0284058952487,9093.558814342066,19.189200643729713,main sequence,near field (<=25 km)
8768,-8.1,116.35,13,3.88044,2018-08-10 02:39:20,428.3866061618712,9104.589729346177,33.25699717340267,main sequence,intermediate (25-75 km)
8770,-8.22,116.08,32,3.7164,2018-08-10 06:03:24,398.6676366736086,9091.264353866487,47.06707807500044,main sequence,intermediate (25-75 km)
8771,-8.25,116.16,13,3.88044,2018-08-10 06:11:59,407.486750953148,9087.966777527781,37.65240870976459,main sequence,intermediate (25-75 km)
8772,-8.59,116.13,10,3.93512,2018-08-10 06:22:33,404.26605580038193,9050.367216474357,45.60835676992581,main sequence,intermediate (25-75 km)
8774,-8.35,116.13,19,3.27896,2018-08-10 06:38:03,404.2067028118134,9076.903153965923,38.56884971271109,main sequence,intermediate (25-75 km)
8775,-8.29,116.04,10,3.93512,2018-08-10 07:04:58,394.2801131283801,9083.514263881938,49.220125256143554,main sequence,intermediate (25-75 km)
8776,-8.29,116.08,11,3.60704,2018-08-10 07:38:44,398.68548166912063,9083.524685682885,44.89876958246995,main sequence,intermediate (25-75 km)
8778,-8.57,116.2,19,3.55236,2018-08-10 07:46:20,411.9646828473946,9052.595288043001,37.98556731660495,main sequence,intermediate (25-75 km)
8779,-8.34,116.66,10,3.77108,2018-08-10 09:14:20,462.5637622416088,9078.098198418096,20.081665332069598,main sequence,near field (<=25 km)
8780,-8.3,116.46,10,3.77108,2018-08-10 09:22:26,440.5359022878501,9082.495989227902,8.088691118519211,main sequence,near field (<=25 km)
8781,-8.31,116.41,15,3.82576,2018-08-10 09:36:44,435.03143200610424,9081.38256232982,10.189308890821348,main sequence,near field (<=25 km)
8782,-8.31,116.44,14,3.82576,2018-08-10 09:38:05,438.33502271238314,9081.387354155824,7.9923847476367085,main sequence,near field (<=25 km)
8783,-8.2,116.45,14,4.2632,2018-08-10 09:59:44,439.4194539124253,9093.550259082733,19.189200643729713,main sequence,near field (<=25 km)
8784,-8.42,116.57,10,4.37256,2018-08-10 10:40:00,452.66368312784726,9069.244009736905,11.354601558064774,main sequence,near field (<=25 km)
8785,-8.52,116.11,14,3.66172,2018-08-10 12:29:47,402.0472212276205,9058.101888237265,43.98139168944736,main sequence,intermediate (25-75 km)
8786,-8.58,116.1,10,3.55236,2018-08-10 13:14:27,400.9620356528469,9051.46527822809,47.87369931017755,main sequence,intermediate (25-75 km)
8787,-8.88,116.42,14,3.66172,2018-08-10 13:16:01,436.2279731559248,9018.364818054999,57.091747439974974,main sequence,intermediate (25-75 km)
8788,-8.3,116.02,13,3.7164,2018-08-10 13:36:09,392.08013903300673,9082.403199041593,51.20444563898707,main sequence,intermediate (25-75 km)
8789,-8.61,116.16,15,3.27896,2018-08-10 13:52:48,407.5723061038362,9048.163249520427,44.16662821018056,main sequence,intermediate (25-75 km)
8790,-8.59,116.12,10,3.60704,2018-08-10 14:39:21,403.16558288157324,9050.364706082235,46.54030206358566,main sequence,intermediate (25-75 km)
8791,-8.43,116.22,18,3.66172,2018-08-10 15:24:18,414.13454928858175,9068.078793548913,29.36838633678153,main sequence,intermediate (25-75 km)
8792,-8.06,116.08,21,3.38832,2018-08-10 15:32:56,398.6274127132836,9108.954926036826,55.91157581837291,main sequence,intermediate (25-75 km)
8793,-8.08,116.48,10,4.79814,2018-08-10 15:57:37,442.7068884854483,9106.821464352117,32.24652872692197,main sequence,intermediate (25-75 km)
8794,-8.58,116.14,10,3.9898,2018-08-10 16:08:51,405.3640483489069,9051.47536579565,44.085528002490065,main sequence,intermediate (25-75 km)
8795,-8.58,116.13,10,3.7164,2018-08-10 16:35:45,404.2635494156504,9051.47288690701,45.022154378932335,main sequence,intermediate (25-75 km)
8797,-8.32,116.0,10,3.93512,2018-08-10 17:37:01,389.88305808896763,9080.186314801984,53.10030851038847,main sequence,intermediate (25-75 km)
8798,-8.4,115.96,10,3.7164,2018-08-10 17:59:47,385.50126980005103,9071.32927985261,57.30046160803356,main sequence,intermediate (25-75 km)
8799,-8.88,116.22,10,3.55236,2018-08-10 18:02:41,414.2364835302936,9018.32452660753,63.50575852954627,main sequence,intermediate (25-75 km)
8800,-8.25,116.26,10,3.9898,2018-08-10 19:16:37,418.50086407944326,9087.98857026795,27.64015392768994,main sequence,intermediate (25-75 km)
8801,-8.54,116.12,20,3.38832,2018-08-10 19:20:16,403.1529361805509,9055.893066843422,43.875963006746524,main sequence,intermediate (25-75 km)
8802,-8.55,116.37,20,3.55236,2018-08-10 19:54:39,430.66939182402035,9054.841301472285,23.387467293450314,main sequence,near field (<=25 km)
8803,-8.37,116.48,12,3.443,2018-08-10 19:56:44,442.7485176728523,9074.759886775691,0.0,main sequence,near field (<=25 km)
8804,-8.28,116.26,14,3.55236,2018-08-10 20:12:10,418.50702255757005,9084.671713709573,26.192330837268294,main sequence,intermediate (25-75 km)
8805,-8.41,116.1,16,4.20852,2018-08-10 20:59:39,400.9184161615305,9070.2617370074,42.037819710944056,main sequence,intermediate (25-75 km)
8806,-8.89,116.46,21,3.443,2018-08-10 21:53:03,440.6277829113911,9017.265841671875,57.86315078256634,main sequence,intermediate (25-75 km)
8807,-8.3,116.02,12,3.33364,2018-08-10 21:56:24,392.08013903300673,9082.403199041593,51.20444563898707,main sequence,intermediate (25-75 km)
8808,-8.65,116.04,11,3.82576,2018-08-10 22:08:01,394.3783565216734,9043.709395276466,57.53840472411875,main sequence,intermediate (25-75 km)
8809,-8.29,116.27,10,3.7164,2018-08-10 22:09:07,419.6103668548411,9083.56813083632,24.757893377822565,main sequence,near field (<=25 km)
8810,-8.36,116.59,10,4.37256,2018-08-10 22:21:04,454.8584832584342,9075.87975755325,12.152295538332343,main sequence,near field (<=25 km)
8811,-8.26,116.08,11,3.9898,2018-08-10 23:14:02,398.67781540591625,9086.84168955277,45.67848663500655,main sequence,intermediate (25-75 km)
8812,-8.74,116.11,10,3.77108,2018-08-10 23:30:08,402.10392332467575,9033.776957578839,57.860909232742706,main sequence,intermediate (25-75 km)
8813,-8.56,116.13,19,3.66172,2018-08-10 23:34:50,404.2585453430023,9053.68422609717,43.91078725052227,main sequence,intermediate (25-75 km)
8814,-8.6,116.08,12,3.7164,2018-08-10 23:36:30,398.7663160629639,9049.248692007299,50.885060525229456,main sequence,intermediate (25-75 km)
8815,-8.53,115.95,26,3.33364,2018-08-11 00:26:09,384.4389840299055,9056.951988026585,60.94803140410656,main sequence,intermediate (25-75 km)
8816,-8.54,116.5,10,3.55236,2018-08-11 00:32:02,444.9746690797666,9055.967862955229,19.030696513706612,main sequence,near field (<=25 km)
8817,-8.2,116.21,10,4.09916,2018-08-11 01:50:59,412.9829343253282,9093.506164470524,35.21321369189925,main sequence,intermediate (25-75 km)
8818,-8.29,116.16,18,3.7164,2018-08-11 01:56:25,407.4960778640048,9083.544198314203,36.31340108879801,main sequence,intermediate (25-75 km)
8819,-8.26,116.37,10,3.7164,2018-08-11 04:29:20,430.6178584596572,9086.903761509477,17.2071919094319,main sequence,near field (<=25 km)
8820,-8.29,116.69,10,4.15384,2018-08-11 04:59:59,465.86266708971556,9083.628657342937,24.75789337782111,main sequence,near field (<=25 km)
8822,-8.59,116.14,16,3.7164,2018-08-11 09:08:58,405.3665259139015,9050.369698165483,44.6840439357159,main sequence,intermediate (25-75 km)
8823,-8.6,116.07,10,3.82576,2018-08-11 10:56:40,397.6658574892479,9049.246035107848,51.83878616557166,main sequence,intermediate (25-75 km)
8824,-8.75,116.07,10,3.60704,2018-08-11 11:51:04,397.706465448256,9032.660640514701,61.788281535625195,main sequence,intermediate (25-75 km)
8826,-8.42,116.13,21,3.38832,2018-08-11 14:05:42,404.2238415609846,9069.163538290592,38.9005708386429,main sequence,intermediate (25-75 km)
8827,-8.49,115.97,10,3.66172,2018-08-11 14:32:02,386.6286094467595,9061.380777796865,57.661815921230335,main sequence,intermediate (25-75 km)
8828,-8.48,115.97,10,3.1696,2018-08-11 14:52:09,386.62567621891515,9062.486491972515,57.415404449126626,main sequence,intermediate (25-75 km)
8829,-8.46,115.95,10,3.22428,2018-08-11 14:55:28,384.41802802890095,9064.692038320214,59.151535987862665,main sequence,intermediate (25-75 km)
8830,-8.01,116.46,10,4.09916,2018-08-11 15:31:03,440.4930373160511,9114.557556813654,40.09064901185117,main sequence,intermediate (25-75 km)
8831,-8.19,116.32,10,4.48192,2018-08-11 15:42:08,425.0979580225689,9094.633936835493,26.65643130609294,main sequence,intermediate (25-75 km)
8832,-8.64,116.19,12,3.77108,2018-08-11 15:57:29,410.8805433716364,9044.853397172437,43.80011807592274,main sequence,intermediate (25-75 km)
8833,-8.9,116.23,10,3.60704,2018-08-11 17:10:15,415.3406725206638,9016.115500110824,65.02675780568862,main sequence,intermediate (25-75 km)
8835,-8.62,116.08,10,3.7164,2018-08-11 18:29:44,398.7716323684815,9047.03731935391,52.037346583074786,main sequence,intermediate (25-75 km)
8836,-8.85,116.2,10,3.82576,2018-08-11 18:39:37,412.03014590557126,9021.636847864465,61.614671173838424,main sequence,intermediate (25-75 km)
8837,-8.28,116.45,12,4.31788,2018-08-11 18:53:54,439.4316224766315,9084.705637841938,10.537813963582574,main sequence,near field (<=25 km)
8838,-8.31,116.04,14,3.443,2018-08-11 19:34:56,394.28546228759825,9081.302900838095,48.86594917538193,main sequence,intermediate (25-75 km)
8840,-8.49,116.45,24,3.33364,2018-08-11 19:50:12,439.4641232883086,9061.488339604177,13.74535580458153,main sequence,near field (<=25 km)
8841,-8.24,116.31,13,3.66172,2018-08-11 20:04:25,424.0059192570122,9089.104038035157,23.639588235247434,main sequence,near field (<=25 km)
8842,-8.2,116.45,10,3.93512,2018-08-11 20:38:24,439.4194539124253,9093.550259082733,19.189200643729713,main sequence,near field (<=25 km)
8843,-8.27,116.27,10,3.88044,2018-08-11 20:52:59,419.60630939708545,9085.779365391862,25.64160725155792,main sequence,intermediate (25-75 km)
8844,-8.29,116.04,10,3.49768,2018-08-11 22:03:36,394.2801131283801,9083.514263881938,49.220125256143554,main sequence,intermediate (25-75 km)
8845,-8.84,116.21,11,3.55236,2018-08-11 22:21:12,413.1274920885928,9022.744859253306,60.10366949623228,main sequence,intermediate (25-75 km)
8847,-8.32,116.65,15,4.15384,2018-08-12 00:59:16,461.4607265810355,9080.308343437126,19.511860551745865,main sequence,near field (<=25 km)
8848,-8.62,116.05,12,3.66172,2018-08-12 01:10:07,395.4704210545662,9047.029244276635,54.85469742362058,main sequence,intermediate (25-75 km)
8849,-8.84,116.33,16,3.60704,2018-08-12 03:45:06,426.32394470211597,9022.770698921671,54.80186076407417,main sequence,intermediate (25-75 km)
8850,-8.37,116.02,15,3.7164,2018-08-12 05:06:02,392.0993313764092,9074.663371053459,50.604852233003776,main sequence,intermediate (25-75 km)
8851,-8.53,115.98,10,3.60704,2018-08-12 06:12:32,387.7410680145431,9056.96083663391,57.8001341624827,main sequence,intermediate (25-75 km)
8852,-8.43,116.02,16,3.22428,2018-08-12 06:34:11,392.1159093815025,9068.02921165374,51.03887818764945,main sequence,intermediate (25-75 km)
8853,-8.27,116.16,10,3.9898,2018-08-12 07:15:32,407.491408806512,9085.755489000658,36.92205053611156,main sequence,intermediate (25-75 km)
8854,-8.55,116.29,11,3.443,2018-08-12 13:16:40,421.8650958647446,9054.825994208191,28.936035265879354,main sequence,intermediate (25-75 km)
8855,-8.19,116.43,10,4.2632,2018-08-12 13:45:44,437.2148881674001,9094.652766783442,20.757489980757036,main sequence,near field (<=25 km)
8856,-8.17,116.69,10,3.7164,2018-08-12 15:00:30,465.8523920586189,9096.895180026457,32.07112100230203,main sequence,intermediate (25-75 km)
8857,-8.63,116.27,14,3.443,2018-08-12 15:01:49,419.68083286872405,9045.976806297906,37.00243045926174,main sequence,intermediate (25-75 km)
8858,-8.62,116.26,20,3.60704,2018-08-12 15:23:16,418.57837026524504,9047.080326948617,36.85297946275757,main sequence,intermediate (25-75 km)
8859,-8.39,116.54,10,3.93512,2018-08-12 15:29:16,449.35719092150555,9072.556969650343,6.965044497330614,main sequence,near field (<=25 km)
8860,-8.39,116.63,12,3.60704,2018-08-12 16:05:25,459.26571551710236,9072.567441623538,16.650344529239852,main sequence,near field (<=25 km)
8861,-8.24,116.3,10,3.55236,2018-08-12 16:19:16,422.90450324286815,9089.102123154322,24.519427517950028,main sequence,near field (<=25 km)
8862,-8.37,116.35,28,3.9898,2018-08-12 16:38:35,428.4351142992893,9074.73861278603,14.301372032107151,main sequence,near field (<=25 km)
8863,-8.59,116.37,10,3.38832,2018-08-12 17:32:10,430.6766384491819,9050.418856389539,27.290792111966077,main sequence,intermediate (25-75 km)
8864,-8.65,116.09,13,3.55236,2018-08-12 18:14:40,399.87994064874226,9043.72289915603,52.99798931784767,main sequence,intermediate (25-75 km)
8865,-8.66,116.11,10,3.27896,2018-08-12 18:16:05,402.0831383326433,9042.622418368177,51.917226519164636,main sequence,intermediate (25-75 km)
8867,-8.58,116.11,12,3.60704,2018-08-12 18:31:49,402.0625430998814,9051.46784312361,46.916660560716146,main sequence,intermediate (25-75 km)
8868,-8.65,116.12,13,3.443,2018-08-12 18:37:01,403.1808556837478,9043.730654717458,50.36549042767379,main sequence,intermediate (25-75 km)
8869,-8.49,116.21,22,3.27896,2018-08-13 00:11:06,413.047100959601,9061.44273044391,32.55813531941715,main sequence,intermediate (25-75 km)
8871,-8.29,116.15,13,4.59128,2018-08-13 01:42:23,406.3947631970194,9083.541856280453,37.381068644901916,main sequence,intermediate (25-75 km)
8872,-8.63,116.29,12,3.49768,2018-08-13 06:07:19,421.88146781492975,9045.980956086432,35.6710890516349,main sequence,intermediate (25-75 km)
8873,-8.67,116.04,12,3.49768,2018-08-13 08:38:28,394.3839360600822,9041.497992673132,58.77049378334192,main sequence,intermediate (25-75 km)
8874,-8.5,115.99,10,3.1696,2018-08-13 08:43:28,388.8330970251452,9060.280856762069,55.800976720659385,main sequence,intermediate (25-75 km)
8875,-8.21,116.22,10,3.49768,2018-08-13 09:52:53,414.0866305274818,9092.402691682595,33.68942474444824,main sequence,intermediate (25-75 km)
8876,-8.71,116.29,10,3.9898,2018-08-13 11:06:53,421.8979911471769,9037.135881729724,43.19515798584053,main sequence,intermediate (25-75 km)
8877,-8.4,116.55,10,3.88044,2018-08-13 11:57:28,450.4594113500398,9071.452675420283,8.391941663784177,main sequence,near field (<=25 km)
8878,-8.63,116.15,10,3.33364,2018-08-13 12:26:48,406.47681655799386,9045.949486111074,46.399151726389,main sequence,intermediate (25-75 km)
8879,-8.05,116.32,10,3.66172,2018-08-13 12:36:55,425.072009623518,9110.112297571075,39.70108728300106,main sequence,intermediate (25-75 km)
8880,-8.58,116.17,16,3.55236,2018-08-13 13:36:21,408.6655286372866,9051.482630453776,41.32392583939819,main sequence,intermediate (25-75 km)
8881,-8.54,116.9,17,4.04448,2018-08-13 14:01:42,488.99506286034256,9056.002091313423,49.912321033896426,main sequence,intermediate (25-75 km)
8882,-8.37,116.12,25,3.93512,2018-08-13 14:22:41,403.1104858355034,9074.68938997665,39.603798273140356,main sequence,intermediate (25-75 km)
8883,-8.73,116.02,10,3.49768,2018-08-13 14:24:18,392.20056313497275,9034.858117300097,64.50476535940095,main sequence,intermediate (25-75 km)
8884,-8.37,116.1,32,4.09916,2018-08-13 14:33:21,400.9082787454871,9074.68441010447,41.80400912192075,main sequence,intermediate (25-75 km)
8885,-8.12,117.1,19,3.7164,2018-08-13 15:08:08,511.01667773329035,9102.43456655246,73.67399981338042,main sequence,intermediate (25-75 km)
8887,-8.34,116.03,40,3.88044,2018-08-13 15:46:04,393.1922998266673,9077.983161776794,49.618911912685675,main sequence,intermediate (25-75 km)
8888,-8.53,116.08,26,3.88044,2018-08-13 15:48:47,398.74780555872366,9056.988478740837,47.45626531987365,main sequence,intermediate (25-75 km)
8890,-8.51,116.09,29,3.88044,2018-08-13 16:07:05,399.8432585381537,9059.20244285921,45.63373874492146,main sequence,intermediate (25-75 km)
8891,-8.53,116.1,42,3.82576,2018-08-13 16:21:04,400.9491164069717,9056.993665048569,45.42443159868862,main sequence,intermediate (25-75 km)
8892,-8.74,116.04,10,3.55236,2018-08-13 17:00:17,394.40356518383976,9033.758065844808,63.50924994972174,main sequence,intermediate (25-75 km)
8894,-8.65,116.01,10,3.55236,2018-08-13 17:30:45,391.0773691859517,9043.700946164594,60.33921730756706,main sequence,intermediate (25-75 km)
8895,-8.43,115.83,10,3.33364,2018-08-13 19:47:34,371.1970321371684,9067.971665824509,71.81191928160125,main sequence,intermediate (25-75 km)
8896,-8.49,116.18,23,3.77108,2018-08-13 21:57:33,409.7448790225986,9061.435880243745,35.59378865230958,main sequence,intermediate (25-75 km)
8897,-8.47,116.07,15,4.09916,2018-08-13 23:29:34,397.6312278902747,9063.619942127341,46.449098936460906,main sequence,intermediate (25-75 km)
8898,-8.48,115.8,29,3.49768,2018-08-14 00:25:17,367.9109608120904,9062.432779084958,75.79005793509002,main sequence,far field (>75 km)
8899,-8.23,116.05,10,3.7164,2018-08-14 00:37:08,395.36565563430105,9090.150968550748,49.808229077687486,main sequence,intermediate (25-75 km)
8903,-8.67,116.19,10,3.443,2018-08-14 07:10:28,410.8876004587503,9041.536423039712,46.149755106731995,main sequence,intermediate (25-75 km)
8904,-8.33,116.41,10,3.38832,2018-08-14 07:26:25,435.034726906136,9079.171383453355,8.893276035483765,main sequence,near field (<=25 km)
8905,-8.18,115.96,10,3.33364,2018-08-14 07:53:13,385.4375994315144,9095.654833807204,60.99511258607502,main sequence,intermediate (25-75 km)
8907,-8.6,116.53,20,3.33364,2018-08-14 09:34:52,448.2843714368227,9049.338516700778,26.15931693309346,main sequence,intermediate (25-75 km)
8908,-8.63,116.09,10,3.49768,2018-08-14 09:57:29,399.8746639617571,9045.934269243084,51.72377464626487,main sequence,intermediate (25-75 km)
8910,-8.35,116.69,10,4.04448,2018-08-14 15:41:24,465.8678604177379,9076.99536629839,23.20959945347718,main sequence,near field (<=25 km)
8911,-8.63,116.12,14,3.38832,2018-08-14 16:04:51,403.1757530219655,9045.942007416488,49.02275322857987,main sequence,intermediate (25-75 km)
8912,-8.33,116.24,10,3.443,2018-08-14 19:54:13,416.3149789353913,9079.139431781194,26.775886951393844,main sequence,intermediate (25-75 km)
8913,-8.59,116.01,10,3.60704,2018-08-14 20:16:00,391.0601863999709,9050.335197392615,57.18664047060869,main sequence,intermediate (25-75 km)
8914,-8.6,115.93,10,3.77108,2018-08-14 20:31:48,382.2591079455251,9049.205821075026,65.6722315744763,main sequence,intermediate (25-75 km)
8915,-8.42,115.97,12,3.55236,2018-08-15 00:08:05,386.60814895077,9069.120765560376,56.37658513198951,main sequence,intermediate (25-75 km)
8916,-8.59,116.09,10,3.60704,2018-08-15 00:26:12,399.86414697084655,9050.35700269613,49.377593572625756,main sequence,intermediate (25-75 km)
8917,-8.31,116.13,16,3.66172,2018-08-15 00:34:59,404.1969730513449,9081.325779511826,39.08035013680428,main sequence,intermediate (25-75 km)
8918,-8.56,116.08,10,3.38832,2018-08-15 00:58:43,398.7557202377096,9053.671430619534,48.80339282648365,main sequence,intermediate (25-75 km)
8919,-8.55,116.11,10,3.82576,2018-08-15 02:03:25,402.0548688176464,9054.784868182833,45.350195120014845,main sequence,intermediate (25-75 km)
8920,-8.26,116.28,10,3.60704,2018-08-15 02:19:23,420.70565183681714,9086.886984128245,25.176123509123823,main sequence,intermediate (25-75 km)
8922,-8.25,116.23,10,3.9898,2018-08-15 03:10:56,415.19665678062404,9087.982322184458,30.572425084992457,main sequence,intermediate (25-75 km)
8924,-8.39,116.59,10,3.77108,2018-08-15 04:43:10,454.86194016927016,9072.563067811157,12.303507409221384,main sequence,near field (<=25 km)
8925,-8.21,116.6,10,4.71868,2018-08-15 09:04:10,455.9428304002589,9092.464243559865,22.155608045390824,main sequence,near field (<=25 km)
8926,-8.4,116.65,10,4.0,2018-08-15 09:08:43,461.46858188126333,9071.46390333573,18.9962629950332,main sequence,near field (<=25 km)
8927,-8.26,116.59,10,4.31788,2018-08-15 09:17:17,454.84704906283264,9086.93535407232,17.2071919094319,main sequence,near field (<=25 km)
8928,-8.32,116.6,18,4.2632,2018-08-15 09:23:35,455.95503520612056,9080.303129086704,14.325032231998547,main sequence,near field (<=25 km)
8929,-8.3,116.6,10,3.66172,2018-08-15 10:18:26,455.9528041478342,9082.514245753795,15.326115116592666,main sequence,near field (<=25 km)
8930,-8.6,116.08,13,3.55236,2018-08-15 14:33:11,398.7663160629639,9049.248692007299,50.885060525229456,main sequence,intermediate (25-75 km)
8931,-8.14,116.45,10,4.04448,2018-08-15 15:15:41,439.4104045218753,9100.183702227556,25.787022978472734,main sequence,intermediate (25-75 km)
8932,-8.78,116.4,16,3.66172,2018-08-15 16:03:52,434.0110886515773,9029.417524259025,46.43073108558861,main sequence,intermediate (25-75 km)
8933,-8.29,116.58,10,3.55236,2018-08-15 16:05:16,453.7492379923156,9083.617530828564,14.148483993672027,main sequence,near field (<=25 km)
8934,-8.47,115.93,10,3.11492,2018-08-15 16:12:03,382.2192624982176,9063.580318102026,61.51139023068026,main sequence,intermediate (25-75 km)
8935,-8.14,116.46,10,3.9898,2018-08-15 16:18:55,440.51206534446385,9100.185186026183,25.669356274812518,main sequence,intermediate (25-75 km)
8936,-8.64,116.01,14,3.27896,2018-08-15 16:47:33,391.0744971419005,9044.806656096702,59.77363612553058,main sequence,intermediate (25-75 km)
8937,-8.59,116.22,19,3.49768,2018-08-15 17:26:32,414.17018970229174,9050.388518502574,37.63088383751644,main sequence,intermediate (25-75 km)
8938,-8.63,116.05,14,3.49768,2018-08-15 17:44:41,395.4731706726672,9045.92354802672,55.4259613970457,main sequence,intermediate (25-75 km)
8939,-8.41,116.64,12,3.60704,2018-08-15 18:47:55,460.3686858208965,9070.357348198213,18.15407575496705,main sequence,near field (<=25 km)
8940,-8.25,116.63,10,4.2632,2018-08-15 19:48:23,459.2512522327566,9088.045213563873,21.223379695946434,main sequence,near field (<=25 km)
8941,-8.86,116.13,14,3.38832,2018-08-15 20:38:04,404.3348237126959,9020.513901336693,66.70310333852012,main sequence,intermediate (25-75 km)
8942,-8.77,116.26,13,3.49768,2018-08-15 20:51:00,418.6107533619305,9030.495685539501,50.630337360490124,main sequence,intermediate (25-75 km)
8943,-8.31,116.64,10,4.42724,2018-08-15 22:12:12,460.35858613165595,9081.41290986191,18.824945866479496,main sequence,near field (<=25 km)
8945,-8.57,116.18,18,3.7164,2018-08-16 00:09:26,409.76365711301577,9052.59065085601,39.7896667075962,main sequence,intermediate (25-75 km)
8946,-8.23,116.35,12,3.49768,2018-08-16 03:32:19,428.40976468850477,9090.217018863828,21.14102351332626,main sequence,near field (<=25 km)
8947,-8.38,116.16,10,3.77108,2018-08-16 08:23:28,407.5172272594066,9073.593363367276,35.220481422173485,main sequence,intermediate (25-75 km)
8948,-8.31,116.43,19,3.60704,2018-08-16 08:49:47,437.23382766563486,9081.38578466375,8.647079164272911,main sequence,near field (<=25 km)
8949,-8.41,116.38,10,3.1696,2018-08-16 11:05:35,431.74521913516674,9070.321545091483,11.865650779547916,main sequence,near field (<=25 km)
8950,-8.36,116.44,10,3.443,2018-08-16 11:42:31,438.3428550534155,9075.859430855524,4.538793187807623,main sequence,near field (<=25 km)
8951,-8.48,115.99,10,3.1696,2018-08-16 11:44:09,388.8273411735766,9062.492272428046,55.26799218957278,main sequence,intermediate (25-75 km)
8952,-8.77,115.97,10,3.55236,2018-08-16 14:00:48,386.7121333370215,9030.420556235544,71.5738702050823,main sequence,intermediate (25-75 km)
8953,-8.69,116.06,11,3.49768,2018-08-16 14:13:45,396.5899382446883,9039.292100671391,58.30247370697238,main sequence,intermediate (25-75 km)
8955,-8.32,116.17,14,3.66172,2018-08-16 17:52:04,408.60433074941716,9080.229580672089,34.55564946881776,main sequence,intermediate (25-75 km)
8957,-8.62,116.05,10,3.443,2018-08-17 02:02:17,395.4704210545662,9047.029244276635,54.85469742362058,main sequence,intermediate (25-75 km)
8958,-8.67,116.01,11,3.77108,2018-08-17 02:22:09,391.0831231690597,9041.489524622433,61.5150933404669,main sequence,intermediate (25-75 km)
8959,-8.25,116.0,23,3.93512,2018-08-17 03:18:17,389.86359057750667,9087.926169006634,54.47270815357816,main sequence,intermediate (25-75 km)
8960,-8.41,116.02,32,3.7164,2018-08-17 03:20:54,392.1103703117317,9070.240600296125,50.7973474333401,main sequence,intermediate (25-75 km)
8961,-8.23,116.26,10,3.38832,2018-08-17 03:35:45,418.4967707652661,9090.19980526644,28.780241561748436,main sequence,intermediate (25-75 km)
8963,-8.28,116.02,10,3.33364,2018-08-17 05:24:02,392.0746849156464,9084.61457362029,51.59061679764618,main sequence,intermediate (25-75 km)
8964,-8.39,116.6,12,3.60704,2018-08-17 06:11:46,455.96288591344154,9072.564203323423,13.38694155999129,main sequence,near field (<=25 km)
8965,-8.23,116.23,15,3.66172,2018-08-17 08:35:59,415.19239747293125,9090.193571912245,31.60705688160075,main sequence,intermediate (25-75 km)
8968,-8.82,116.2,10,3.55236,2018-08-17 10:01:47,412.02303208847474,9024.953845017353,58.74929098128837,main sequence,intermediate (25-75 km)
8969,-8.56,116.1,42,3.66172,2018-08-17 10:09:30,400.95685895723324,9053.676634624879,46.83020142229331,main sequence,intermediate (25-75 km)
8970,-8.55,116.07,19,3.49768,2018-08-17 11:40:16,397.6524764282172,9054.77447196851,49.33616125956195,main sequence,intermediate (25-75 km)
8971,-8.85,116.27,19,3.55236,2018-08-17 12:05:12,419.7279267775853,9021.652661185799,58.153069259861795,main sequence,intermediate (25-75 km)
8973,-8.36,115.97,16,3.49768,2018-08-17 12:31:11,386.59074529385134,9075.755019589957,56.117116615466294,main sequence,intermediate (25-75 km)
8974,-8.63,116.09,13,3.33364,2018-08-17 13:27:18,399.8746639617571,9045.934269243084,51.72377464626487,main sequence,intermediate (25-75 km)
8975,-8.46,115.94,10,3.22428,2018-08-17 13:48:00,383.3171269403914,9064.689055708805,60.23594426476055,main sequence,intermediate (25-75 km)
8976,-8.66,116.05,10,3.60704,2018-08-17 13:51:23,395.4814385178291,9042.60645591921,57.23523565276457,main sequence,intermediate (25-75 km)
8978,-8.25,116.6,10,4.59128,2018-08-17 15:21:09,455.94724983991017,9088.042027791766,18.771600196062515,main sequence,near field (<=25 km)
8982,-8.31,116.27,10,3.38832,2018-08-17 17:51:29,419.61443404865264,9081.356894104754,24.04799269350932,main sequence,near field (<=25 km)
8983,-8.46,115.95,10,3.11492,2018-08-17 18:28:56,384.41802802890095,9064.692038320214,59.151535987862665,main sequence,intermediate (25-75 km)
8987,-8.69,116.09,10,3.88044,2018-08-18 01:57:25,399.89053040274075,9039.30015223566,55.725548785166154,main sequence,intermediate (25-75 km)
8988,-8.52,116.07,20,3.22428,2018-08-18 02:55:12,397.6444849807698,9058.091527421948,48.08127384115591,main sequence,intermediate (25-75 km)
8990,-8.44,116.07,21,3.11492,2018-08-18 04:37:59,397.62331083247926,9066.936984348118,45.767003212314876,main sequence,intermediate (25-75 km)
8991,-8.79,116.27,12,3.7164,2018-08-18 06:05:03,419.71496628589455,9028.286546482115,52.09790582123553,main sequence,intermediate (25-75 km)
8993,-8.61,116.12,10,3.38832,2018-08-18 07:17:46,403.17066208771234,9048.153357869729,47.745883216881474,main sequence,intermediate (25-75 km)
8994,-8.34,116.23,17,3.49768,2018-08-18 09:56:12,415.2159507576515,9078.031671583654,27.705255639246605,main sequence,intermediate (25-75 km)
8995,-8.51,116.1,22,3.33364,2018-08-18 09:57:28,400.9439697031015,9059.205015890733,44.601389375235435,main sequence,intermediate (25-75 km)
8996,-8.8,116.47,23,3.443,2018-08-18 09:59:37,441.7131454360392,9027.217902960956,47.826458248428175,main sequence,intermediate (25-75 km)
8997,-8.37,116.67,10,3.7164,2018-08-18 10:15:46,463.66761572797736,9074.782474641946,20.90200516976195,main sequence,near field (<=25 km)
8998,-8.36,116.19,10,4.04448,2018-08-18 12:39:07,410.81584862554774,9075.811579863741,31.922841382589844,main sequence,intermediate (25-75 km)
8999,-8.25,116.26,11,3.66172,2018-08-18 13:36:47,418.50086407944326,9087.98857026795,27.64015392768994,main sequence,intermediate (25-75 km)
9001,-8.56,116.11,10,3.9898,2018-08-18 14:15:50,402.0574239460216,9053.67919372002,45.85133566549109,main sequence,intermediate (25-75 km)
9002,-8.15,116.13,10,3.82576,2018-08-18 14:59:01,404.1585181860601,9099.016195459964,45.62671716276272,main sequence,intermediate (25-75 km)
9003,-8.14,116.11,10,3.49768,2018-08-18 15:10:31,401.95266294097917,9100.117049622888,48.081696354714055,main sequence,intermediate (25-75 km)
9004,-8.27,116.03,10,4.20852,2018-08-18 15:12:37,393.1733713369506,9085.72295627346,50.744358553331175,main sequence,intermediate (25-75 km)
9005,-8.6,116.1,16,3.7164,2018-08-18 16:04:47,400.9672243441183,9049.253919600616,48.99597650256853,main sequence,intermediate (25-75 km)
9006,-8.25,116.23,14,4.09916,2018-08-18 16:06:45,415.19665678062404,9087.982322184458,30.572425084992457,main sequence,intermediate (25-75 km)
9007,-8.28,116.59,10,3.93512,2018-08-18 16:24:16,454.84932496677175,9084.724239174757,15.704226983489658,main sequence,near field (<=25 km)
9009,-8.78,116.24,25,4.15384,2018-08-18 17:39:07,416.4131592628544,9029.38564266483,52.67626308450692,main sequence,intermediate (25-75 km)
9010,-8.67,116.09,11,3.77108,2018-08-18 19:32:52,399.88522946260605,9041.511526821903,54.33337997632339,main sequence,intermediate (25-75 km)
9011,-8.3,116.06,11,4.31788,2018-08-18 20:12:57,396.4854207520059,9082.413855164023,46.85954799540523,main sequence,intermediate (25-75 km)
9012,-8.29,116.22,15,4.09916,2018-08-18 23:47:36,414.10390989520823,9083.557668280311,29.956903701039394,main sequence,intermediate (25-75 km)
9013,-8.32,116.61,10,5.19544,2018-08-19 04:06:12,457.0561759400879,9080.304227580596,15.344908938204442,main sequence,near field (<=25 km)
9014,-8.44,116.59,18,6.43545,2018-08-19 04:10:23,454.86772901891334,9067.035240434001,14.387384339560365,main sequence,near field (<=25 km)
9015,-8.42,116.55,10,4.48192,2018-08-19 04:19:35,450.4619513183114,9069.241533864186,9.497606453384515,main sequence,near field (<=25 km)
9016,-8.36,116.64,10,4.04448,2018-08-19 04:27:49,460.3636209760431,9075.88513597137,17.637001617758102,main sequence,near field (<=25 km)
9017,-8.38,116.58,10,4.31788,2018-08-19 04:45:34,453.75981128873116,9073.667469409473,11.056968061118942,main sequence,near field (<=25 km)
9018,-8.35,116.62,10,3.9898,2018-08-19 04:48:45,458.160504158863,9076.988626718894,15.561600455589476,main sequence,near field (<=25 km)
9019,-8.31,116.58,10,3.93512,2018-08-19 05:04:34,453.751577812693,9081.4064099353,12.866753488114464,main sequence,near field (<=25 km)
9020,-8.4,116.56,12,3.77108,2018-08-19 05:17:10,451.56033441497067,9071.453924536992,9.411523138649589,main sequence,near field (<=25 km)
9021,-8.31,116.6,10,3.88044,2018-08-19 05:25:36,455.95391901021526,9081.40868769603,14.792286743632125,main sequence,near field (<=25 km)
9022,-8.57,116.48,10,3.77108,2018-08-19 05:28:11,442.7780768719603,9052.648183665653,22.238985328911777,main sequence,near field (<=25 km)
9023,-8.31,116.62,10,3.77108,2018-08-19 05:40:34,458.1562550302385,9081.4108543378,16.785514419988473,main sequence,near field (<=25 km)
9024,-8.35,116.61,10,3.55236,2018-08-19 05:45:36,457.059448607441,9076.987552285644,14.473612636894645,main sequence,near field (<=25 km)
9025,-8.61,116.38,15,3.82576,2018-08-19 06:02:43,431.78062909442235,9048.209427475747,28.86403090338245,main sequence,intermediate (25-75 km)
9026,-8.43,116.56,10,4.09916,2018-08-19 06:26:08,451.56406189323616,9068.137215698745,11.043297568635825,main sequence,near field (<=25 km)
9028,-8.43,116.7,10,3.66172,2018-08-19 07:22:01,466.97566410166553,9068.15180620528,25.103255421082547,main sequence,intermediate (25-75 km)
9029,-8.32,116.61,10,4.04448,2018-08-19 07:26:37,457.0561759400879,9080.304227580596,15.344908938204442,main sequence,near field (<=25 km)
9030,-8.37,116.6,10,3.7164,2018-08-19 07:33:14,455.96063618738845,9074.775327744024,13.201266500049712,main sequence,near field (<=25 km)
9031,-8.27,116.61,10,3.82576,2018-08-19 07:37:28,457.05074749796387,9085.832008700621,18.116971969996637,main sequence,near field (<=25 km)
9032,-8.43,116.54,16,3.60704,2018-08-19 08:36:11,449.3623837572808,9068.13468063008,9.384729773985732,main sequence,near field (<=25 km)
9033,-8.43,116.57,17,3.49768,2018-08-19 08:39:27,452.66489881266443,9068.13844097784,11.938391480994774,main sequence,near field (<=25 km)
9034,-8.29,116.58,11,3.77108,2018-08-19 08:58:25,453.7492379923156,9083.617530828564,14.148483993672027,main sequence,near field (<=25 km)
9035,-8.66,116.4,13,3.49768,2018-08-19 08:59:26,433.99002442936035,9042.68489034876,33.4250674488527,main sequence,intermediate (25-75 km)
9036,-8.31,116.68,14,4.48192,2018-08-19 09:30:30,464.7632346142347,9081.416687562029,22.993016484453445,main sequence,near field (<=25 km)
9037,-8.35,116.59,10,3.55236,2018-08-19 09:37:50,454.85733368817915,9076.98531969045,12.304118674192932,main sequence,near field (<=25 km)
9038,-8.84,116.52,17,4.09916,2018-08-19 09:47:36,447.2177160621588,9022.80292318038,52.44631891203517,main sequence,intermediate (25-75 km)
9039,-8.29,116.69,10,4.79814,2018-08-19 09:50:10,465.86266708971556,9083.628657342937,24.75789337782111,main sequence,near field (<=25 km)
9040,-8.26,116.63,10,4.71868,2018-08-19 10:42:17,459.252277306534,9086.939662008766,20.542322162080485,main sequence,near field (<=25 km)
9041,-8.26,116.67,10,4.04448,2018-08-19 11:08:31,463.65748638122136,9086.943528076907,24.22033992506699,main sequence,near field (<=25 km)
9043,-8.24,116.66,10,3.82576,2018-08-19 11:35:14,462.5543030206321,9089.153698622382,24.519427517948763,main sequence,near field (<=25 km)
9044,-8.35,116.69,18,4.04448,2018-08-19 12:41:32,465.8678604177379,9076.99536629839,23.20959945347718,main sequence,near field (<=25 km)
9045,-8.63,116.58,28,3.77108,2018-08-19 13:10:14,453.7897764661863,9046.028172236205,30.93168373381583,main sequence,intermediate (25-75 km)
9046,-8.44,116.65,15,3.88044,2018-08-19 13:29:33,461.4725375299589,9067.041669913506,20.255349572816034,main sequence,near field (<=25 km)
9047,-8.23,116.59,10,3.93512,2018-08-19 13:31:46,454.84364545971897,9090.252022308785,19.718797150434725,main sequence,near field (<=25 km)
9048,-8.71,116.44,18,3.66172,2018-08-19 13:54:21,438.3989878657814,9037.163576731511,38.061279740401666,main sequence,intermediate (25-75 km)
9049,-8.8,116.49,10,3.49768,2018-08-19 14:06:25,443.91270622012667,9027.220957038558,47.82645824842814,main sequence,intermediate (25-75 km)
9050,-8.27,116.73,10,4.20852,2018-08-19 14:23:07,470.2660174998391,9085.842956993238,29.66869889907976,main sequence,intermediate (25-75 km)
9051,-8.29,116.7,10,4.2632,2018-08-19 14:34:56,466.9638812490606,9083.62950256091,25.787670001318862,main sequence,intermediate (25-75 km)
9052,-8.37,116.7,18,6.70488,2018-08-19 14:56:27,466.97059030773903,9074.785117991987,24.20232169545304,main sequence,near field (<=25 km)
9053,-8.46,116.58,22,5.59274,2018-08-19 15:16:38,453.7693049731248,9064.822932590421,14.870980991278202,main sequence,near field (<=25 km)
9054,-8.41,116.57,10,5.51328,2018-08-19 15:29:00,452.6624688761963,9070.349577937734,10.85364557569815,main sequence,near field (<=25 km)
9055,-8.39,116.9,16,4.0,2018-08-19 15:39:50,488.99080229049525,9072.585230912255,46.25673371403669,main sequence,intermediate (25-75 km)
9056,-8.27,116.98,10,4.95706,2018-08-19 15:45:58,497.797490601732,9085.852978914105,56.12483518462891,main sequence,intermediate (25-75 km)
9057,-8.39,116.83,12,4.8776,2018-08-19 15:47:26,481.28434658404404,9072.582581479537,38.56687549271851,main sequence,intermediate (25-75 km)
9058,-8.52,116.88,21,4.5366,2018-08-19 15:51:40,486.79338570317697,9058.212557867133,47.0512283196936,main sequence,intermediate (25-75 km)
9059,-8.35,117.05,10,4.15384,2018-08-19 15:58:24,505.5051585771687,9077.00842661795,62.74704201771688,main sequence,intermediate (25-75 km)
9060,-8.46,116.81,10,3.8,2018-08-19 16:01:55,479.0862576368549,9064.842759840247,37.65352634231901,main sequence,intermediate (25-75 km)
9061,-8.33,116.83,10,3.9898,2018-08-19 16:05:13,481.28148507735295,9079.215820373058,38.76169891810719,main sequence,intermediate (25-75 km)
9062,-8.41,116.89,10,4.04448,2018-08-19 16:06:51,487.89050139335177,9070.37385788831,45.32078732010161,main sequence,intermediate (25-75 km)
9063,-8.34,116.86,10,4.31788,2018-08-19 16:09:24,484.585151024796,9078.111578090626,41.93849699358806,main sequence,intermediate (25-75 km)
9064,-8.33,116.96,13,4.48192,2018-08-19 16:18:51,495.59564943527954,9079.219620734202,52.99475006027182,main sequence,intermediate (25-75 km)
9065,-8.39,116.91,10,5.03652,2018-08-19 16:21:09,490.09172298269414,9072.58549725665,47.35556825171586,main sequence,intermediate (25-75 km)
9066,-8.3,116.66,10,4.48192,2018-08-19 16:23:58,462.5599649508718,9082.520405114614,21.278408006178132,main sequence,near field (<=25 km)
9067,-8.55,116.85,17,4.09916,2018-08-19 16:28:44,483.4930142660631,9054.894759444061,45.350195120013446,main sequence,intermediate (25-75 km)
9068,-8.29,116.77,10,4.20852,2018-08-19 16:31:40,474.6723549886537,9083.634643121099,33.123183293242185,main sequence,intermediate (25-75 km)
9069,-8.38,116.86,11,5.19544,2018-08-19 16:37:38,484.5867220444569,9073.689424869932,41.818258156365545,main sequence,intermediate (25-75 km)
9070,-8.38,116.79,10,4.8,2018-08-19 16:40:04,476.88005534470875,9073.685994386045,34.120956157221954,main sequence,intermediate (25-75 km)
9071,-8.26,116.73,10,4.20852,2018-08-19 16:46:54,470.2652685848046,9086.948498696092,30.10342192309885,main sequence,intermediate (25-75 km)
9072,-8.49,117.0,29,3.66172,2018-08-19 16:52:06,500.0,9061.531236662511,58.732446759774774,main sequence,intermediate (25-75 km)
9073,-8.28,116.6,10,3.9898,2018-08-19 16:54:07,455.9505784237726,9084.725360217217,16.566970027709424,main sequence,near field (<=25 km)
9074,-8.34,116.42,21,4.20852,2018-08-19 16:59:31,436.13749224191736,9078.067423950664,7.395917288801733,main sequence,near field (<=25 km)
9075,-8.25,116.78,10,4.5366,2018-08-19 17:01:04,475.77111992596167,9088.057418624032,35.60321724142002,main sequence,intermediate (25-75 km)
9076,-8.37,116.9,10,4.2632,2018-08-19 17:04:29,488.9902398801014,9074.796306636717,46.20443073710869,main sequence,intermediate (25-75 km)
9077,-8.27,116.75,10,4.09916,2018-08-19 17:10:57,472.4685487513132,9085.84439463169,31.719521256479847,main sequence,intermediate (25-75 km)
9078,-8.35,116.72,10,4.0,2018-08-19 17:15:42,469.17099741416973,9076.997836061775,26.49670226569523,main sequence,intermediate (25-75 km)
9079,-8.41,116.89,10,4.37256,2018-08-19 17:20:18,487.89050139335177,9070.37385788831,45.32078732010161,main sequence,intermediate (25-75 km)
9080,-8.27,116.72,10,4.71868,2018-08-19 17:28:40,469.1647505790815,9085.842196702159,28.65161691290562,main sequence,intermediate (25-75 km)
9081,-8.28,116.74,10,4.04448,2018-08-19 17:36:56,471.3680055897927,9084.738148244316,30.306043569514504,main sequence,intermediate (25-75 km)
9082,-8.61,116.58,27,3.9898,2018-08-19 17:40:01,453.7873470652894,9048.239329030526,28.864030903381853,main sequence,intermediate (25-75 km)
9083,-8.24,117.06,10,3.93512,2018-08-19 17:48:28,506.60802789868166,9089.169126241071,65.43339684808993,main sequence,intermediate (25-75 km)
9084,-8.57,116.91,37,4.20852,2018-08-19 17:50:17,490.09633249307296,9052.685719990737,52.26024537032867,main sequence,intermediate (25-75 km)
9085,-8.89,116.84,29,4.31788,2018-08-19 18:01:39,482.4084597254294,9017.305284195294,70.06877508364383,main sequence,intermediate (25-75 km)
9086,-8.37,116.95,10,4.09916,2018-08-19 18:08:34,494.4951219608594,9074.797355560671,51.70495758700517,main sequence,intermediate (25-75 km)
9087,-8.36,116.89,10,3.9898,2018-08-19 18:12:59,487.8889538473888,9075.901550303517,45.118608330364424,main sequence,intermediate (25-75 km)
9088,-8.2,116.61,10,4.8776,2018-08-19 18:18:36,457.0432022927982,9093.570879223995,23.705411566660562,main sequence,near field (<=25 km)
9089,-8.44,116.93,13,4.95706,2018-08-19 18:23:25,492.29455182646797,9067.058250864175,50.10851561647606,main sequence,intermediate (25-75 km)
9090,-8.39,116.74,18,3.6,2018-08-19 18:31:14,471.37600527297974,9072.577156411528,28.688335949612323,main sequence,intermediate (25-75 km)
9091,-8.42,116.79,11,4.09916,2018-08-19 18:34:02,476.882423088061,9069.26381632606,34.551327752617745,main sequence,intermediate (25-75 km)
9092,-8.38,116.92,10,4.5366,2018-08-19 18:39:18,491.1924182866924,9073.691273121918,48.41679005060692,main sequence,intermediate (25-75 km)
9093,-8.24,116.87,11,4.15384,2018-08-19 18:45:59,485.6825968865529,9089.167294234005,45.280583717631536,main sequence,intermediate (25-75 km)
9094,-8.66,116.85,34,3.7164,2018-08-19 18:47:39,483.4977778744874,9042.733680596433,51.917226519163414,main sequence,intermediate (25-75 km)
9095,-8.43,116.88,10,3.82576,2018-08-19 18:49:12,486.7903144899866,9068.162453092928,44.503750816823334,main sequence,intermediate (25-75 km)
9096,-8.37,116.94,10,3.82576,2018-08-19 18:52:56,493.39414599736915,9074.797201718615,50.60485223300222,main sequence,intermediate (25-75 km)
9097,-8.22,116.44,10,3.88044,2018-08-19 18:56:19,438.3210421233993,9091.337581564854,17.250163575450745,main sequence,near field (<=25 km)
9098,-8.4,116.8,14,3.9898,2018-08-19 19:01:39,477.98213567096,9071.475481888054,35.35972302364385,main sequence,intermediate (25-75 km)
9099,-8.25,116.77,10,4.42724,2018-08-19 19:13:17,474.66980160917893,9088.056798034282,34.585596498543495,main sequence,intermediate (25-75 km)
9100,-8.3,116.74,10,4.04448,2018-08-19 19:18:41,471.36945227694963,9082.527063806014,29.645382905223016,main sequence,intermediate (25-75 km)
9101,-8.36,116.72,13,3.93512,2018-08-19 19:21:23,469.1717824689073,9075.892288488656,26.42627589535102,main sequence,intermediate (25-75 km)
9102,-8.36,116.33,17,3.9898,2018-08-19 19:28:40,426.23114156121966,9075.840528457713,16.539215985588655,main sequence,near field (<=25 km)
9103,-8.58,116.89,25,3.88044,2018-08-19 19:32:36,487.89583160045487,9051.579598372347,50.77952452239446,main sequence,intermediate (25-75 km)
9104,-8.4,116.87,10,4.5366,2018-08-19 19:38:06,485.68840436246575,9071.478723839859,43.03195262597612,main sequence,intermediate (25-75 km)
9105,-8.41,116.84,10,4.31788,2018-08-19 19:41:04,482.38617221108535,9070.371961054987,39.85075121588725,main sequence,intermediate (25-75 km)
9106,-8.39,116.7,14,3.9898,2018-08-19 19:43:44,466.9722775727113,9072.574016296468,24.30366212647369,main sequence,near field (<=25 km)
9107,-8.8,116.26,11,3.55236,2018-08-19 19:47:17,418.6172965280383,9027.178741820033,53.584100407582866,main sequence,intermediate (25-75 km)
9108,-8.34,116.8,10,3.9898,2018-08-19 19:49:54,477.9787651832152,9078.108734937125,35.36242294178374,main sequence,intermediate (25-75 km)
9109,-8.2,116.76,10,3.9898,2018-08-19 19:52:47,473.565170053554,9093.583834965688,36.14639743486192,main sequence,intermediate (25-75 km)
9110,-8.66,116.83,35,3.7164,2018-08-19 19:56:44,481.2974757505773,9042.732755427049,50.21211274342795,main sequence,intermediate (25-75 km)
9111,-8.46,116.8,19,3.77108,2018-08-19 19:59:42,477.98553015624424,9064.842208700155,36.59427833161212,main sequence,intermediate (25-75 km)
9112,-8.31,116.79,10,4.37256,2018-08-19 20:06:43,476.8759387430633,9081.424784531104,34.75231487636156,main sequence,intermediate (25-75 km)
9113,-8.45,116.68,23,4.04448,2018-08-19 20:11:59,464.7758328955776,9065.938947442115,23.73024873392133,main sequence,near field (<=25 km)
9114,-8.35,116.73,10,4.31788,2018-08-19 20:12:27,470.2720412253768,9076.998603500146,27.59310871888829,main sequence,intermediate (25-75 km)
9115,-8.38,116.85,13,3.9898,2018-08-19 20:17:29,483.485771275224,9073.689018813753,40.71856634071513,main sequence,intermediate (25-75 km)
9116,-8.33,116.76,10,4.2632,2018-08-19 20:19:36,473.5738241479346,9079.211825093584,31.12398142718567,main sequence,intermediate (25-75 km)
9117,-8.3,116.78,10,4.15384,2018-08-19 20:35:33,475.7741747099188,9082.52972726016,33.91149238582129,main sequence,intermediate (25-75 km)
9118,-8.32,116.91,10,4.5366,2018-08-19 20:39:40,490.0899566407264,9080.32425037959,47.63314672442184,main sequence,intermediate (25-75 km)
9119,-8.19,116.78,10,4.48192,2018-08-19 20:56:14,475.76747839169815,9094.690630132478,38.60456604882253,main sequence,intermediate (25-75 km)
9120,-8.36,116.93,10,4.95706,2018-08-19 21:21:51,492.2929733464785,9075.90255610221,49.51786851622277,main sequence,intermediate (25-75 km)
9121,-8.25,116.82,17,3.9898,2018-08-19 21:35:02,480.1763863925353,9088.059625159696,39.71779839355084,main sequence,intermediate (25-75 km)
9122,-8.26,116.71,10,3.93512,2018-08-19 21:38:40,468.06267835933426,9086.946952286038,28.106957333639013,main sequence,intermediate (25-75 km)
9123,-8.27,116.58,10,4.64596,2018-08-19 21:44:52,453.7469037730303,9085.82864952184,15.642803228730717,main sequence,near field (<=25 km)
9124,-8.62,116.4,10,4.95706,2018-08-19 21:50:01,433.9830669749591,9047.107327398036,29.157745572178026,main sequence,intermediate (25-75 km)
9125,-8.16,116.6,10,4.04448,2018-08-19 22:03:39,455.93733611238224,9097.992001009969,26.82597217916889,main sequence,intermediate (25-75 km)
9126,-8.18,116.79,10,4.09916,2018-08-19 22:16:09,476.8683846405844,9095.79675158345,40.1241565744423,main sequence,intermediate (25-75 km)
9127,-8.17,116.61,10,4.59128,2018-08-19 22:21:31,457.03998814069314,9096.887529837946,26.442502218912253,main sequence,intermediate (25-75 km)
9128,-8.2,116.62,10,4.2632,2018-08-19 22:28:19,458.14467444692406,9093.571934888505,24.385179424831403,main sequence,near field (<=25 km)
9129,-8.1,116.89,10,3.9898,2018-08-19 22:40:49,487.8810543979971,9104.645328102024,54.19551618487297,main sequence,intermediate (25-75 km)
9130,-8.41,116.84,10,4.5366,2018-08-19 22:55:06,482.38617221108535,9070.371961054987,39.85075121588725,main sequence,intermediate (25-75 km)
9131,-8.4,116.94,12,4.15384,2018-08-19 23:12:58,493.39465246588907,9071.480590409667,50.71273441230834,main sequence,intermediate (25-75 km)
9133,-8.26,116.53,14,4.79814,2018-08-19 23:29:55,448.23916622180934,9086.928063641628,13.411654866714773,main sequence,near field (<=25 km)
9134,-8.26,116.59,10,4.09916,2018-08-19 23:38:35,454.84704906283264,9086.93535407232,17.2071919094319,main sequence,near field (<=25 km)
9137,-8.28,116.68,10,3.49768,2018-08-20 00:11:30,464.7605621836366,9084.733332009117,24.173441671708915,main sequence,near field (<=25 km)
9138,-8.84,116.7,33,3.55236,2018-08-20 00:16:00,467.0112980922982,9022.823628367,57.58740078998988,main sequence,intermediate (25-75 km)
9139,-8.8,116.55,30,3.82576,2018-08-20 00:17:11,450.5113502507925,9027.229414401454,48.42928885371193,main sequence,intermediate (25-75 km)
9140,-8.36,116.89,10,3.55236,2018-08-20 00:19:59,487.8889538473888,9075.901550303517,45.118608330364424,main sequence,intermediate (25-75 km)
9141,-8.31,116.15,16,3.7164,2018-08-20 00:44:14,406.3994991955467,9081.330557937768,36.91418300299575,main sequence,intermediate (25-75 km)
9142,-8.41,116.88,11,3.93512,2018-08-20 00:48:01,486.7896363971179,9070.373534724567,44.22618067073874,main sequence,intermediate (25-75 km)
9143,-8.24,116.62,10,4.04448,2018-08-20 00:52:25,458.1488678297798,9089.149731450458,21.124420912059914,main sequence,near field (<=25 km)
9144,-8.26,116.73,10,4.2632,2018-08-20 01:06:31,470.2652685848046,9086.948498696092,30.10342192309885,main sequence,intermediate (25-75 km)
9145,-8.35,116.73,11,3.77108,2018-08-20 01:15:39,470.2720412253768,9076.998603500146,27.59310871888829,main sequence,intermediate (25-75 km)
9146,-8.6,116.81,27,3.7164,2018-08-20 01:18:26,479.0938707106381,9049.365052147781,44.39852923494312,main sequence,intermediate (25-75 km)
9147,-8.75,116.79,31,3.66172,2018-08-20 01:21:07,476.902384155178,9032.780501247413,54.28892836801252,main sequence,intermediate (25-75 km)
9148,-8.35,116.21,10,3.66172,2018-08-20 01:22:22,413.0158474182273,9076.921686967242,29.78674619384858,main sequence,intermediate (25-75 km)
9149,-8.32,116.73,10,5.03652,2018-08-20 01:30:32,470.2697755775277,9080.315240209398,28.06069873520343,main sequence,intermediate (25-75 km)
9150,-8.22,116.21,13,3.66172,2018-08-20 02:12:14,412.98728849133965,9091.294907827973,34.07042830697768,main sequence,intermediate (25-75 km)
9151,-8.35,116.87,13,4.04448,2018-08-20 02:18:18,485.6865776088496,9077.006417357938,42.962812219821146,main sequence,intermediate (25-75 km)
9152,-8.42,116.88,13,3.9898,2018-08-20 02:31:46,486.7899752435836,9069.267994189318,44.351246151985706,main sequence,intermediate (25-75 km)
9153,-8.67,116.51,19,3.443,2018-08-20 02:59:13,446.0935931965915,9041.596632724264,33.521211990728695,main sequence,intermediate (25-75 km)
9154,-8.68,116.56,25,3.88044,2018-08-20 03:04:45,451.59563738178537,9040.497778172508,35.57531169407566,main sequence,intermediate (25-75 km)
9155,-8.71,116.72,27,3.7164,2018-08-20 03:10:07,469.1998472242081,9037.197768427372,46.10630489051993,main sequence,intermediate (25-75 km)
9156,-8.35,116.56,17,3.88044,2018-08-20 03:16:10,451.55415128306436,9076.981761473371,9.077695789294925,main sequence,near field (<=25 km)
9157,-8.32,116.8,10,4.2632,2018-08-20 03:40:20,477.97764702068906,9080.319814835686,35.641931789913805,main sequence,intermediate (25-75 km)
9158,-8.29,116.73,10,4.04448,2018-08-20 03:43:55,470.267518030476,9083.631871935557,28.90815803673958,main sequence,intermediate (25-75 km)
9159,-8.34,116.8,10,4.37256,2018-08-20 03:56:37,477.9787651832152,9078.108734937125,35.36242294178374,main sequence,intermediate (25-75 km)
9160,-8.81,116.61,17,3.88044,2018-08-20 04:22:00,457.11109415950176,9026.131229345443,50.97082373509067,main sequence,intermediate (25-75 km)
9161,-8.49,116.57,10,3.82576,2018-08-20 04:28:16,452.6722230160997,9061.505016664454,16.614588354888284,main sequence,near field (<=25 km)
9162,-8.42,116.79,23,3.77108,2018-08-20 04:33:47,476.882423088061,9069.26381632606,34.551327752617745,main sequence,intermediate (25-75 km)
9163,-8.61,116.84,38,3.77108,2018-08-20 04:39:24,482.3953094449919,9048.261006685563,47.745883216881474,main sequence,intermediate (25-75 km)
9166,-8.88,116.6,17,3.60704,2018-08-20 04:56:24,456.01966947722093,9018.390946781847,58.22368996767176,main sequence,intermediate (25-75 km)
9167,-8.72,116.45,24,3.38832,2018-08-20 04:59:24,439.5006468248114,9036.059586166148,39.057782188627556,main sequence,intermediate (25-75 km)
9168,-8.38,116.9,10,4.37256,2018-08-20 05:07:46,488.99052091864183,9073.6907690538,46.21721548645898,main sequence,intermediate (25-75 km)
9170,-8.75,116.69,35,3.60704,2018-08-20 05:29:52,465.90343303846447,9032.772908460209,48.15174318865109,main sequence,intermediate (25-75 km)
9171,-8.26,116.19,10,4.15384,2018-08-20 05:46:00,410.7932563560362,9086.867969145447,34.17162081655391,main sequence,intermediate (25-75 km)
9172,-8.82,116.75,31,3.60704,2018-08-20 06:23:01,472.5079708929885,9025.038828057208,58.18070738358923,main sequence,intermediate (25-75 km)
9173,-8.39,116.89,10,4.42724,2018-08-20 06:26:04,487.889881275051,9072.584936531463,45.15795967459226,main sequence,intermediate (25-75 km)
9174,-8.29,116.72,10,4.37256,2018-08-20 06:29:44,469.16630668707097,9083.631109857099,27.86338246547354,main sequence,intermediate (25-75 km)
9175,-8.81,116.53,23,3.38832,2018-08-20 07:00:43,448.3131966522654,9026.121116491266,49.233644715607205,main sequence,intermediate (25-75 km)
9176,-8.83,116.74,21,3.7164,2018-08-20 07:17:32,471.4090523138504,9023.93250494471,58.595403585637776,main sequence,intermediate (25-75 km)
9177,-8.83,116.29,10,3.60704,2018-08-20 07:24:47,421.9230599204265,9023.868201541543,55.25085256115679,main sequence,intermediate (25-75 km)
9180,-8.87,116.75,25,3.33364,2018-08-20 08:06:10,472.51167963362184,9019.510962969653,63.02524877369331,main sequence,intermediate (25-75 km)
9181,-8.27,116.45,10,4.2632,2018-08-20 08:12:06,439.4300949873825,9085.811217405608,11.599051382936379,main sequence,near field (<=25 km)
9182,-8.19,116.46,10,3.93512,2018-08-20 08:19:28,440.5194648688337,9094.657326956863,20.135710814208558,main sequence,near field (<=25 km)
9183,-8.82,116.74,24,3.60704,2018-08-20 08:54:05,471.4082826260857,9025.038077611252,57.62749213298165,main sequence,intermediate (25-75 km)
9184,-8.51,116.87,18,3.7164,2018-08-20 08:55:39,485.69246134778155,9059.317748723264,45.63373874492146,main sequence,intermediate (25-75 km)
9185,-8.75,116.2,19,3.82576,2018-08-20 09:03:40,412.0065264245621,9032.693484916295,52.280864898853444,main sequence,intermediate (25-75 km)
9186,-8.42,116.86,10,3.66172,2018-08-20 09:08:00,484.588300530345,9069.26726271382,42.169433598610446,main sequence,intermediate (25-75 km)
9187,-8.45,116.98,10,3.82576,2018-08-20 09:11:56,497.7985005377161,9065.953345379907,55.714344541070815,main sequence,intermediate (25-75 km)
9188,-8.85,116.78,29,3.7164,2018-08-20 09:22:31,475.8089870122775,9021.724192358168,62.742157280030284,main sequence,intermediate (25-75 km)
9189,-8.3,116.7,12,4.09916,2018-08-20 09:25:13,466.9647163810367,9082.523956426656,25.42523360663265,main sequence,intermediate (25-75 km)
9191,-8.76,116.8,38,3.443,2018-08-20 09:53:16,478.00286242221875,9031.675535789589,55.84468867028748,main sequence,intermediate (25-75 km)
9192,-8.42,116.6,10,3.55236,2018-08-20 09:55:17,455.9662705019428,9069.247512515476,14.32347011175756,main sequence,near field (<=25 km)
9193,-8.81,116.5,32,3.55236,2018-08-20 10:03:49,445.01396104314495,9026.11683905445,48.975158103799295,main sequence,intermediate (25-75 km)
9194,-8.21,116.56,28,3.49768,2018-08-20 10:05:49,451.53703360514805,9092.459631526895,19.849757271000545,main sequence,near field (<=25 km)
9195,-8.23,116.48,10,4.95706,2018-08-20 10:31:34,442.72823875679654,9090.23794689927,15.567289730238139,main sequence,near field (<=25 km)
9196,-8.37,116.43,15,3.7164,2018-08-20 10:47:26,437.2434000383601,9074.752264038867,5.500527725958085,main sequence,near field (<=25 km)
9198,-8.5,116.84,15,3.66172,2018-08-20 11:11:34,482.3902575760166,9060.422059633456,42.15318978998337,main sequence,intermediate (25-75 km)
9199,-8.39,116.93,10,4.42724,2018-08-20 11:38:46,492.2935635266543,9072.585945836398,49.55340272046287,main sequence,intermediate (25-75 km)
9200,-8.77,116.28,14,3.77108,2018-08-20 11:46:43,420.81057542891955,9030.499959116496,49.617311840818495,main sequence,intermediate (25-75 km)
9201,-8.73,116.27,17,3.443,2018-08-20 12:04:42,419.70209331059385,9034.920411048357,46.212842064744,main sequence,intermediate (25-75 km)
9204,-8.8,116.53,30,3.55236,2018-08-20 12:23:14,448.3118083702828,9027.226712757085,48.12881739427894,main sequence,intermediate (25-75 km)
9205,-8.79,116.72,33,3.38832,2018-08-20 12:37:00,469.2064224567896,9028.35320814958,53.64134591222243,main sequence,intermediate (25-75 km)
9206,-8.73,116.87,46,3.66172,2018-08-20 12:39:03,485.70073254489586,9034.995591835597,58.66388925427996,main sequence,intermediate (25-75 km)
9207,-8.51,116.7,10,3.60704,2018-08-20 12:55:33,466.9824851501636,9059.30735907758,28.77292362873317,main sequence,intermediate (25-75 km)
9208,-8.26,116.73,10,4.04448,2018-08-20 13:01:11,470.2652685848046,9086.948498696092,30.10342192309885,main sequence,intermediate (25-75 km)
9209,-8.62,116.71,24,3.55236,2018-08-20 13:02:45,468.0922454565508,9047.147034180905,37.58413539454025,main sequence,intermediate (25-75 km)
9210,-8.36,116.94,10,4.1,2018-08-20 13:17:21,493.3939775745073,9075.902737704559,50.617716623540936,main sequence,intermediate (25-75 km)
9211,-8.31,116.83,10,4.71868,2018-08-20 13:25:13,481.280535775267,9081.426895556784,39.08035013680274,main sequence,intermediate (25-75 km)
9212,-8.27,116.19,12,3.77108,2018-08-20 13:30:19,410.7955034294281,9085.762332657889,33.7891801465105,main sequence,intermediate (25-75 km)
9213,-8.35,116.64,10,3.60704,2018-08-20 14:06:50,460.3626116070125,9076.990691857503,17.74207051406206,main sequence,near field (<=25 km)
9215,-8.84,116.82,34,3.49768,2018-08-20 14:21:33,480.20683437545347,9022.832122592636,64.25406516080156,main sequence,intermediate (25-75 km)
9216,-8.25,116.53,18,3.66172,2018-08-20 14:39:52,448.2378640736616,9088.033628849656,14.432989055826532,main sequence,near field (<=25 km)
9217,-8.71,116.28,14,3.49768,2018-08-20 15:04:31,420.79790761705874,9037.13380273415,43.73761498042242,main sequence,intermediate (25-75 km)
9218,-8.36,116.93,10,4.31788,2018-08-20 15:15:59,492.2929733464785,9075.90255610221,49.51786851622277,main sequence,intermediate (25-75 km)
9219,-8.35,116.17,16,3.66172,2018-08-20 16:01:41,408.61129659318016,9076.912643832748,34.176578316024134,main sequence,intermediate (25-75 km)
9220,-8.82,116.74,29,3.7164,2018-08-20 16:05:49,471.4082826260857,9025.038077611252,57.62749213298165,main sequence,intermediate (25-75 km)
9221,-8.56,116.32,19,3.60704,2018-08-20 16:21:13,425.16867521255773,9053.726327630577,27.495795959626037,main sequence,intermediate (25-75 km)
9222,-8.58,116.23,18,3.60704,2018-08-20 16:33:40,415.26841781611137,9051.496385767181,36.0728425080527,main sequence,intermediate (25-75 km)
9223,-8.3,116.56,10,4.37256,2018-08-20 16:43:39,451.5480048198361,9082.509584570349,11.749632893438124,main sequence,near field (<=25 km)
9224,-8.48,116.83,10,3.8,2018-08-20 17:01:35,481.2886770900566,9062.632685366205,40.394578033743215,main sequence,intermediate (25-75 km)
9225,-8.29,116.8,10,3.82576,2018-08-20 17:33:25,477.97597477739305,9083.636430528408,36.313401088796496,main sequence,intermediate (25-75 km)
9226,-8.53,116.92,29,3.55236,2018-08-20 17:43:24,491.19582274052686,9057.108150738433,51.56129294361311,main sequence,intermediate (25-75 km)
9227,-8.35,116.56,10,3.88044,2018-08-20 17:45:48,451.55415128306436,9076.981761473371,9.077695789294925,main sequence,near field (<=25 km)
9228,-8.38,116.96,10,3.93512,2018-08-20 18:07:29,495.5962101778648,9073.691945212035,52.816091013591866,main sequence,intermediate (25-75 km)
9229,-8.28,116.7,10,3.9898,2018-08-20 18:57:49,466.96304711725895,9084.735048143715,26.192330837268294,main sequence,intermediate (25-75 km)
9230,-8.31,116.74,10,3.93512,2018-08-20 19:30:27,471.3701769207274,9081.421520758478,29.37267814771767,main sequence,intermediate (25-75 km)
9231,-8.43,116.94,11,3.49768,2018-08-20 19:32:51,493.395160734209,9068.163974060433,51.0388781876479,main sequence,intermediate (25-75 km)
9232,-8.18,116.49,10,4.09916,2018-08-20 20:34:07,443.8226247402445,9095.767208370298,21.15567231367511,main sequence,near field (<=25 km)
9233,-8.31,117.01,10,4.31788,2018-08-20 20:58:17,501.10114340120214,9081.430895372878,58.6905089676454,main sequence,intermediate (25-75 km)
9234,-8.67,116.34,10,3.60704,2018-08-20 21:18:21,427.390677843458,9041.568337846771,36.73974222007901,main sequence,intermediate (25-75 km)
9238,-8.16,116.48,10,4.5366,2018-08-20 21:53:52,442.7182267375859,9097.97693682589,23.350934595357295,main sequence,near field (<=25 km)
9239,-8.27,116.46,10,4.37256,2018-08-20 21:55:27,440.5313977486967,9085.812724247866,11.335134942695545,main sequence,near field (<=25 km)
9240,-8.82,116.7,19,3.49768,2018-08-20 21:59:24,467.0095208809927,9025.034781523595,55.577302671370674,main sequence,intermediate (25-75 km)
9241,-8.21,116.48,13,4.5366,2018-08-20 22:28:36,442.7253695094713,9092.44908959142,17.791188263129175,main sequence,near field (<=25 km)
9242,-8.76,116.28,13,3.7164,2018-08-20 22:35:38,420.80845813203075,9031.605601152789,48.623167228616715,main sequence,intermediate (25-75 km)
9243,-8.15,116.47,10,4.20852,2018-08-20 23:20:20,441.6151733759122,9099.081073601857,24.48762129765893,main sequence,near field (<=25 km)
9244,-8.76,116.77,34,3.55236,2018-08-20 23:52:01,474.7032758799645,9031.673650119905,53.82733511489258,main sequence,intermediate (25-75 km)
9246,-8.32,116.86,10,4.15384,2018-08-21 00:01:33,484.58436831502615,9080.322651363145,42.174754280517675,main sequence,intermediate (25-75 km)
9247,-8.42,116.93,10,3.9,2018-08-21 01:06:26,492.29415580664835,9069.269330536332,49.8128041082072,main sequence,intermediate (25-75 km)
9248,-8.45,116.91,10,5.1,2018-08-21 01:09:25,490.0932486891849,9065.952258489582,48.12888498595984,main sequence,intermediate (25-75 km)
9249,-8.35,116.99,10,4.15384,2018-08-21 01:15:48,498.89896841393164,9077.008761493911,56.15087541057404,main sequence,intermediate (25-75 km)
9250,-8.37,116.85,10,3.8,2018-08-21 01:49:09,483.4853497160941,9074.79455842575,40.70390370081312,main sequence,intermediate (25-75 km)
9252,-8.52,116.81,20,3.93512,2018-08-21 02:08:31,479.08950518903936,9058.20947016761,39.945326924412356,main sequence,intermediate (25-75 km)
9253,-8.4,116.96,10,3.9898,2018-08-21 02:22:39,495.59643540819593,9071.480871096319,52.90829315307506,main sequence,intermediate (25-75 km)
9254,-8.34,116.78,14,4.04448,2018-08-21 02:28:06,475.7766317390458,9078.107564222637,33.17258853569793,main sequence,intermediate (25-75 km)
9257,-8.78,116.2,12,3.49768,2018-08-21 03:06:30,412.0135842951214,9029.376499829224,55.01134104063065,main sequence,intermediate (25-75 km)
9258,-8.34,116.8,10,3.93512,2018-08-21 03:15:17,477.9787651832152,9078.108734937125,35.36242294178374,main sequence,intermediate (25-75 km)
9259,-8.28,117.01,10,3.82576,2018-08-21 03:45:38,501.1012269125185,9084.74748996014,59.16481715291201,main sequence,intermediate (25-75 km)
9260,-8.4,116.87,10,4.31788,2018-08-21 03:52:51,485.68840436246575,9071.478723839859,43.03195262597612,main sequence,intermediate (25-75 km)
9261,-8.25,116.82,10,3.88044,2018-08-21 03:58:13,480.1763863925353,9088.059625159696,39.71779839355084,main sequence,intermediate (25-75 km)
9262,-8.67,116.8,30,3.82576,2018-08-21 04:06:13,477.9975997845372,9041.625591932188,48.48814005324971,main sequence,intermediate (25-75 km)
9263,-8.38,116.9,10,4.42724,2018-08-21 04:08:01,488.99052091864183,9073.6907690538,46.21721548645898,main sequence,intermediate (25-75 km)
9264,-8.39,116.84,10,3.7164,2018-08-21 04:48:40,482.38527021778174,9072.583044079804,39.66517293652824,main sequence,intermediate (25-75 km)
9265,-8.65,116.47,10,3.443,2018-08-21 05:19:23,441.68987424700066,9043.801923020277,31.153994777126545,main sequence,intermediate (25-75 km)
9266,-8.54,116.4,19,3.7164,2018-08-21 05:38:10,433.96924801485505,9055.952174271115,20.850645782890055,main sequence,near field (<=25 km)
9267,-8.46,116.91,10,3.7,2018-08-21 05:43:03,490.0935040233994,9064.846716727672,48.34615858641441,main sequence,intermediate (25-75 km)
9269,-8.48,116.92,10,3.9898,2018-08-21 06:46:48,491.19468125768003,9062.635872301738,49.919462843632694,main sequence,intermediate (25-75 km)
9270,-8.46,116.56,10,3.82576,2018-08-21 07:10:17,451.56780256966744,9064.820501831926,13.326208069580565,main sequence,near field (<=25 km)
9271,-8.38,117.0,10,4.20852,2018-08-21 07:21:11,500.0,9073.692169241895,57.21555547351699,main sequence,intermediate (25-75 km)
9273,-8.84,116.74,30,3.77108,2018-08-21 09:13:42,471.4098228672716,9022.826931691481,59.56834426873334,main sequence,intermediate (25-75 km)
9274,-8.4,116.91,16,4.04448,2018-08-21 09:38:18,490.0919765172161,9071.479958864185,47.420190036738894,main sequence,intermediate (25-75 km)
9275,-8.86,116.49,24,3.7164,2018-08-21 09:50:19,443.9217703822967,9020.587332696057,54.496604681495015,main sequence,intermediate (25-75 km)
9276,-8.63,116.3,13,3.38832,2018-08-21 10:09:37,422.9817818399019,9045.982987742838,35.03823923121782,main sequence,intermediate (25-75 km)
9277,-8.34,116.79,10,4.2632,2018-08-21 10:15:27,476.8776988007623,9078.108163517265,34.26733821402794,main sequence,intermediate (25-75 km)
9278,-8.38,116.73,10,3.55236,2018-08-21 10:29:52,470.27431497343855,9073.681961790327,27.52475443797393,main sequence,intermediate (25-75 km)
9280,-8.28,116.78,10,3.77108,2018-08-21 11:58:31,475.7729505959037,9084.74080545956,34.490733538267335,main sequence,intermediate (25-75 km)
9281,-8.32,117.18,10,3.7,2018-08-21 12:52:02,519.8201103046449,9080.320871582902,77.21273840442086,main sequence,far field (>75 km)
9282,-8.59,116.1,10,3.443,2018-08-21 13:11:35,400.9646284990626,9050.359599193505,48.42532381011512,main sequence,intermediate (25-75 km)
9285,-8.87,116.8,10,3.7164,2018-08-21 13:50:02,478.00936779411325,9019.51429191891,65.79310743412503,main sequence,intermediate (25-75 km)
9286,-8.29,116.98,10,4.15384,2018-08-21 14:09:12,497.79760175013104,9083.641917417095,55.725499702853014,main sequence,intermediate (25-75 km)
9287,-8.6,116.83,31,3.77108,2018-08-21 14:18:21,481.294522474885,9049.366085971555,46.213881700417005,main sequence,intermediate (25-75 km)
9288,-8.16,116.36,14,4.20852,2018-08-21 14:52:12,429.49887458233513,9097.957942260418,26.825972179169657,main sequence,intermediate (25-75 km)
9289,-8.24,116.74,10,4.64596,2018-08-21 16:04:11,471.3651226176521,9089.160310511974,32.05223118683486,main sequence,intermediate (25-75 km)
9290,-8.51,116.56,18,4.04448,2018-08-21 16:32:40,451.5740663570185,9059.292634165402,17.882040453335314,main sequence,near field (<=25 km)
9291,-8.47,116.56,10,3.55236,2018-08-21 17:09:15,451.56905239457006,9063.71492942252,14.180197806350817,main sequence,near field (<=25 km)
9293,-8.28,116.15,12,3.9898,2018-08-21 18:13:32,406.39239944910213,9084.647504640252,37.66161493522915,main sequence,intermediate (25-75 km)
9294,-8.85,116.53,33,3.60704,2018-08-21 18:32:29,448.318765429567,9021.698725594904,53.65589643370376,main sequence,intermediate (25-75 km)
9295,-8.53,116.85,11,3.66172,2018-08-21 18:41:52,483.4921546518792,9057.105857261464,44.41451467413325,main sequence,intermediate (25-75 km)
9296,-8.37,116.79,16,3.88044,2018-08-21 18:44:59,476.8794651587355,9074.791537504305,34.10327104246119,main sequence,intermediate (25-75 km)
9297,-8.28,116.64,10,4.2632,2018-08-21 18:51:41,460.35557962675034,9084.729567566164,20.249486807544574,main sequence,near field (<=25 km)
9298,-8.37,116.55,10,3.82576,2018-08-21 19:31:35,450.45561264700405,9074.769383581195,7.700738811370494,main sequence,near field (<=25 km)
9299,-8.4,116.79,18,3.66172,2018-08-21 19:48:09,476.8812378165269,9071.474906474736,34.264723431377405,main sequence,intermediate (25-75 km)
9300,-8.39,116.61,15,3.49768,2018-08-21 19:58:57,457.06383036458533,9072.565310796132,14.472886857621592,main sequence,near field (<=25 km)
9301,-8.34,116.72,10,3.88044,2018-08-21 20:13:39,469.17021329279123,9078.10338307937,26.613441198056467,main sequence,intermediate (25-75 km)
9302,-8.44,116.88,14,3.7164,2018-08-21 20:16:14,486.790654136317,9067.056911434745,44.68341371601377,main sequence,intermediate (25-75 km)
9303,-8.28,116.07,16,3.82576,2018-08-21 20:27:15,397.5815577718101,9084.627793328156,46.20627228081217,main sequence,intermediate (25-75 km)
9304,-8.39,116.66,13,3.60704,2018-08-21 20:54:37,462.56853435636685,9072.570427571984,19.925882667599605,main sequence,near field (<=25 km)
9306,-8.38,116.62,10,3.66172,2018-08-21 22:18:41,458.16370430601296,9073.671950185682,15.441368091930046,main sequence,near field (<=25 km)
9307,-8.35,116.72,11,3.443,2018-08-21 22:31:52,469.17099741416973,9076.997836061775,26.49670226569523,main sequence,intermediate (25-75 km)
9308,-8.49,116.9,17,3.9,2018-08-21 23:20:27,488.99363433946263,9061.52981862982,48.08569978617041,main sequence,intermediate (25-75 km)
9309,-8.63,116.55,10,3.77108,2018-08-21 23:42:39,450.48898313826777,9046.024411799648,29.918035521257476,main sequence,intermediate (25-75 km)
9310,-8.38,116.68,10,3.77108,2018-08-22 01:09:06,464.7695076226001,9073.677831149986,22.029908521925442,main sequence,near field (<=25 km)
9311,-8.65,116.71,26,3.7164,2018-08-22 01:47:25,468.094765910867,9043.830341241553,40.11370632379554,main sequence,intermediate (25-75 km)
9312,-8.48,116.83,17,3.82576,2018-08-22 02:07:40,481.2886770900566,9062.632685366205,40.394578033743215,main sequence,intermediate (25-75 km)
9313,-8.31,116.89,10,4.5366,2018-08-22 02:36:32,487.8874154679794,9081.429228786345,45.5985131086724,main sequence,intermediate (25-75 km)
9314,-8.28,116.88,10,4.09916,2018-08-22 03:35:13,486.7852677917512,9084.74551091353,45.13278443381478,main sequence,intermediate (25-75 km)
9315,-8.34,117.14,12,4.20852,2018-08-22 04:35:41,515.414848975204,9078.111578090626,72.68633855206643,main sequence,intermediate (25-75 km)
9316,-8.38,116.06,16,3.60704,2018-08-22 04:39:54,396.50647172052055,9073.568435092002,46.21721548645898,main sequence,intermediate (25-75 km)
9317,-8.48,116.83,10,3.60704,2018-08-22 04:56:31,481.2886770900566,9062.632685366205,40.394578033743215,main sequence,intermediate (25-75 km)
9318,-8.46,116.98,16,4.09916,2018-08-22 05:48:32,497.79855727854334,9064.847804866855,55.90196150127258,main sequence,intermediate (25-75 km)
9319,-8.35,116.82,10,3.88044,2018-08-22 07:11:48,480.1814001119365,9077.004254604693,37.47060008608512,main sequence,intermediate (25-75 km)
9320,-8.22,116.61,16,3.82576,2018-08-22 07:23:45,457.04535156354245,9091.35977609282,21.972814365032004,main sequence,near field (<=25 km)
9321,-8.24,116.59,23,3.7164,2018-08-22 08:21:07,454.84477862700743,9089.146466777089,18.853211905160347,main sequence,near field (<=25 km)
9322,-8.25,116.3,10,3.60704,2018-08-22 08:40:16,422.9064404090223,9087.996514748516,23.880569021097415,main sequence,near field (<=25 km)
9323,-8.24,116.75,17,4.15384,2018-08-22 09:02:15,472.4664709378117,9089.161013020572,33.037995236275876,main sequence,intermediate (25-75 km)
9324,-8.28,116.78,10,4.20852,2018-08-22 09:51:12,475.7729505959037,9084.74080545956,34.490733538267335,main sequence,intermediate (25-75 km)
9325,-8.41,116.92,18,3.82576,2018-08-22 11:37:29,491.19309437845664,9070.374658771565,48.606081588162276,main sequence,intermediate (25-75 km)
9326,-8.38,116.7,11,3.7164,2018-08-22 12:12:33,466.97143344024624,9073.679567422863,24.22754132966302,main sequence,near field (<=25 km)
9327,-8.25,116.8,10,4.15384,2018-08-22 13:05:26,477.9737544545901,9088.058577056358,37.65240870976313,main sequence,intermediate (25-75 km)
9328,-8.15,116.82,10,4.8776,2018-08-22 14:50:22,480.1714326884981,9099.114940732432,44.70172861026376,main sequence,intermediate (25-75 km)
9329,-8.17,116.75,11,3.77108,2018-08-22 15:00:23,472.46165188227627,9096.899770088017,37.11174008232061,main sequence,intermediate (25-75 km)
9330,-8.16,116.84,10,3.55236,2018-08-22 15:09:01,482.37505064142994,9098.01033945398,45.98440804849533,main sequence,intermediate (25-75 km)
9331,-8.28,116.85,10,4.59128,2018-08-22 16:05:37,483.4815781846071,9084.744389911955,41.920642320741855,main sequence,intermediate (25-75 km)
9332,-8.29,116.55,10,3.6,2018-08-22 17:57:13,450.44554877547,9083.613914316797,11.766270320448536,main sequence,near field (<=25 km)
9333,-8.33,116.59,16,3.55236,2018-08-22 20:50:47,454.85503864790223,9079.19644230347,12.893254571646962,main sequence,near field (<=25 km)
9334,-8.4,117.07,12,3.9898,2018-08-22 21:19:02,507.7062392799866,9071.480407963269,64.98938749187089,main sequence,intermediate (25-75 km)
9335,-8.41,117.08,10,3.9898,2018-08-22 21:36:38,508.80690562154336,9070.374658771565,66.15262491632598,main sequence,intermediate (25-75 km)
9336,-8.53,116.71,10,3.66172,2018-08-22 22:45:53,468.08473626317294,9057.097082133885,30.92692181146252,main sequence,intermediate (25-75 km)
9338,-8.37,116.72,10,3.60704,2018-08-22 23:48:24,469.1725684569814,9074.786740359365,26.402532693348665,main sequence,intermediate (25-75 km)
9340,-8.38,116.85,10,3.77108,2018-08-23 03:55:09,483.485771275224,9073.689018813753,40.71856634071513,main sequence,intermediate (25-75 km)
9343,-8.45,116.61,10,3.66172,2018-08-23 05:55:06,457.07044199765596,9065.931931843194,16.840982349673364,main sequence,near field (<=25 km)
9344,-8.84,116.84,27,3.49768,2018-08-23 09:50:57,482.4060808265599,9022.833125375104,65.55767752038774,main sequence,intermediate (25-75 km)
9345,-8.43,116.0,18,3.33364,2018-08-23 10:12:24,389.9139799871809,9068.02363341718,53.22081875419708,main sequence,intermediate (25-75 km)
9346,-8.36,116.56,34,3.66172,2018-08-23 10:41:08,451.5553849760929,9075.876195195824,8.870923328128702,main sequence,near field (<=25 km)
9348,-8.5,116.93,20,3.93512,2018-08-23 11:43:12,492.29574548457975,9060.424998324563,51.564081408836614,main sequence,intermediate (25-75 km)
9349,-8.23,116.93,31,3.60704,2018-08-23 12:48:21,492.29044016732155,9090.274476174127,51.903146936751654,main sequence,intermediate (25-75 km)
9350,-8.39,116.4,10,3.66172,2018-08-23 13:34:22,433.9436823570151,9072.536165310079,9.077257562796756,main sequence,near field (<=25 km)
9351,-8.42,116.79,18,3.77108,2018-08-23 13:45:00,476.882423088061,9069.26381632606,34.551327752617745,main sequence,intermediate (25-75 km)
9352,-8.08,116.87,12,4.09916,2018-08-23 14:15:05,485.67690037457027,9106.85572397349,53.683859460971355,main sequence,intermediate (25-75 km)
9353,-8.3,116.62,10,3.60704,2018-08-23 14:32:01,458.15519591511463,9082.516409861348,17.25784342140158,main sequence,near field (<=25 km)
9354,-8.33,116.88,10,3.60704,2018-08-23 14:36:50,486.7869400242934,9079.217838883127,44.23067778463036,main sequence,intermediate (25-75 km)
9355,-8.51,116.78,24,3.7164,2018-08-23 14:51:19,475.78720500493426,9059.313271676258,36.48500645207539,main sequence,intermediate (25-75 km)
9356,-8.43,116.55,13,3.66172,2018-08-23 15:30:56,450.46322355221236,9068.135962249555,10.188412132314976,main sequence,near field (<=25 km)
9357,-8.25,116.17,12,3.55236,2018-08-23 16:05:32,408.58817397410166,9087.969080978435,36.62561776659121,main sequence,intermediate (25-75 km)
9358,-8.67,116.24,11,3.49768,2018-08-23 17:23:43,416.38868610763683,9041.54778520209,42.53631844440297,main sequence,intermediate (25-75 km)
9359,-8.23,116.16,10,4.5366,2018-08-23 18:08:36,407.4821043044478,9090.178063900656,38.49754922334421,main sequence,intermediate (25-75 km)
9360,-8.47,116.95,10,3.9898,2018-08-23 18:14:08,494.4965346499666,9063.741966684245,52.88058740077776,main sequence,intermediate (25-75 km)
9361,-8.16,116.92,10,3.93512,2018-08-23 18:47:57,491.1875336203723,9098.01295918126,53.75433460305054,main sequence,intermediate (25-75 km)
9362,-8.22,116.14,10,4.20852,2018-08-23 18:53:49,405.2767650333192,9091.279033175137,40.960481716048186,main sequence,intermediate (25-75 km)
9363,-8.25,116.36,18,3.93512,2018-08-23 18:57:15,429.514737538634,9088.007603727598,18.771600196063613,main sequence,near field (<=25 km)
9364,-8.39,116.83,10,3.60704,2018-08-23 19:54:51,481.28434658404404,9072.582581479537,38.56687549271851,main sequence,intermediate (25-75 km)
9365,-8.43,116.08,28,3.93512,2018-08-23 20:03:30,398.72162259445105,9068.045269904867,44.503750816824876,main sequence,intermediate (25-75 km)
9366,-8.41,115.93,15,4.20852,2018-08-23 20:06:59,382.2010755777646,9070.214670198431,60.66595505726699,main sequence,intermediate (25-75 km)
9367,-8.44,116.62,10,3.33364,2018-08-23 20:38:07,458.1701387984832,9067.038582080531,17.255372535883634,main sequence,near field (<=25 km)
9368,-8.31,116.68,15,4.2632,2018-08-23 21:26:29,464.7632346142347,9081.416687562029,22.993016484453445,main sequence,near field (<=25 km)
9369,-8.35,117.0,18,3.7164,2018-08-23 22:00:20,500.0,9077.008775447073,57.25016234699165,main sequence,intermediate (25-75 km)
9370,-8.29,116.79,19,3.7164,2018-08-23 22:10:32,476.8747688716405,9083.63586243834,35.24773558038072,main sequence,intermediate (25-75 km)
9371,-8.5,116.94,16,3.55236,2018-08-23 22:27:21,493.39635369210686,9060.425182879533,52.620800484471744,main sequence,intermediate (25-75 km)
9372,-8.3,116.81,10,3.82576,2018-08-23 23:00:59,479.07770894558683,9082.53143352874,37.13171396687644,main sequence,intermediate (25-75 km)
9373,-8.37,116.8,12,4.09916,2018-08-23 23:21:58,477.9804474271771,9074.792110921204,35.20337650031242,main sequence,intermediate (25-75 km)
9374,-8.42,116.62,16,3.66172,2018-08-23 23:26:07,458.1679889015508,9069.249707016232,16.373325063984762,main sequence,near field (<=25 km)
9375,-8.45,116.94,10,3.9,2018-08-23 23:31:30,493.3955005795798,9065.95289368548,51.375625625298355,main sequence,intermediate (25-75 km)
9376,-8.45,116.95,10,3.9,2018-08-23 23:43:43,494.4962507790575,9065.953048955482,52.459348856876076,main sequence,intermediate (25-75 km)
9377,-8.26,116.77,10,3.9898,2018-08-24 05:40:19,474.670438803793,9086.951260131827,34.171620816552455,main sequence,intermediate (25-75 km)
9378,-8.28,116.15,18,3.9898,2018-08-24 06:07:05,406.39239944910213,9084.647504640252,37.66161493522915,main sequence,intermediate (25-75 km)
9379,-8.14,116.79,10,3.82576,2018-08-24 06:34:02,476.8660841097842,9100.218876692708,42.635499972261414,main sequence,intermediate (25-75 km)
9380,-8.24,116.77,10,4.42724,2018-08-24 07:23:20,474.6691651814318,9089.162335387258,35.029989191587,main sequence,intermediate (25-75 km)
9381,-8.41,116.64,21,3.7164,2018-08-24 07:55:36,460.3686858208965,9070.357348198213,18.15407575496705,main sequence,near field (<=25 km)
9382,-8.24,116.77,10,3.9898,2018-08-24 08:11:00,474.6691651814318,9089.162335387258,35.029989191587,main sequence,intermediate (25-75 km)
9383,-8.26,116.73,10,4.04448,2018-08-24 08:27:59,470.2652685848046,9086.948498696092,30.10342192309885,main sequence,intermediate (25-75 km)
9384,-8.48,116.9,12,4.0,2018-08-24 12:47:02,488.993349634925,9062.635362393257,47.7896633957222,main sequence,intermediate (25-75 km)
9386,-8.42,116.52,13,3.9898,2018-08-24 15:27:50,447.1593426174752,9069.237609020876,7.0902752765787564,main sequence,near field (<=25 km)
9387,-8.17,116.9,15,3.77108,2018-08-24 16:51:00,488.9846891173565,9096.906941981813,51.288494378210025,main sequence,intermediate (25-75 km)
9388,-8.42,117.06,10,3.77108,2018-08-24 17:10:53,506.60500888853403,9069.269513404623,64.04379309415354,main sequence,intermediate (25-75 km)
9389,-8.43,116.88,10,3.88044,2018-08-24 18:02:01,486.7903144899866,9068.162453092928,44.503750816823334,main sequence,intermediate (25-75 km)
9390,-7.99,116.43,13,4.2632,2018-08-24 22:17:21,437.1839306596967,9116.76423105502,42.61093165997709,main sequence,intermediate (25-75 km)
9392,-8.25,116.15,10,4.09916,2018-08-25 04:15:07,406.38532521154985,9087.96444648108,38.68324045991038,main sequence,intermediate (25-75 km)
9393,-8.26,116.65,10,3.82576,2018-08-25 04:52:26,461.45488411047603,9086.941650275767,22.348683251141725,main sequence,near field (<=25 km)
9394,-8.54,116.07,15,3.38832,2018-08-25 05:09:00,397.6498095131505,9055.880157673644,48.896162244644756,main sequence,intermediate (25-75 km)
9395,-8.5,116.68,22,3.77108,2018-08-25 05:45:53,464.78038294152486,9060.4111565306,26.32275262326472,main sequence,intermediate (25-75 km)
9396,-8.73,116.17,14,3.9,2018-08-25 05:56:46,408.7016856052229,9034.89768006544,52.57715673142265,main sequence,intermediate (25-75 km)
9397,-8.84,116.63,27,3.443,2018-08-25 08:51:53,459.3138413887813,9022.816711971549,54.8018607640737,main sequence,intermediate (25-75 km)
9398,-8.89,116.88,28,3.443,2018-08-25 09:24:44,486.80635198609036,9017.30694487569,72.64325426453334,main sequence,intermediate (25-75 km)
9399,-8.41,116.79,10,3.77108,2018-08-25 10:04:16,476.8818301023379,9070.369361680392,34.390352444937385,main sequence,intermediate (25-75 km)
9400,-8.25,116.12,10,3.11492,2018-08-25 10:07:14,403.08103133889034,9087.957287761166,41.79698506213398,main sequence,intermediate (25-75 km)
9403,-8.82,116.57,12,3.77108,2018-08-25 11:22:58,452.7134280141379,9025.020817090626,51.00673127326144,main sequence,intermediate (25-75 km)
9404,-8.56,116.1,19,3.55236,2018-08-25 12:21:10,400.95685895723324,9053.676634624879,46.83020142229331,main sequence,intermediate (25-75 km)
9405,-8.39,116.92,10,3.49768,2018-08-25 12:25:15,491.19264338397227,9072.585735564686,48.45445917106804,main sequence,intermediate (25-75 km)
9406,-8.82,116.7,22,3.443,2018-08-25 12:40:08,467.0095208809927,9025.034781523595,55.577302671370674,main sequence,intermediate (25-75 km)
9407,-8.23,116.69,11,3.93512,2018-08-25 14:02:22,465.8575109682346,9090.261928539036,27.861150664660595,main sequence,intermediate (25-75 km)
9408,-8.21,116.22,10,3.38832,2018-08-25 14:50:00,414.0866305274818,9092.402691682595,33.68942474444824,main sequence,intermediate (25-75 km)
9409,-8.39,116.96,10,3.55236,2018-08-25 14:55:47,495.5963227263695,9072.586408433885,52.85051631068295,main sequence,intermediate (25-75 km)
9411,-8.22,116.67,10,4.59128,2018-08-25 16:27:14,463.6538359888288,9091.365712805,26.744310110058656,main sequence,intermediate (25-75 km)
9412,-8.28,116.88,10,3.82576,2018-08-25 17:29:17,486.7852677917512,9084.74551091353,45.13278443381478,main sequence,intermediate (25-75 km)
9413,-8.42,116.88,13,3.88044,2018-08-25 17:56:52,486.7899752435836,9069.267994189318,44.351246151985706,main sequence,intermediate (25-75 km)
9414,-8.46,116.96,10,3.7,2018-08-25 18:11:14,495.5971142987286,9064.84763528686,53.73898831209924,main sequence,intermediate (25-75 km)
9415,-8.42,116.93,10,5.5,2018-08-25 18:33:16,492.29415580664835,9069.269330536332,49.8128041082072,main sequence,intermediate (25-75 km)
9416,-8.42,116.95,11,3.7,2018-08-25 18:44:32,494.49582622241286,9069.269668139284,51.99970654556057,main sequence,intermediate (25-75 km)
9417,-8.42,116.95,10,3.93512,2018-08-25 18:50:59,494.49582622241286,9069.269668139284,51.99970654556057,main sequence,intermediate (25-75 km)
9418,-8.41,116.93,10,3.7,2018-08-25 18:52:50,492.29395814668,9070.37486953013,49.70161697470787,main sequence,intermediate (25-75 km)
9419,-8.45,116.92,10,3.9,2018-08-25 19:12:52,491.1939995669426,9065.952498452563,49.2103449700578,main sequence,intermediate (25-75 km)
9420,-8.45,116.92,10,4.0,2018-08-25 19:19:38,491.1939995669426,9065.952498452563,49.2103449700578,main sequence,intermediate (25-75 km)
9421,-8.52,116.86,18,3.60704,2018-08-25 20:09:02,484.5922794050471,9058.211817959096,45.00105606212144,main sequence,intermediate (25-75 km)
9422,-8.45,116.91,10,4.1,2018-08-25 20:31:47,490.0932486891849,9065.952258489582,48.12888498595984,main sequence,intermediate (25-75 km)
9423,-8.46,116.95,14,3.49768,2018-08-25 21:05:14,494.49639263120014,9064.84750810183,52.65865075316544,main sequence,intermediate (25-75 km)
9424,-8.55,116.34,29,3.6,2018-08-25 21:14:05,427.3677969690877,9054.835775483043,25.252698603472556,main sequence,intermediate (25-75 km)
9426,-8.48,116.95,10,3.38832,2018-08-25 21:32:03,494.4966768353527,9062.636424702072,53.12487512088618,main sequence,intermediate (25-75 km)
9427,-8.25,116.15,10,3.443,2018-08-25 22:05:48,406.38532521154985,9087.96444648108,38.68324045991038,main sequence,intermediate (25-75 km)
9428,-8.36,116.61,10,3.38832,2018-08-25 22:11:21,457.06054209671777,9075.881992746297,14.34471760919008,main sequence,near field (<=25 km)
9429,-8.48,116.95,10,3.27896,2018-08-25 22:30:51,494.4966768353527,9062.636424702072,53.12487512088618,main sequence,intermediate (25-75 km)
9430,-8.46,116.73,13,3.27896,2018-08-25 22:32:38,470.2804178981727,9064.837559317468,29.26381034065853,main sequence,intermediate (25-75 km)
9431,-8.33,116.73,10,3.77108,2018-08-25 22:45:32,470.27052989341763,9079.20969519419,27.861363539517573,main sequence,intermediate (25-75 km)
9432,-8.52,116.97,12,3.33364,2018-08-25 22:48:08,496.69834860396037,9058.214478777732,56.41664877162308,main sequence,intermediate (25-75 km)
9433,-8.39,116.68,14,3.66172,2018-08-25 22:55:34,464.7704080333578,9072.572278010917,22.113654537865802,main sequence,near field (<=25 km)
9434,-8.45,116.91,10,3.66172,2018-08-25 22:57:18,490.0932486891849,9065.952258489582,48.12888498595984,main sequence,intermediate (25-75 km)
9435,-8.5,116.96,15,3.443,2018-08-25 22:59:55,495.5975695584402,9060.425466810142,54.73934507666543,main sequence,intermediate (25-75 km)
9436,-8.48,116.93,10,3.55236,2018-08-25 23:22:53,492.2953466654793,9062.63608476347,50.986594870553645,main sequence,intermediate (25-75 km)
9438,-8.58,116.88,10,3.22428,2018-08-25 23:48:58,486.7954511718486,9051.579268869677,49.80546779199134,main sequence,intermediate (25-75 km)
9439,-8.45,116.97,10,3.27896,2018-08-26 00:01:44,496.6977507258266,9065.953274802678,54.62874629888735,main sequence,intermediate (25-75 km)
9440,-8.43,116.92,10,3.443,2018-08-26 00:07:56,491.19354643946406,9068.16357973592,48.85856097136136,main sequence,intermediate (25-75 km)
9441,-8.37,116.78,10,3.88044,2018-08-26 00:14:03,475.7784822112957,9074.790936115214,33.00316557910527,main sequence,intermediate (25-75 km)
9442,-8.29,116.47,10,3.7164,2018-08-26 01:34:25,441.6356444011859,9083.603050782947,8.963374085888123,main sequence,near field (<=25 km)
9443,-8.78,116.6,30,3.66172,2018-08-26 02:50:53,456.0078211961842,9029.446825667083,47.46080252595223,main sequence,intermediate (25-75 km)
9445,-8.3,117.01,10,5.1,2018-08-26 03:54:03,501.1011712716455,9082.536427455356,58.82802306890334,main sequence,intermediate (25-75 km)
9447,-8.45,116.95,12,3.7164,2018-08-26 04:27:08,494.4962507790575,9065.953048955482,52.459348856876076,main sequence,intermediate (25-75 km)
9448,-8.6,116.89,28,3.27896,2018-08-26 04:42:17,487.89646564733533,9049.36849821979,51.838786165570305,main sequence,intermediate (25-75 km)
9449,-8.36,116.96,10,3.82576,2018-08-26 04:47:54,495.5959854808334,9075.903017092673,52.81744672364625,main sequence,intermediate (25-75 km)
9450,-8.48,116.95,10,3.8,2018-08-26 05:15:44,494.4966768353527,9062.636424702072,53.12487512088618,main sequence,intermediate (25-75 km)
9451,-8.4,116.61,10,3.77108,2018-08-26 05:52:30,457.0649290537823,9071.45974903322,14.684731773956745,main sequence,near field (<=25 km)
9452,-8.35,116.9,12,4.20852,2018-08-26 06:36:41,488.9896788029916,9077.007380129262,46.259103985499586,main sequence,intermediate (25-75 km)
9453,-8.41,116.92,10,4.09916,2018-08-26 06:37:33,491.19309437845664,9070.374658771565,48.606081588162276,main sequence,intermediate (25-75 km)
9455,-8.52,116.54,12,3.60704,2018-08-26 07:05:05,449.3741573220414,9058.184497604007,17.937349062156915,main sequence,near field (<=25 km)
9457,-8.49,116.94,10,3.8,2018-08-26 08:36:17,493.3961826697238,9061.530726171151,52.326898206429476,main sequence,intermediate (25-75 km)
9458,-8.49,116.91,10,3.7,2018-08-26 08:39:23,490.0942718255529,9061.530088056303,49.14338604195804,main sequence,intermediate (25-75 km)
9459,-8.48,116.89,13,3.60704,2018-08-26 09:08:49,487.89268335539623,9062.635064946433,46.727199470855425,main sequence,intermediate (25-75 km)
9460,-8.46,116.88,19,3.60704,2018-08-26 09:42:08,486.7913346287212,9064.845826430417,45.12286758921159,main sequence,intermediate (25-75 km)
9464,-8.48,116.78,13,3.60704,2018-08-26 11:57:59,475.7853237376559,9062.629923340897,35.19244376805997,main sequence,intermediate (25-75 km)
9467,-8.61,116.63,27,3.49768,2018-08-26 18:42:35,459.28893187639676,9048.245007275125,31.373829617552722,main sequence,intermediate (25-75 km)
9469,-8.36,116.6,10,3.66172,2018-08-26 19:10:27,455.959513324343,9075.880889120848,13.248182586583876,main sequence,near field (<=25 km)
9472,-8.81,116.24,12,3.55236,2018-08-26 19:45:34,416.4198869144567,9026.068682673114,55.58797651726994,main sequence,intermediate (25-75 km)
9473,-8.8,116.26,10,3.77108,2018-08-26 19:46:48,418.6172965280383,9027.178741820033,53.584100407582866,main sequence,intermediate (25-75 km)
9475,-8.62,116.1,10,3.55236,2018-08-26 20:32:58,400.9724250304512,9047.042558737414,50.191748810429864,main sequence,intermediate (25-75 km)
9476,-8.19,116.51,10,3.77108,2018-08-26 22:04:27,446.0270581335896,9094.66437940237,20.285482201985122,main sequence,near field (<=25 km)
9477,-8.32,116.77,23,3.55236,2018-08-26 22:25:23,474.6742780746573,9080.318021141724,32.385898918830605,main sequence,intermediate (25-75 km)
9478,-8.05,116.43,10,4.2632,2018-08-26 22:48:05,437.1931380533993,9110.130814192406,36.00535893963642,main sequence,intermediate (25-75 km)
9480,-8.52,116.92,13,3.9898,2018-08-27 00:44:14,491.19559391082623,9058.21369618531,51.188851018672665,main sequence,intermediate (25-75 km)
9481,-8.57,116.89,28,3.66172,2018-08-27 01:59:27,487.8955151267075,9052.685147590999,50.278420043417846,main sequence,intermediate (25-75 km)
9482,-8.59,116.9,26,3.60704,2018-08-27 03:10:02,488.9964997107896,9050.474349772387,52.26916426299535,main sequence,intermediate (25-75 km)
9483,-8.29,116.19,16,3.22428,2018-08-27 03:27:14,410.8000056790379,9083.55105806015,33.12318329324369,main sequence,intermediate (25-75 km)
9484,-8.08,116.0,19,3.27896,2018-08-27 04:31:15,389.81699271992267,9106.72284935567,61.88914280767075,main sequence,intermediate (25-75 km)
9485,-8.29,116.93,10,3.55236,2018-08-27 04:52:19,492.29160442621617,9083.64129390976,50.30261853973408,main sequence,intermediate (25-75 km)
9486,-8.59,116.09,29,3.82576,2018-08-27 05:36:14,399.86414697084655,9050.35700269613,49.377593572625756,main sequence,intermediate (25-75 km)
9487,-8.08,116.49,10,3.66172,2018-08-27 06:14:08,443.8087075054066,9106.822856402854,32.26530238626328,main sequence,intermediate (25-75 km)
9488,-8.9,116.87,23,3.49768,2018-08-27 08:09:02,485.7072674476657,9016.201005585539,72.87894343770868,main sequence,intermediate (25-75 km)
9489,-8.31,116.06,15,3.60704,2018-08-27 08:23:43,396.48804115347673,9081.308179547243,46.68714055282486,main sequence,intermediate (25-75 km)
9490,-8.53,116.92,19,3.60704,2018-08-27 10:23:55,491.19582274052686,9057.108150738433,51.56129294361311,main sequence,intermediate (25-75 km)
9491,-8.53,116.96,18,3.9898,2018-08-27 11:56:29,495.5979124027377,9057.108834506178,55.7112927098465,main sequence,intermediate (25-75 km)
9493,-8.25,116.62,10,4.31788,2018-08-27 14:12:28,458.14991934320705,9088.044179224302,20.379508053555444,main sequence,near field (<=25 km)
9494,-8.37,116.88,14,3.66172,2018-08-27 14:32:49,486.78828501082063,9074.79569126708,44.004219943714844,main sequence,intermediate (25-75 km)
9495,-8.35,116.55,12,3.77108,2018-08-27 14:37:05,450.4530876783184,9076.980519580493,8.015618888525491,main sequence,near field (<=25 km)
9496,-8.38,116.93,10,3.49768,2018-08-27 16:27:58,492.29336656660837,9073.691483150165,49.516597577723836,main sequence,intermediate (25-75 km)
9497,-8.54,116.51,19,3.77108,2018-08-27 18:07:39,446.0752017816933,9055.96927491563,19.18895284955104,main sequence,near field (<=25 km)
9498,-8.46,116.92,10,3.443,2018-08-27 18:25:37,491.1942265305923,9064.846956966374,49.42283692942997,main sequence,intermediate (25-75 km)
9499,-8.54,116.16,16,3.443,2018-08-27 18:33:54,407.55538621080933,9055.90288046981,39.95074067930792,main sequence,intermediate (25-75 km)
9500,-8.32,116.61,10,3.49768,2018-08-27 19:15:01,457.0561759400879,9080.304227580596,15.344908938204442,main sequence,near field (<=25 km)
9501,-8.48,116.88,10,3.55236,2018-08-27 21:28:53,486.7920167207181,9062.634739171159,45.666510592612376,main sequence,intermediate (25-75 km)
9502,-8.42,116.89,10,3.6,2018-08-27 22:33:04,487.8908120024333,9069.268317726255,45.44281258380302,main sequence,intermediate (25-75 km)
9503,-8.4,116.82,10,4.15384,2018-08-27 22:48:26,480.1839294729121,9071.476548506302,37.55061016833424,main sequence,intermediate (25-75 km)
9504,-8.42,116.91,10,3.82576,2018-08-27 22:52:53,490.0924844861536,9069.268880398744,47.62711445355703,main sequence,intermediate (25-75 km)
9505,-8.34,116.92,10,4.04448,2018-08-27 22:54:36,491.1915205641387,9078.113417770446,48.521309621515115,main sequence,intermediate (25-75 km)
9506,-8.41,116.9,15,3.66172,2018-08-27 23:59:25,488.99136603410875,9070.374152950695,46.41565128266891,main sequence,intermediate (25-75 km)
9507,-8.43,116.6,10,4.42724,2018-08-28 03:13:28,455.96740136449284,9068.141947796366,14.790471399498147,main sequence,near field (<=25 km)
9508,-8.51,116.9,10,3.7,2018-08-28 06:43:37,488.99420474820084,9059.318729405042,48.74851970868488,main sequence,intermediate (25-75 km)
9509,-8.3,116.63,12,3.66172,2018-08-28 10:51:54,459.2563899378561,9082.517450294661,18.246538967828286,main sequence,near field (<=25 km)
9510,-8.54,116.0,11,3.93512,2018-08-28 13:03:34,389.94530523962686,9055.86088609308,56.07564378136441,main sequence,intermediate (25-75 km)
9511,-8.17,116.39,10,3.77108,2018-08-28 13:32:05,432.8054102243746,9096.857474486278,24.344429044799686,main sequence,near field (<=25 km)
9512,-8.42,116.66,10,3.66172,2018-08-28 14:00:38,462.571411224621,9069.253758379728,20.56636971316457,main sequence,near field (<=25 km)
9513,-8.47,116.84,11,3.60704,2018-08-28 14:35:49,482.3888909889154,9063.738698512501,41.13027582441361,main sequence,intermediate (25-75 km)
9516,-8.4,116.79,13,3.66172,2018-08-28 17:51:01,476.8812378165269,9071.474906474736,34.264723431377405,main sequence,intermediate (25-75 km)
9517,-8.12,116.29,10,4.31788,2018-08-28 19:18:53,421.7796914870597,9102.367467051778,34.78420631692842,main sequence,intermediate (25-75 km)
9518,-8.1,116.28,11,3.77108,2018-08-28 20:12:57,420.6740211145499,9104.576736511903,37.22610989769352,main sequence,intermediate (25-75 km)
9519,-8.25,116.74,10,3.93512,2018-08-28 20:25:16,471.36584206036383,9088.05477076956,31.566025148218323,main sequence,intermediate (25-75 km)
9520,-8.22,116.78,10,3.82576,2018-08-28 20:32:05,475.7692958577362,9091.374026842504,36.98409141612816,main sequence,intermediate (25-75 km)
9521,-8.45,116.9,10,3.7,2018-08-28 21:32:43,488.9924975207355,9065.951990295544,47.0482842626197,main sequence,intermediate (25-75 km)
9525,-8.25,116.59,10,3.82576,2018-08-29 05:23:57,454.84591316138955,9088.04091069848,18.014691132246014,main sequence,near field (<=25 km)
9528,-8.34,116.78,13,4.04448,2018-08-29 12:30:41,475.7766317390458,9078.107564222637,33.17258853569793,main sequence,intermediate (25-75 km)
9529,-8.46,116.89,10,3.60704,2018-08-29 13:18:10,487.89205810475886,9064.846151459737,46.19609544817338,main sequence,intermediate (25-75 km)
9530,-8.31,116.91,10,3.7164,2018-08-29 13:32:56,490.08970550620154,9081.429784315744,47.77629771533356,main sequence,intermediate (25-75 km)
9531,-8.2,116.55,15,4.04448,2018-08-29 16:46:14,450.43434169397915,9093.56396936963,20.412145911233786,main sequence,near field (<=25 km)
9533,-8.28,116.83,10,3.9898,2018-08-29 19:25:39,481.2791160726482,9084.74350418071,39.787268117759396,main sequence,intermediate (25-75 km)
9534,-8.16,116.34,12,4.04448,2018-08-29 19:27:43,427.2956216849176,9097.954394351449,27.974962246533206,main sequence,intermediate (25-75 km)
9535,-8.06,116.36,10,4.09916,2018-08-29 19:30:00,429.4814518569252,9109.013822898294,36.91369426903271,main sequence,intermediate (25-75 km)
9536,-8.19,116.85,10,4.37256,2018-08-29 22:03:02,483.4778471604979,9094.694176691528,45.36707895664743,main sequence,intermediate (25-75 km)
9537,-8.31,116.06,10,4.59128,2018-08-29 23:10:33,396.48804115347673,9081.308179547243,46.68714055282486,main sequence,intermediate (25-75 km)
9539,-8.17,116.86,10,3.77108,2018-08-30 01:39:01,484.5785575030235,9096.905630556857,47.3607230350021,main sequence,intermediate (25-75 km)
9541,-8.17,116.86,10,3.9898,2018-08-30 10:19:20,484.5785575030235,9096.905630556857,47.3607230350021,main sequence,intermediate (25-75 km)
9542,-8.38,116.56,10,3.55236,2018-08-30 13:26:49,451.55785676224997,9073.665060977428,8.870699110144702,main sequence,near field (<=25 km)
9543,-8.6,116.83,19,3.55236,2018-08-30 14:55:56,481.294522474885,9049.366085971555,46.213881700417005,main sequence,intermediate (25-75 km)
9544,-8.26,116.81,10,4.2632,2018-08-30 15:45:12,479.07559710715105,9086.953579727151,38.31346550824754,main sequence,intermediate (25-75 km)
9545,-8.44,116.88,10,3.7,2018-08-30 17:01:15,486.790654136317,9067.056911434745,44.68341371601377,main sequence,intermediate (25-75 km)
9546,-8.32,116.88,12,3.88044,2018-08-30 17:51:24,486.78660477769813,9080.32337439724,44.356851623427204,main sequence,intermediate (25-75 km)
9547,-8.33,116.91,10,3.77108,2018-08-30 18:45:20,490.0902080752762,9079.218715888668,47.51559246453031,main sequence,intermediate (25-75 km)
9548,-8.29,116.66,10,3.7164,2018-08-30 18:48:38,462.55901846189664,9083.625955407964,21.71006965483125,main sequence,near field (<=25 km)
9549,-8.08,116.34,10,4.15384,2018-08-30 19:56:10,427.28123023030463,9106.7991369887,35.73819732623692,main sequence,intermediate (25-75 km)
9550,-8.25,116.78,10,3.66172,2018-08-30 21:41:07,475.77111992596167,9088.057418624032,35.60321724142002,main sequence,intermediate (25-75 km)
9552,-8.48,116.75,10,3.443,2018-08-30 23:12:17,472.4833034608512,9062.627926175743,32.118796996799816,main sequence,intermediate (25-75 km)
9553,-8.23,116.2,10,3.88044,2018-08-31 02:20:32,411.88800173011447,9090.187090800067,34.518136520980306,first-year post,intermediate (25-75 km)
9554,-8.26,116.26,13,4.48192,2018-08-31 02:21:49,418.5029144379629,9086.882951957214,27.12056944855062,first-year post,intermediate (25-75 km)
9555,-8.35,116.11,10,4.95706,2018-08-31 02:37:15,402.0043891653548,9076.8982415008,40.765653752356705,first-year post,intermediate (25-75 km)
9556,-8.37,116.14,19,3.55236,2018-08-31 03:55:10,405.3126815422465,9074.694257898687,37.40358739879855,first-year post,intermediate (25-75 km)
9557,-8.4,116.68,13,3.66172,2018-08-31 04:47:31,464.77130951071456,9071.466724314147,22.252717071565822,first-year post,near field (<=25 km)
9558,-8.29,116.19,10,3.38832,2018-08-31 05:00:24,410.8000056790379,9083.55105806015,33.12318329324369,first-year post,intermediate (25-75 km)
9559,-8.4,116.85,10,3.77108,2018-08-31 08:42:23,483.48661589338445,9071.47793791387,40.838803455141246,first-year post,intermediate (25-75 km)
9560,-8.31,116.89,11,3.55236,2018-08-31 15:00:16,487.8874154679794,9081.429228786345,45.5985131086724,first-year post,intermediate (25-75 km)
9561,-8.48,116.85,15,3.88044,2018-08-31 16:42:11,483.490014362922,9062.633591874137,42.49642228125532,first-year post,intermediate (25-75 km)
9562,-8.56,116.17,16,3.7164,2018-08-31 17:53:50,408.66075471811985,9053.693947609396,40.11001159295524,first-year post,intermediate (25-75 km)
9563,-8.0,116.3,10,3.443,2018-08-31 19:34:29,422.85871165432593,9115.636563906193,45.66351515661658,first-year post,intermediate (25-75 km)
9564,-8.86,115.94,10,3.49768,2018-08-31 19:45:53,383.44034773191976,9020.459694047506,80.58027795069019,first-year post,far field (>75 km)
9565,-8.0,116.29,13,3.82576,2018-09-01 02:55:08,421.7566390430454,9115.63467654793,46.151675268858156,first-year post,intermediate (25-75 km)
9566,-8.44,116.92,10,3.9,2018-09-01 03:02:03,491.19377286989766,9067.058039375528,49.02215936443262,first-year post,intermediate (25-75 km)
9567,-8.42,116.88,13,3.77108,2018-09-01 04:12:37,486.7899752435836,9069.267994189318,44.351246151985706,first-year post,intermediate (25-75 km)
9568,-8.22,116.28,10,3.7164,2018-09-01 06:28:23,420.69768652708234,9091.309435137915,27.612954395821756,first-year post,intermediate (25-75 km)
9570,-8.49,116.93,13,3.82576,2018-09-01 13:43:52,492.2955459584014,9061.530541826936,51.26409335713382,first-year post,intermediate (25-75 km)
9571,-8.19,116.59,10,4.2632,2018-09-01 15:00:56,454.8391264621505,9094.674238979416,23.390361314458737,first-year post,near field (<=25 km)
9572,-8.15,116.22,10,4.04448,2018-09-01 17:37:45,414.07378025328654,9099.036436635592,37.64316412555948,first-year post,intermediate (25-75 km)
9573,-8.18,116.43,16,5.03652,2018-09-02 00:15:46,437.21332223058937,9095.758345094446,21.83167673858392,first-year post,near field (<=25 km)
9574,-8.33,116.65,10,3.60704,2018-09-02 00:47:13,461.4617044100755,9079.202790366178,19.22435621941048,first-year post,near field (<=25 km)
9575,-8.88,116.14,15,3.66172,2018-09-02 01:35:47,405.43962150433345,9018.305090931579,67.9199281125407,first-year post,intermediate (25-75 km)
9576,-8.31,116.74,10,3.7164,2018-09-02 01:57:44,471.3701769207274,9081.421520758478,29.37267814771767,first-year post,intermediate (25-75 km)
9577,-8.28,116.01,10,3.66172,2018-09-02 03:23:05,390.97330095483034,9084.61184658361,52.670382864953034,first-year post,intermediate (25-75 km)
9578,-8.12,116.23,22,3.60704,2018-09-02 03:26:26,415.1691548905841,9102.355407000941,39.11068120294953,first-year post,intermediate (25-75 km)
9579,-7.98,116.29,10,3.77108,2018-09-02 03:28:53,421.75283013147504,9117.84587073762,48.144952302430475,first-year post,intermediate (25-75 km)
9581,-7.97,116.29,13,4.09916,2018-09-02 05:59:50,421.75092922921897,9118.95146704516,49.14901182575833,first-year post,intermediate (25-75 km)
9582,-8.38,116.61,19,3.60704,2018-09-02 07:32:44,457.0627329753213,9073.670872002187,14.344351463301775,first-year post,near field (<=25 km)
9584,-8.25,116.65,10,4.37256,2018-09-02 21:48:02,461.4539144495902,9088.0471994904,22.97630213668463,first-year post,near field (<=25 km)
9585,-8.11,116.84,10,4.31788,2018-09-03 01:32:42,482.3728663398818,9103.537974002122,49.044110273788064,first-year post,intermediate (25-75 km)
9586,-8.57,116.54,26,3.60704,2018-09-03 02:54:23,449.38075184072216,9052.656598427637,23.197376465050247,first-year post,near field (<=25 km)
9587,-8.29,116.2,10,4.04448,2018-09-03 03:35:45,411.90130966334846,9083.553289191506,32.06474566553502,first-year post,intermediate (25-75 km)
9589,-8.23,116.62,10,3.88044,2018-09-03 05:49:29,458.14781758340774,9090.255283129309,21.900475491641267,first-year post,near field (<=25 km)
9590,-8.57,116.12,10,3.7164,2018-09-03 07:50:31,403.1605154041318,9052.576052059052,45.41168781425673,first-year post,intermediate (25-75 km)
9591,-8.45,116.88,10,3.9898,2018-09-03 09:31:34,486.79099418256516,9065.951369214124,44.88990876450578,first-year post,intermediate (25-75 km)
9593,-8.43,116.79,10,3.7164,2018-09-03 14:58:00,476.88301677367895,9068.15827041109,34.74715810500465,first-year post,intermediate (25-75 km)
9594,-8.25,116.79,19,4.15384,2018-09-03 16:08:11,476.87243753030305,9088.05801163136,36.62561776659121,first-year post,intermediate (25-75 km)
9595,-8.27,116.81,15,4.2,2018-09-03 17:35:34,479.0761241165761,9085.848044004782,37.972661502741005,first-year post,intermediate (25-75 km)
9597,-8.52,116.91,10,3.8,2018-09-03 18:54:06,490.09504232681684,9058.213454292885,50.15026505777155,first-year post,intermediate (25-75 km)
9598,-8.26,116.12,10,4.37256,2018-09-03 19:41:41,403.0834697416333,9086.85163258332,41.45491686603208,first-year post,intermediate (25-75 km)
9599,-8.27,116.12,17,3.7164,2018-09-03 20:06:36,403.08591107890896,9085.745976867429,41.140067269574956,first-year post,intermediate (25-75 km)
9600,-8.24,116.12,11,3.9898,2018-09-03 21:13:07,403.07859587075023,9089.062942401602,42.165609431016215,first-year post,intermediate (25-75 km)
9601,-8.16,116.62,10,3.77108,2018-09-03 21:41:35,458.1405013388756,9097.994129611057,27.974962246533206,first-year post,intermediate (25-75 km)
9602,-8.22,116.82,10,4.2632,2018-09-03 23:14:14,480.1748939790612,9091.376225575152,40.96048171604676,first-year post,intermediate (25-75 km)
9603,-8.25,116.11,11,4.15384,2018-09-03 23:18:36,401.9795943907138,9087.95484632673,42.8411250374951,first-year post,intermediate (25-75 km)
9605,-8.49,116.91,10,4.3,2018-09-04 02:45:54,490.0942718255529,9061.530088056303,49.14338604195804,first-year post,intermediate (25-75 km)
9606,-8.26,116.23,13,3.66172,2018-09-04 03:17:56,415.19879028600104,9086.876696510213,30.10342192309885,first-year post,intermediate (25-75 km)
9607,-8.01,116.41,10,4.5366,2018-09-04 04:07:36,434.9829528925868,9114.54998512454,40.76481592448169,first-year post,intermediate (25-75 km)
9608,-8.3,116.74,10,3.49768,2018-09-04 05:22:08,471.36945227694963,9082.527063806014,29.645382905223016,first-year post,intermediate (25-75 km)
9609,-8.29,116.71,10,3.38832,2018-09-04 05:46:00,468.0650944373896,9083.63032006559,26.82304090538042,first-year post,intermediate (25-75 km)
9610,-8.35,116.72,10,3.33364,2018-09-04 06:55:34,469.17099741416973,9076.997836061775,26.49670226569523,first-year post,intermediate (25-75 km)
9611,-8.49,116.93,10,4.0,2018-09-04 11:24:57,492.2955459584014,9061.530541826936,51.26409335713382,first-year post,intermediate (25-75 km)
9612,-8.49,116.9,16,3.66172,2018-09-04 12:01:51,488.99363433946263,9061.52981862982,48.08569978617041,first-year post,intermediate (25-75 km)
9613,-8.01,116.4,11,3.93512,2018-09-04 15:53:59,433.88093038811104,9114.548390365715,40.987074105004986,first-year post,intermediate (25-75 km)
9614,-7.91,116.36,13,3.9898,2018-09-04 16:00:29,429.45571810168104,9125.59754443254,52.827681304600496,first-year post,intermediate (25-75 km)
9615,-8.28,116.81,10,4.2632,2018-09-04 16:05:35,479.07665175946715,9084.742507731358,37.66161493522915,first-year post,intermediate (25-75 km)
9616,-8.2,116.77,10,3.88044,2018-09-04 16:08:55,474.666627139477,9093.584479317316,37.08874748358721,first-year post,intermediate (25-75 km)
9618,-8.29,117.02,10,4.15384,2018-09-05 04:04:11,502.20239824986896,9083.641917417095,60.07404491681849,first-year post,intermediate (25-75 km)
9620,-7.96,116.42,10,4.20852,2018-09-05 11:51:31,436.0771998828592,9120.07940057413,46.06576044960134,first-year post,intermediate (25-75 km)
9621,-8.3,116.97,10,3.93512,2018-09-05 13:35:47,496.6964860556141,9082.536316479698,54.46901118657486,first-year post,intermediate (25-75 km)
9622,-8.3,116.08,12,3.77108,2018-09-05 14:16:57,398.6880432257927,9082.419016649628,44.691202851442455,first-year post,intermediate (25-75 km)
9623,-8.28,116.98,10,3.9898,2018-09-05 19:30:41,497.79754614259235,9084.747448441753,55.91446879268118,first-year post,intermediate (25-75 km)
9625,-8.39,116.84,15,3.55236,2018-09-06 03:31:02,482.38527021778174,9072.583044079804,39.66517293652824,first-year post,intermediate (25-75 km)
9626,-8.57,116.14,16,3.443,2018-09-06 03:44:16,405.361573649494,9052.581032866921,43.50720181761328,first-year post,intermediate (25-75 km)
9627,-8.34,116.99,10,4.8776,2018-09-06 06:43:09,498.8989404101457,9078.114295797308,56.20661562423665,first-year post,intermediate (25-75 km)
9628,-8.22,116.79,10,3.7,2018-09-07 05:00:09,476.8706963761456,9091.37461775277,37.96940140839226,first-year post,intermediate (25-75 km)
9629,-8.28,116.74,14,3.82576,2018-09-07 15:03:05,471.3680055897927,9084.738148244316,30.306043569514504,first-year post,intermediate (25-75 km)
9631,-8.28,116.67,11,4.79814,2018-09-07 17:14:36,463.6593181791768,9084.732432420302,23.17639657748095,first-year post,near field (<=25 km)
9633,-8.14,116.8,10,4.42724,2018-09-08 14:29:58,477.96770358412317,9100.219434783117,43.52097312649943,first-year post,intermediate (25-75 km)
9634,-8.35,116.88,10,3.82576,2018-09-08 21:54:30,486.7876117175471,9077.006766188322,44.06150779346918,first-year post,intermediate (25-75 km)
9635,-8.15,116.55,10,4.79814,2018-09-09 04:53:36,450.4281680577459,9099.091758670873,25.646974008264273,first-year post,intermediate (25-75 km)
9637,-8.17,116.31,11,3.77108,2018-09-09 16:58:16,423.9926172849982,9096.843265924877,29.06041608490758,first-year post,intermediate (25-75 km)
9638,-8.16,116.54,15,4.2632,2018-09-09 17:18:30,449.3278082704897,9097.984960193215,24.266392520188294,first-year post,near field (<=25 km)
9639,-8.12,116.68,10,3.9898,2018-09-09 23:21:51,464.74647140314056,9102.42201912962,35.456594098419,first-year post,intermediate (25-75 km)
9640,-8.11,116.6,12,3.93512,2018-09-10 00:47:41,455.9318751745012,9103.51974491323,31.783896377460707,first-year post,intermediate (25-75 km)
9641,-8.21,116.59,10,4.79814,2018-09-10 03:50:15,454.84138322655275,9092.46313173404,21.517998582664642,first-year post,near field (<=25 km)
9642,-8.1,116.48,10,4.79814,2018-09-10 08:49:18,442.70971264186943,9104.610335692796,30.022630194030757,first-year post,intermediate (25-75 km)
9643,-8.32,116.47,10,5.11598,2018-09-10 20:22:27,441.64007611330106,9080.286317687496,5.667553843932384,first-year post,near field (<=25 km)
9644,-8.09,116.58,10,3.82576,2018-09-10 20:56:35,453.7261478925833,9105.728619614152,33.022285109875405,first-year post,intermediate (25-75 km)
9645,-8.08,116.4,10,4.09916,2018-09-10 22:22:28,433.8922728427165,9106.809354710493,33.426793081209794,first-year post,intermediate (25-75 km)
9647,-8.16,116.37,10,4.15384,2018-09-10 22:42:32,430.60049790216107,9097.959675269083,26.30175957631559,first-year post,intermediate (25-75 km)
9648,-8.28,116.42,12,3.7164,2018-09-10 23:16:41,436.12778670996346,9084.700945888999,11.988716272917497,first-year post,near field (<=25 km)
9649,-8.37,116.56,10,3.88044,2018-09-11 02:02:05,451.55662013583327,9074.770628364058,8.800844352302294,first-year post,near field (<=25 km)
9650,-8.34,116.2,10,4.1,2018-09-11 02:40:05,411.9124729640036,9078.025106279567,30.984236377313888,first-year post,intermediate (25-75 km)
9651,-8.46,116.09,42,4.09916,2018-09-11 03:39:27,399.8303018304186,9064.730824970049,44.05095942265168,first-year post,intermediate (25-75 km)
9652,-8.8,116.26,14,3.49768,2018-09-11 03:57:28,418.6172965280383,9027.178741820033,53.584100407582866,first-year post,intermediate (25-75 km)
9654,-7.99,116.3,11,4.15384,2018-09-11 08:56:04,422.8568328607008,9116.74215896573,46.667962511509145,first-year post,intermediate (25-75 km)
9656,-8.84,116.01,21,3.7164,2018-09-11 09:28:10,391.1325646171942,9022.692350509957,73.49416641933973,first-year post,intermediate (25-75 km)
9657,-8.26,116.56,15,3.7164,2018-09-11 09:30:00,451.54311405366485,9086.931833137722,15.069333655110626,first-year post,near field (<=25 km)
9658,-8.14,116.78,10,3.7164,2018-09-11 13:06:28,475.7644639544356,9100.21829137776,41.760250168960376,first-year post,intermediate (25-75 km)
9659,-8.44,116.88,19,3.82576,2018-09-11 15:07:39,486.790654136317,9067.056911434745,44.68341371601377,first-year post,intermediate (25-75 km)
9660,-8.24,116.65,10,4.20852,2018-09-11 17:59:33,461.45294595569504,9089.152748156717,23.639588235247434,first-year post,near field (<=25 km)
9661,-7.99,116.31,10,3.82576,2018-09-11 18:39:55,423.9589300440866,9116.744017281062,46.21146920568174,first-year post,intermediate (25-75 km)
9662,-8.06,116.39,16,3.60704,2018-09-11 19:23:20,432.7871325671963,9109.01887899015,35.86525121438269,first-year post,intermediate (25-75 km)
9663,-8.15,116.38,13,4.04448,2018-09-11 22:29:21,431.7004220574957,9099.06696735365,26.823938643653896,first-year post,intermediate (25-75 km)
9666,-8.31,116.61,18,3.77108,2018-09-11 23:20:38,457.05508765123335,9081.409784906702,15.782021497649156,first-year post,near field (<=25 km)
9671,-8.34,116.15,10,3.49768,2018-09-12 21:17:43,406.40662444904865,9078.0136063565,36.457812526630455,first-year post,intermediate (25-75 km)
9673,-8.61,116.07,11,4.15384,2018-09-12 21:49:35,397.6685429980553,9048.140346064303,52.39578993450714,first-year post,intermediate (25-75 km)
9674,-8.27,116.13,15,3.66172,2018-09-12 22:44:55,404.1872897040966,9085.748396393608,40.08187472201566,first-year post,intermediate (25-75 km)
9676,-8.35,116.6,10,3.93512,2018-09-13 01:51:31,455.9583917946614,9076.986449942884,13.38761014120056,first-year post,near field (<=25 km)
9677,-8.35,116.87,16,3.9898,2018-09-13 03:44:52,485.6865776088496,9077.006417357938,42.962812219821146,first-year post,intermediate (25-75 km)
9681,-8.48,116.12,12,3.7164,2018-09-14 00:57:22,403.13785691385715,9062.527081423625,41.444227972801464,first-year post,intermediate (25-75 km)
9682,-8.5,116.98,12,3.88044,2018-09-14 02:09:10,497.7987849083308,9060.42563716844,56.864063844171405,first-year post,intermediate (25-75 km)
9683,-8.1,116.44,12,3.66172,2018-09-14 03:57:55,438.3026366364073,9104.60448308255,30.34362077157167,first-year post,intermediate (25-75 km)
9684,-8.14,116.39,10,4.3,2018-09-14 04:57:08,432.80040099324606,9100.174227601252,27.425504009205827,first-year post,intermediate (25-75 km)
9685,-8.16,116.58,10,4.15384,2018-09-14 05:58:58,453.73416569841726,9097.989763240874,25.813835225214802,first-year post,intermediate (25-75 km)
9686,-7.94,116.31,10,3.88044,2018-09-14 06:03:49,423.94970484239957,9122.271973378558,51.34489244263406,first-year post,intermediate (25-75 km)
9688,-8.24,116.47,20,3.77108,2018-09-14 16:34:09,441.62829355599104,9089.130928319133,14.497154964824565,first-year post,near field (<=25 km)
9689,-8.21,116.49,10,4.59128,2018-09-14 20:55:04,443.8268330783161,9092.450503430486,17.82518179792625,first-year post,near field (<=25 km)
9690,-8.19,116.2,14,3.66172,2018-09-14 22:27:07,411.8791831310268,9094.609614429546,36.7404568091592,first-year post,intermediate (25-75 km)
9692,-8.23,116.73,11,3.88044,2018-09-15 11:19:07,470.263027241094,9090.26512050849,31.60705688160075,first-year post,intermediate (25-75 km)
9696,-8.24,116.77,11,3.9898,2018-09-16 15:53:03,474.6691651814318,9089.162335387258,35.029989191587,first-year post,intermediate (25-75 km)
9697,-8.44,116.91,10,3.9,2018-09-16 19:13:11,490.09299365490085,9067.0577996883,47.93642567838857,first-year post,intermediate (25-75 km)
9702,-8.18,116.26,10,3.7164,2018-09-17 17:58:02,418.4865806659244,9095.727883325078,32.130790142614934,first-year post,intermediate (25-75 km)
9703,-8.43,116.35,21,3.66172,2018-09-17 18:07:22,428.44610843445514,9068.10497722476,15.7800245958054,first-year post,near field (<=25 km)
9704,-8.04,116.45,10,3.82576,2018-09-17 22:19:53,439.39546896074125,9111.239397812695,36.842567025458,first-year post,intermediate (25-75 km)
9705,-8.43,115.96,10,3.60704,2018-09-17 23:04:08,385.5100821616974,9068.01213869477,57.588831713786384,first-year post,intermediate (25-75 km)
9706,-8.15,116.29,10,4.71868,2018-09-18 07:27:16,421.7855078877968,9099.050652714493,32.18029182456544,first-year post,intermediate (25-75 km)
9708,-8.33,116.06,15,4.5366,2018-09-18 18:45:06,396.49329135930475,9079.096826694931,46.42037547558458,first-year post,intermediate (25-75 km)
9711,-8.17,116.27,10,3.93512,2018-09-18 21:41:51,419.58616816541286,9096.83550570802,32.07112100230316,first-year post,intermediate (25-75 km)
9713,-8.43,115.99,10,3.82576,2018-09-19 02:36:07,388.8130104589088,9068.020802018378,54.31233665749439,first-year post,intermediate (25-75 km)
9715,-8.32,116.11,14,3.60704,2018-09-19 09:38:07,401.99691957357817,9080.215228625962,41.08443580159177,first-year post,intermediate (25-75 km)
9718,-8.21,116.64,10,4.09916,2018-09-20 05:09:21,460.34860645870083,9092.468416318137,25.02942892452329,first-year post,intermediate (25-75 km)
9719,-8.3,116.34,19,3.77108,2018-09-20 11:22:35,427.32114570601755,9082.47601179274,17.25784342140158,first-year post,near field (<=25 km)
9720,-8.5,116.54,10,3.60704,2018-09-20 14:26:49,449.37153024382775,9060.395653320562,15.890582374061578,first-year post,near field (<=25 km)
9722,-8.14,116.89,10,3.9898,2018-09-20 16:28:29,487.88225355860493,9100.223232505057,51.86196006816258,first-year post,intermediate (25-75 km)
9723,-8.56,116.6,10,3.7164,2018-09-20 17:59:00,455.9822238812923,9053.769555316689,24.91062868754938,first-year post,near field (<=25 km)
9724,-8.54,116.1,10,3.77108,2018-09-20 18:29:36,400.9516942578721,9055.887988796028,45.87085951095967,first-year post,intermediate (25-75 km)
9726,-8.07,116.1,10,3.55236,2018-09-21 01:14:00,400.8337786770752,9107.854183481355,53.494799449631316,first-year post,intermediate (25-75 km)
9727,-8.32,116.14,13,4.15384,2018-09-21 07:54:35,405.30063768467255,9080.222529858574,37.81690635234216,first-year post,intermediate (25-75 km)
9731,-8.14,116.66,10,3.9898,2018-09-21 16:51:13,462.54495716695067,9100.209144048222,32.34836637348601,first-year post,intermediate (25-75 km)
9732,-8.24,116.25,10,3.77108,2018-09-21 18:28:40,417.39738851349756,9089.092135358398,29.144164344775504,first-year post,intermediate (25-75 km)
9734,-8.34,116.0,16,3.93512,2018-09-21 19:19:51,389.8886502458597,9077.974923053443,52.91235309187702,first-year post,intermediate (25-75 km)
9736,-8.21,116.58,10,3.60704,2018-09-22 07:25:27,453.73993472440145,9092.461992453387,20.918867337486343,first-year post,near field (<=25 km)
9737,-8.19,116.42,13,4.09916,2018-09-22 09:32:28,436.1133589486691,9094.651191939935,21.075864258662108,first-year post,near field (<=25 km)
9738,-8.15,116.45,10,4.04448,2018-09-22 12:18:57,439.41190816788946,9099.078129719412,24.68462834771944,first-year post,near field (<=25 km)
9739,-8.33,116.75,11,4.37256,2018-09-22 17:43:23,472.47272688263223,9079.21114296983,30.035522756305994,first-year post,intermediate (25-75 km)
9740,-8.08,116.42,12,4.2632,2018-09-23 02:39:37,436.0959377883554,9106.81254433,32.91563531098716,first-year post,intermediate (25-75 km)
9742,-8.39,117.18,10,3.7164,2018-09-23 05:09:03,519.8165775992161,9072.582090842472,77.03750510020794,first-year post,far field (>75 km)
9743,-8.19,116.43,14,3.88044,2018-09-23 14:01:28,437.2148881674001,9094.652766783442,20.757489980757036,first-year post,near field (<=25 km)
9745,-8.26,116.25,13,3.88044,2018-09-23 18:45:17,417.40154216019147,9086.880894433916,28.10695733364042,first-year post,intermediate (25-75 km)
9746,-8.47,116.83,13,4.2632,2018-09-23 19:10:47,481.28819365655073,9063.738231629284,40.07237535731603,first-year post,intermediate (25-75 km)
9749,-8.23,116.78,10,4.48192,2018-09-23 23:30:22,475.76990314692483,9090.268491318155,36.49573761881686,first-year post,intermediate (25-75 km)
9754,-8.27,116.15,28,3.33364,2018-09-24 05:18:36,406.3900385355062,9085.753152459865,37.972661502741005,first-year post,intermediate (25-75 km)
9761,-8.3,116.01,10,3.55236,2018-09-24 13:50:42,390.9788107536399,9082.400465602152,52.29213132746182,first-year post,intermediate (25-75 km)
9764,-8.23,116.79,10,3.82576,2018-09-24 22:18:06,476.8712760606556,9090.269082927514,37.49385837368172,first-year post,intermediate (25-75 km)
9768,-8.23,116.25,10,4.04448,2018-09-25 07:27:06,417.39531544164413,9090.197755009845,29.711651279704736,first-year post,intermediate (25-75 km)
9774,-8.15,116.19,14,3.33364,2018-09-26 02:54:40,410.7687168307187,9099.029935006785,40.209550314099175,first-year post,intermediate (25-75 km)
9777,-8.85,116.57,21,3.66172,2018-09-26 16:48:52,452.7172512564777,9021.704040488206,54.28299091109089,first-year post,intermediate (25-75 km)
9779,-8.32,116.16,10,3.88044,2018-09-27 10:14:53,407.50310245681203,9080.227258224666,35.64193178991534,first-year post,intermediate (25-75 km)
9780,-8.28,116.14,10,3.77108,2018-09-27 10:36:26,405.29105421144783,9084.645137658885,38.72339682194289,first-year post,intermediate (25-75 km)
9781,-8.35,116.18,11,3.66172,2018-09-27 11:59:52,409.71243824570416,9076.914946496658,33.07885365754028,first-year post,intermediate (25-75 km)
9782,-8.38,116.98,10,3.6,2018-09-27 16:08:19,497.7981052182472,9073.692113234438,55.015805260612744,first-year post,intermediate (25-75 km)
9784,-8.23,116.66,27,3.93512,2018-09-28 00:30:55,462.55336333329086,9090.259245619323,25.191187531035997,first-year post,intermediate (25-75 km)
9785,-8.22,116.8,10,4.2632,2018-09-28 01:13:31,477.97209621423895,9091.375181178242,38.96086830712011,first-year post,intermediate (25-75 km)
9786,-8.23,116.82,10,4.37256,2018-09-28 15:40:44,480.17539085004165,9090.270692652075,40.51998326858456,first-year post,intermediate (25-75 km)
9788,-8.38,116.81,12,3.88044,2018-09-29 00:02:24,479.08196302567023,9073.687114546363,36.32004096334278,first-year post,intermediate (25-75 km)
9790,-8.08,116.84,10,3.93512,2018-09-29 19:11:26,482.37156216259893,9106.854548235595,51.08281609125445,first-year post,intermediate (25-75 km)
9793,-8.42,116.97,10,3.7,2018-09-30 14:50:01,496.6974959919418,9069.269893207807,54.18767492428002,first-year post,intermediate (25-75 km)
9794,-7.94,116.35,10,3.93512,2018-09-30 17:04:55,428.35860639163434,9122.279095505726,49.90904208415532,first-year post,intermediate (25-75 km)
9796,-8.23,116.19,10,3.66172,2018-10-01 01:51:43,410.7865313422868,9090.184875370505,35.50365674178161,first-year post,intermediate (25-75 km)
9797,-8.29,116.08,11,3.77108,2018-10-01 02:25:07,398.68548166912063,9083.524685682885,44.89876958246995,first-year post,intermediate (25-75 km)
9809,-8.74,116.47,13,4.04448,2018-10-02 02:07:55,441.70378930153646,9033.851526549584,41.156814002106906,first-year post,intermediate (25-75 km)
9820,-8.3,116.03,10,3.82576,2018-10-02 07:49:59,393.1814641401428,9082.405904717096,50.11730643496701,first-year post,intermediate (25-75 km)
9849,-8.64,116.52,10,3.7164,2018-10-03 15:21:00,447.1895674063176,9044.914803999003,30.34317831233365,first-year post,intermediate (25-75 km)
9857,-8.73,116.62,40,3.60704,2018-10-03 21:05:59,458.20188144508586,9034.97701608893,42.88820234720021,first-year post,intermediate (25-75 km)
9863,-8.33,116.44,11,3.7164,2018-10-04 18:47:05,438.33815004810424,9079.176186487128,6.256884205899988,first-year post,near field (<=25 km)
9864,-8.54,116.85,19,4.20852,2018-10-05 02:52:10,483.4925842090834,9056.000308637147,44.871017831480934,first-year post,intermediate (25-75 km)
9870,-8.86,116.49,27,3.55236,2018-10-07 16:41:37,443.9217703822967,9020.587332696057,54.496604681495015,first-year post,intermediate (25-75 km)
9872,-8.42,116.75,10,4.95706,2018-10-07 17:57:22,472.47905033229756,9069.261228004621,30.216825176089063,first-year post,intermediate (25-75 km)
9873,-8.38,116.85,10,3.77108,2018-10-07 19:03:05,483.485771275224,9073.689018813753,40.71856634071513,first-year post,intermediate (25-75 km)
9878,-8.28,116.46,15,3.55236,2018-10-08 14:47:24,440.53289746131884,9084.70714645551,10.24660766005146,first-year post,near field (<=25 km)
9880,-8.23,116.46,10,3.77108,2018-10-08 17:28:39,440.52541690350165,9090.235029955975,15.722059951843578,first-year post,near field (<=25 km)
9883,-8.21,116.88,10,4.64596,2018-10-10 02:16:02,486.7829434694895,9092.484228587318,47.47302729316885,first-year post,intermediate (25-75 km)
9885,-8.27,116.07,10,3.88044,2018-10-10 04:57:37,397.57897456242887,9085.73346429133,46.46034481433108,first-year post,intermediate (25-75 km)
9905,-8.31,116.77,13,3.93512,2018-10-11 12:23:14,474.6736362792264,9081.423562354667,32.59560115527155,first-year post,intermediate (25-75 km)
9919,-8.08,117.22,10,3.93512,2018-10-12 20:39:05,524.2391291575007,9106.851466979286,87.58965148595057,first-year post,far field (>75 km)
9921,-8.2,116.91,32,3.443,2018-10-13 08:13:05,490.08696283012654,9093.590621184117,50.951134043932534,first-year post,intermediate (25-75 km)
9922,-8.23,116.27,10,3.66172,2018-10-13 09:02:44,419.59822369160435,9090.20182799531,27.861150664661896,first-year post,intermediate (25-75 km)
9923,-8.23,116.28,10,3.7164,2018-10-13 09:25:24,420.69967425306294,9090.203823196762,26.955638701742416,first-year post,intermediate (25-75 km)
9924,-8.33,116.0,10,3.38832,2018-10-13 10:33:50,389.8858525002561,9079.080619197046,52.99475006027336,first-year post,intermediate (25-75 km)
9925,-8.33,116.66,10,3.49768,2018-10-13 14:20:12,462.56281121875355,9079.203750921983,20.29626424079952,first-year post,near field (<=25 km)
9926,-8.69,116.81,14,3.38832,2018-10-13 14:25:28,479.0988303432401,9039.41503806955,50.82274694390631,first-year post,intermediate (25-75 km)
9927,-8.16,116.48,10,3.66172,2018-10-13 23:51:51,442.7182267375859,9097.97693682589,23.350934595357295,first-year post,near field (<=25 km)
9930,-8.49,116.79,10,3.60704,2018-10-14 14:35:50,476.88659358422655,9061.524983111673,36.615831152675774,first-year post,intermediate (25-75 km)
9931,-8.61,116.21,27,3.443,2018-10-14 15:32:33,413.07430044044094,9048.174966880693,39.923610810290334,first-year post,intermediate (25-75 km)
9936,-7.9,117.13,14,3.55236,2018-10-15 09:50:11,514.3293755128004,9126.755042615581,88.60340336161521,first-year post,far field (>75 km)
9938,-8.14,116.21,10,3.55236,2018-10-16 07:56:22,412.9699350618942,9100.139921536764,39.202648956327295,first-year post,intermediate (25-75 km)
9939,-8.6,116.44,11,3.55236,2018-10-16 10:15:16,438.3810998287497,9049.325205438538,25.950419345033442,first-year post,intermediate (25-75 km)
9940,-8.17,116.53,10,3.55236,2018-10-16 10:22:53,448.22750330859213,9096.878130887904,22.909467254012895,first-year post,near field (<=25 km)
9945,-8.4,116.93,12,3.93512,2018-10-16 23:02:21,492.2937607200134,9071.480407963269,49.61510676449078,first-year post,intermediate (25-75 km)
9946,-8.24,116.15,10,3.77108,2018-10-17 07:34:55,406.38297280132474,9089.07009268395,39.08116402161613,first-year post,intermediate (25-75 km)
9947,-8.36,116.13,12,4.04448,2018-10-17 14:22:26,404.20914250347266,9075.797496220925,38.520239473376165,first-year post,intermediate (25-75 km)
9950,-8.51,116.11,10,3.66172,2018-10-17 15:38:37,402.0446779628892,9059.20756047951,43.5723461020658,first-year post,intermediate (25-75 km)
9951,-8.28,116.22,10,4.7,2018-10-18 01:12:59,414.10174087088103,9084.663298098485,30.30604356951597,first-year post,intermediate (25-75 km)
9952,-8.35,116.16,10,3.60704,2018-10-18 13:14:54,407.5101522558866,9076.910313248069,35.27445306981921,first-year post,intermediate (25-75 km)
9953,-8.44,115.94,10,3.77108,2018-10-18 15:15:47,383.3111142554488,9066.900500581287,59.90814284496904,first-year post,intermediate (25-75 km)
9958,-8.41,116.97,10,4.1,2018-10-20 23:21:29,496.69741128061156,9070.375431552573,54.085590664559184,first-year post,intermediate (25-75 km)
9959,-8.15,115.87,15,3.55236,2018-10-21 06:19:55,375.5130603564797,9098.945311329187,71.44387902261,first-year post,intermediate (25-75 km)
9968,-8.2,116.5,11,3.443,2018-10-22 15:14:55,444.92691805687906,9093.557457026196,19.030807560674635,first-year post,near field (<=25 km)
9975,-8.19,116.72,10,4.5366,2018-10-23 21:52:58,469.1585634904314,9094.686522120244,33.136344946031166,first-year post,intermediate (25-75 km)
9977,-8.25,116.41,10,4.2632,2018-10-24 04:08:51,435.02159451638346,9088.016085818277,15.406675633396807,first-year post,near field (<=25 km)
9979,-8.16,116.5,11,3.82576,2018-10-24 20:25:45,444.9214269798962,9097.979720456524,23.454416731254685,first-year post,near field (<=25 km)
9982,-8.43,116.89,14,3.9898,2018-10-25 07:59:03,487.8911229781237,9068.162777003019,45.591638364587446,first-year post,intermediate (25-75 km)
9984,-8.03,116.56,10,3.7164,2018-10-25 20:20:51,451.51544773981783,9112.359593586187,38.817985674734196,first-year post,intermediate (25-75 km)
9985,-8.41,116.96,13,3.9,2018-10-25 22:56:47,495.59654822334085,9070.375333198685,52.98934515687012,first-year post,intermediate (25-75 km)
9986,-8.3,116.19,10,3.7164,2018-10-26 11:06:24,410.8022608551266,9082.445419948694,32.84163245393425,first-year post,intermediate (25-75 km)
9990,-8.15,116.43,10,4.5366,2018-10-27 09:30:37,437.2086358259456,9099.075076787443,25.073999209053532,first-year post,intermediate (25-75 km)
9991,-8.19,116.38,10,4.20852,2018-10-27 13:31:41,431.70722295138904,9094.644618631068,22.840369138220215,first-year post,near field (<=25 km)
9995,-8.33,116.02,15,3.7164,2018-10-29 06:43:15,392.08834471760537,9079.086133141105,50.802525509793156,first-year post,intermediate (25-75 km)
9996,-8.18,116.45,10,3.49768,2018-10-30 02:44:54,439.41643011189103,9095.76140895917,21.383381797786218,first-year post,near field (<=25 km)
10001,-8.35,116.6,10,4.2632,2018-10-31 16:42:24,455.9583917946614,9076.986449942884,13.38761014120056,first-year post,near field (<=25 km)
10003,-8.36,116.89,10,4.3,2018-11-01 01:28:34,487.8889538473888,9075.901550303517,45.118608330364424,first-year post,intermediate (25-75 km)
10005,-8.38,116.07,15,3.49768,2018-11-01 10:14:52,397.6075604185664,9073.571054013595,45.11745042489911,first-year post,intermediate (25-75 km)
10007,-8.04,116.45,10,3.88044,2018-11-01 22:05:23,439.39546896074125,9111.239397812695,36.842567025458,first-year post,intermediate (25-75 km)
10010,-8.17,116.44,10,4.2632,2018-11-02 08:21:24,438.31334048655225,9096.865466639289,22.670378253719615,first-year post,near field (<=25 km)
10011,-8.14,116.83,11,3.7164,2018-11-02 19:25:18,481.2725582453782,9100.220945707932,46.23282508200642,first-year post,intermediate (25-75 km)
10013,-8.25,116.43,10,4.20852,2018-11-03 00:57:40,437.22432370537564,9088.019285532353,14.432989055826532,first-year post,near field (<=25 km)
10015,-8.42,116.77,19,4.2632,2018-11-04 01:11:09,474.6807381965374,9069.262578434686,32.38186347107262,first-year post,intermediate (25-75 km)
10017,-8.5,116.6,11,3.88044,2018-11-04 04:18:54,455.975354728371,9060.402979065993,19.574775297486802,first-year post,near field (<=25 km)
10018,-8.21,116.49,20,4.04448,2018-11-04 05:02:18,443.8268330783161,9092.450503430486,17.82518179792625,first-year post,near field (<=25 km)
10019,-8.25,115.93,10,4.2632,2018-11-04 12:50:14,382.15320499204665,9087.906180900085,61.968707614014704,first-year post,intermediate (25-75 km)
10020,-8.45,116.62,11,3.88044,2018-11-04 17:38:49,458.1712156466324,9065.933018772681,17.784493849713023,first-year post,near field (<=25 km)
10022,-8.43,116.72,21,3.8,2018-11-05 10:24:17,469.1773039842296,9068.15343986779,27.230453431451068,first-year post,intermediate (25-75 km)
10026,-8.29,116.58,10,4.59128,2018-11-06 01:00:14,453.7492379923156,9083.617530828564,14.148483993672027,first-year post,near field (<=25 km)
10027,-8.5,116.93,10,4.8,2018-11-06 06:49:58,492.29574548457975,9060.424998324563,51.564081408836614,first-year post,intermediate (25-75 km)
10028,-8.19,116.8,10,3.66172,2018-11-06 10:31:40,477.9704439758643,9094.691780370369,40.50247117669186,first-year post,intermediate (25-75 km)
10030,-8.23,116.84,10,3.9898,2018-11-06 13:49:38,482.37813107372455,9090.271628216316,42.5600999480016,first-year post,intermediate (25-75 km)
10031,-8.26,116.83,10,3.9898,2018-11-06 23:08:15,481.2781724380673,9086.954573836443,40.40494388590509,first-year post,intermediate (25-75 km)
10035,-8.34,116.95,10,3.9,2018-11-07 11:19:54,494.4947014038176,9078.113961311048,51.81444036788072,first-year post,intermediate (25-75 km)
10036,-8.26,116.76,15,4.64596,2018-11-07 18:36:12,473.56914744708956,9086.950611195673,33.14659919066312,first-year post,intermediate (25-75 km)
10041,-8.4,116.99,10,3.8,2018-11-08 03:07:36,498.89910893284963,9071.481081611215,56.20230095681566,first-year post,intermediate (25-75 km)
10043,-8.32,116.79,11,4.15384,2018-11-08 14:58:09,476.87652472890437,9080.319244747536,34.55564946881776,first-year post,intermediate (25-75 km)
10044,-8.45,116.75,17,4.15384,2018-11-08 17:31:55,472.48117314739466,9065.944579620364,31.00337114262373,first-year post,intermediate (25-75 km)
10049,-8.4,116.04,13,3.82576,2018-11-09 09:22:44,394.3096919465039,9071.35174040074,48.51758941948319,first-year post,intermediate (25-75 km)
10055,-8.32,116.91,10,3.93512,2018-11-10 15:14:54,490.0899566407264,9080.32425037959,47.63314672442184,first-year post,intermediate (25-75 km)
10056,-8.14,116.31,10,3.77108,2018-11-11 05:15:15,423.9869509577922,9100.160069805572,31.686493820883697,first-year post,intermediate (25-75 km)
10058,-8.3,116.06,11,4.20852,2018-11-11 17:30:11,396.4854207520059,9082.413855164023,46.85954799540523,first-year post,intermediate (25-75 km)
10061,-8.65,116.3,21,3.55236,2018-11-12 00:39:30,422.98584048689764,9043.771727128662,36.894338404596745,first-year post,intermediate (25-75 km)
10064,-8.17,116.21,13,3.443,2018-11-12 22:58:36,412.97642283665647,9096.82304541038,37.111740082321866,first-year post,intermediate (25-75 km)
10065,-8.27,116.49,11,3.60704,2018-11-13 17:46:40,443.83529567198275,9085.817078860622,11.173793396990801,first-year post,near field (<=25 km)
10067,-8.16,116.41,10,3.88044,2018-11-14 00:57:29,435.0069710789385,9097.96633433767,24.588599766736877,first-year post,near field (<=25 km)
10068,-8.17,116.2,11,3.93512,2018-11-14 05:29:51,411.8747898399246,9096.820873026696,37.99839383210984,first-year post,intermediate (25-75 km)
10074,-8.22,116.36,10,4.20852,2018-11-15 12:46:31,429.5094306780653,9091.324388107087,21.272921312580152,first-year post,near field (<=25 km)
10078,-8.3,116.36,10,3.7164,2018-11-16 08:22:55,429.52362498699836,9082.479618882948,15.326115116594012,first-year post,near field (<=25 km)
10083,-8.37,116.07,11,4.20852,2018-11-17 05:41:17,397.6049462006786,9074.676730383118,45.10432534405252,first-year post,intermediate (25-75 km)
10084,-7.99,116.5,10,4.15384,2018-11-17 07:16:48,444.89838758804814,9116.774244075646,42.31137190958196,first-year post,intermediate (25-75 km)
10091,-8.29,116.61,10,3.93512,2018-11-18 00:55:47,457.05291497410667,9083.620897904473,16.843477122597186,first-year post,near field (<=25 km)
10092,-8.36,116.19,19,3.77108,2018-11-18 06:13:19,410.81584862554774,9075.811579863741,31.922841382589844,first-year post,intermediate (25-75 km)
10095,-8.28,116.05,10,3.55236,2018-11-18 18:02:12,395.37881788935977,9084.622588538514,48.35685467769191,first-year post,intermediate (25-75 km)
10101,-8.21,116.58,10,3.60704,2018-11-19 18:47:56,453.73993472440145,9092.461992453387,20.918867337486343,first-year post,near field (<=25 km)
10102,-8.3,116.05,10,3.443,2018-11-19 20:31:13,395.3841049672588,9082.411232777911,47.94481616188687,first-year post,intermediate (25-75 km)
10104,-8.11,116.41,20,3.77108,2018-11-21 03:49:37,434.998915815681,9103.494231295155,29.919358888987546,first-year post,intermediate (25-75 km)
10105,-8.32,116.26,10,3.443,2018-11-21 16:13:07,418.5152684054034,9080.249230691743,24.83421460409923,first-year post,near field (<=25 km)
10106,-8.35,116.18,16,3.55236,2018-11-21 17:05:58,409.71243824570416,9076.914946496658,33.07885365754028,first-year post,intermediate (25-75 km)
10109,-8.38,116.01,18,3.60704,2018-11-21 20:51:14,391.0009819903072,9073.554920141294,51.71624881332691,first-year post,intermediate (25-75 km)
10110,-8.22,116.29,10,3.77108,2018-11-22 08:28:48,421.79916237039686,9091.311400487097,26.744310110058656,first-year post,intermediate (25-75 km)
10120,-8.18,116.22,10,3.88044,2018-11-23 17:44:23,414.08019368383776,9095.719566569871,35.56493732205517,first-year post,intermediate (25-75 km)
10136,-8.3,116.02,10,3.38832,2018-11-26 07:52:07,392.08013903300673,9082.403199041593,51.20444563898707,first-year post,intermediate (25-75 km)
10137,-8.17,116.37,10,3.55236,2018-11-26 08:15:33,430.6022245034724,9096.854086324502,25.319659936738226,first-year post,intermediate (25-75 km)
10139,-8.23,116.51,10,3.66172,2018-11-26 10:53:50,446.0324589842311,9090.242115899813,15.913406096958116,first-year post,near field (<=25 km)
10140,-8.07,116.5,10,3.33364,2018-11-26 11:32:50,444.90916961133513,9107.929781625135,33.43101356537853,first-year post,intermediate (25-75 km)
10149,-8.13,116.4,19,3.93512,2018-11-28 11:35:24,433.9004346410519,9101.281456109826,28.101361155248092,first-year post,intermediate (25-75 km)
10152,-8.35,116.54,10,3.60704,2018-11-29 02:53:34,449.3520226181424,9076.979249777047,6.965365754155232,first-year post,near field (<=25 km)
10153,-8.42,116.48,10,3.49768,2018-11-29 05:25:52,442.7558424841931,9069.231981957568,5.559746332227944,first-year post,near field (<=25 km)
10159,-8.29,116.24,16,3.49768,2018-12-01 20:47:19,416.3065000272582,9083.56193647275,27.863382465475013,first-year post,intermediate (25-75 km)
10160,-8.2,116.26,10,3.55236,2018-12-01 20:53:38,418.4906493020366,9093.516653716304,30.71375873307652,first-year post,intermediate (25-75 km)
10163,-7.92,116.5,16,3.60704,2018-12-02 07:52:26,444.8890408973071,9124.51312091423,50.086121280599606,first-year post,intermediate (25-75 km)
10166,-8.32,116.2,10,3.38832,2018-12-02 15:05:35,411.9079996418124,9080.236381076047,31.302625751653597,first-year post,intermediate (25-75 km)
10169,-8.36,116.0,11,3.27896,2018-12-02 20:24:45,389.8942557396909,9075.763529147713,52.81744672364782,first-year post,intermediate (25-75 km)
10175,-8.25,116.57,10,3.55236,2018-12-04 05:32:40,452.64323578866873,9088.038593757032,16.616406408739667,first-year post,near field (<=25 km)
10176,-8.23,116.59,10,3.93512,2018-12-04 05:44:12,454.84364545971897,9090.252022308785,19.718797150434725,first-year post,near field (<=25 km)
10180,-8.35,116.47,10,3.27896,2018-12-04 18:33:28,441.6445237277669,9076.969579640516,2.4811326050139546,first-year post,near field (<=25 km)
10181,-8.2,116.44,10,3.33364,2018-12-04 18:55:22,438.3179558661412,9093.5487372197,19.408779463103755,first-year post,near field (<=25 km)
10183,-8.26,116.18,10,3.55236,2018-12-05 16:31:28,409.6918663967538,9086.865718236233,35.20118527937646,first-year post,intermediate (25-75 km)
10186,-8.51,116.04,17,5.19544,2018-12-06 01:02:47,394.3396580057745,9059.189151046745,50.838005684401246,first-year post,intermediate (25-75 km)
10187,-8.3,116.05,11,3.443,2018-12-06 02:04:59,395.3841049672588,9082.411232777911,47.94481616188687,first-year post,intermediate (25-75 km)
10188,-8.18,116.12,10,3.49768,2018-12-06 02:30:28,403.06404469248014,9095.69685899407,44.895122334277474,first-year post,intermediate (25-75 km)
10189,-8.28,116.02,10,3.60704,2018-12-06 02:57:32,392.0746849156464,9084.61457362029,51.59061679764618,first-year post,intermediate (25-75 km)
10191,-8.29,116.02,10,3.27896,2018-12-06 04:47:40,392.0774103403704,9083.508886599351,51.385864712101636,first-year post,intermediate (25-75 km)
10194,-8.26,116.81,15,3.88044,2018-12-06 19:32:08,479.07559710715105,9086.953579727151,38.31346550824754,first-year post,intermediate (25-75 km)
10196,-8.5,116.87,10,3.77108,2018-12-07 05:44:33,485.6920903648713,9060.42329473737,45.2670105569449,first-year post,intermediate (25-75 km)
10197,-8.22,115.95,10,3.38832,2018-12-07 13:44:56,384.34748106580514,9091.229152163305,60.65509458959529,first-year post,intermediate (25-75 km)
10198,-8.56,116.65,10,3.443,2018-12-07 16:17:36,461.48451644856107,9053.774915665035,28.21235234659434,first-year post,intermediate (25-75 km)
10200,-8.26,116.02,10,3.60704,2018-12-07 22:02:33,392.0692438702484,9086.825946054232,52.06898761522109,first-year post,intermediate (25-75 km)
10202,-8.18,116.77,10,3.66172,2018-12-08 13:10:19,474.6653627201745,9095.795548002316,38.27074291815214,first-year post,intermediate (25-75 km)
10203,-8.21,116.61,10,4.31788,2018-12-08 14:00:40,457.0442762779234,9092.465327931026,22.82847181127297,first-year post,near field (<=25 km)
10211,-8.15,116.62,10,4.2632,2018-12-11 01:17:43,458.1394612300267,9099.09967693475,28.909704958478038,first-year post,intermediate (25-75 km)
10212,-8.24,116.25,10,3.77108,2018-12-11 04:06:36,417.39738851349756,9089.092135358398,29.144164344775504,first-year post,intermediate (25-75 km)
10219,-8.08,116.88,16,3.60704,2018-12-13 02:20:00,486.7786788915009,9106.856061828732,54.56771462356912,first-year post,intermediate (25-75 km)
10221,-8.33,116.09,10,3.7164,2018-12-13 04:11:24,399.79696929138714,9079.104554330415,43.136234459792725,first-year post,intermediate (25-75 km)
10226,-8.39,115.99,10,3.443,2018-12-16 13:17:50,388.8016064901252,9072.4436158839,53.94963887924238,first-year post,intermediate (25-75 km)
10227,-8.35,116.81,11,3.60704,2018-12-16 19:53:23,479.0803629954795,9077.003738333324,36.37246432671826,first-year post,intermediate (25-75 km)
10228,-8.36,116.74,10,3.82576,2018-12-17 00:58:31,471.373813140775,9075.89379721106,28.624716196871386,first-year post,intermediate (25-75 km)
10229,-8.43,116.68,10,3.55236,2018-12-17 01:18:59,464.7740203421202,9068.150059871145,22.98977234069302,first-year post,near field (<=25 km)
10230,-8.34,116.56,10,3.443,2018-12-17 03:01:56,451.55291905678297,9078.08732719734,9.412157125855074,first-year post,near field (<=25 km)
10231,-8.36,116.68,10,3.49768,2018-12-17 03:09:13,464.76771000098506,9075.888935757594,22.03047280353539,first-year post,near field (<=25 km)
10233,-8.29,116.75,10,3.66172,2018-12-17 04:19:47,472.46993812791305,9083.63331295377,31.009216649351284,first-year post,intermediate (25-75 km)
10234,-8.37,116.73,10,3.7164,2018-12-17 05:21:09,470.27355615743056,9074.78750958363,27.502638185995323,first-year post,intermediate (25-75 km)
10235,-8.5,116.55,10,3.60704,2018-12-17 07:45:48,450.4721711817224,9060.396945270908,16.37798362693113,first-year post,near field (<=25 km)
10236,-8.33,116.55,10,4.20852,2018-12-18 07:41:41,450.450568709975,9079.191653366088,8.893276035482414,first-year post,near field (<=25 km)
10237,-8.26,116.04,10,3.7164,2018-12-18 08:51:34,394.2721133986749,9086.831304418247,49.93271926367091,first-year post,intermediate (25-75 km)
10238,-8.26,116.18,10,4.20852,2018-12-18 15:53:31,409.6918663967538,9086.865718236233,35.20118527937646,first-year post,intermediate (25-75 km)
10239,-8.46,116.09,19,3.27896,2018-12-18 17:03:18,399.8303018304186,9064.730824970049,44.05095942265168,first-year post,intermediate (25-75 km)
10240,-8.35,116.8,10,3.82576,2018-12-18 17:37:38,477.9793252645289,9077.003194154875,35.274453069817646,first-year post,intermediate (25-75 km)
10242,-8.27,116.7,10,3.82576,2018-12-19 09:38:25,466.96221398565575,9085.840593175719,26.63729182420449,first-year post,intermediate (25-75 km)
10249,-8.42,116.74,19,4.95706,2018-12-21 10:43:56,471.37820520462543,9069.260510587332,29.13627418386033,first-year post,intermediate (25-75 km)
10250,-8.4,116.69,16,3.33364,2018-12-21 11:29:34,465.87221660888594,9071.46760849849,23.340932037517224,first-year post,near field (<=25 km)
10251,-8.31,116.75,10,3.33364,2018-12-21 11:37:04,472.471330838406,9081.42222906821,30.445137269759456,first-year post,intermediate (25-75 km)
10252,-8.35,116.72,10,3.33364,2018-12-21 11:47:37,469.17099741416973,9076.997836061775,26.49670226569523,first-year post,intermediate (25-75 km)
10256,-8.43,116.7,12,3.93512,2018-12-21 15:58:46,466.97566410166553,9068.15180620528,25.103255421082547,first-year post,intermediate (25-75 km)
10257,-8.36,116.68,13,3.38832,2018-12-22 01:30:51,464.76771000098506,9075.888935757594,22.03047280353539,first-year post,near field (<=25 km)
10258,-8.41,116.7,10,3.38832,2018-12-22 03:45:41,466.9739688374181,9070.362912369288,24.60640184694011,first-year post,near field (<=25 km)
10259,-8.39,116.68,10,3.60704,2018-12-22 05:45:35,464.7704080333578,9072.572278010917,22.113654537865802,first-year post,near field (<=25 km)
10260,-8.63,116.3,10,4.59128,2018-12-22 05:58:27,422.9817818399019,9045.982987742838,35.03823923121782,first-year post,intermediate (25-75 km)
10262,-8.28,116.31,10,3.55236,2018-12-22 07:00:26,424.0135710045923,9084.68161019348,21.212934147485992,first-year post,near field (<=25 km)
10263,-8.42,116.71,10,3.60704,2018-12-22 09:54:08,468.07566465164075,9069.258189525117,25.904463654925596,first-year post,intermediate (25-75 km)
10265,-8.31,116.08,10,4.1,2018-12-22 23:59:50,398.69060785014415,9081.313347077004,44.510454250844184,first-year post,intermediate (25-75 km)
10268,-8.0,117.24,10,3.77108,2018-12-24 02:25:37,526.4478798228139,9115.694439650679,93.2175843542942,first-year post,far field (>75 km)
10276,-8.32,116.23,10,3.55236,2018-12-25 08:03:32,415.211645235828,9080.242931079645,28.06069873520343,first-year post,intermediate (25-75 km)
10278,-8.26,116.21,10,3.7164,2018-12-25 22:39:36,412.99602843766417,9086.872388081589,32.12655523310164,first-year post,intermediate (25-75 km)
10279,-8.36,116.7,10,3.38832,2018-12-26 00:31:42,466.96974817521385,9075.890668004491,24.22816217683035,first-year post,near field (<=25 km)
10280,-8.23,116.62,10,3.93512,2018-12-26 00:36:14,458.14781758340774,9090.255283129309,21.900475491641267,first-year post,near field (<=25 km)
10281,-8.37,116.59,10,3.49768,2018-12-26 00:47:45,454.85963419538973,9074.774194861398,12.101160965865176,first-year post,near field (<=25 km)
10283,-8.19,116.22,11,4.04448,2018-12-26 02:39:57,414.082336697013,9094.613942144024,34.91555687594081,first-year post,intermediate (25-75 km)
10284,-8.38,116.18,20,3.60704,2018-12-26 02:54:57,409.7193447393482,9073.598012787832,33.021468593151134,first-year post,intermediate (25-75 km)
10287,-8.61,116.45,10,3.27896,2018-12-26 08:01:57,439.48305811281455,9048.22120139851,26.889954777266503,first-year post,intermediate (25-75 km)
10288,-8.31,116.44,10,3.27896,2018-12-26 10:53:01,438.33502271238314,9081.387354155824,7.9923847476367085,first-year post,near field (<=25 km)
10289,-8.32,116.8,10,4.71868,2018-12-26 12:22:22,477.97764702068906,9080.319814835686,35.641931789913805,first-year post,intermediate (25-75 km)
10290,-8.41,116.81,10,3.66172,2018-12-26 12:31:56,479.08356875554773,9070.370485735748,36.573079035796184,first-year post,intermediate (25-75 km)
10291,-8.39,116.79,12,3.93512,2018-12-26 12:35:41,476.88064623064486,9072.580450709738,34.17483052034252,first-year post,intermediate (25-75 km)
10292,-8.27,116.62,11,3.66172,2018-12-26 13:23:05,458.1520261711065,9085.833073127493,18.99761301717987,first-year post,near field (<=25 km)
10293,-8.2,116.48,10,3.27896,2018-12-27 04:40:24,442.7239374868489,9093.554660122274,18.903137529575048,first-year post,near field (<=25 km)
10294,-8.59,116.09,10,3.22428,2018-12-27 05:19:00,399.86414697084655,9050.35700269613,49.377593572625756,first-year post,intermediate (25-75 km)
10295,-8.22,116.38,10,3.60704,2018-12-27 07:48:54,431.7123453324506,9091.327851420476,19.981655954071034,first-year post,near field (<=25 km)
10297,-8.36,116.19,10,3.9898,2018-12-27 11:48:54,410.81584862554774,9075.811579863741,31.922841382589844,first-year post,intermediate (25-75 km)
10298,-8.37,116.2,12,3.77108,2018-12-27 12:59:53,411.91920295082906,9074.708189992869,30.802954636595743,first-year post,intermediate (25-75 km)
10299,-8.36,116.79,10,3.38832,2018-12-27 15:29:37,476.8788756727421,9075.89708006516,34.121831446035564,first-year post,intermediate (25-75 km)
10304,-8.69,116.94,10,3.55236,2018-12-28 05:47:00,493.39964109826764,9039.41975196479,61.845174381337806,first-year post,intermediate (25-75 km)
10306,-8.53,116.17,10,3.38832,2018-12-28 07:56:20,408.653614582467,9057.01091915559,38.45879087053419,first-year post,intermediate (25-75 km)
10307,-8.43,116.95,10,3.88044,2018-12-28 17:03:07,494.4959675746598,9068.16412897356,52.12965828899804,first-year post,intermediate (25-75 km)
10308,-8.39,116.59,10,3.82576,2018-12-29 02:46:51,454.86194016927016,9072.563067811157,12.303507409221384,first-year post,near field (<=25 km)
10311,-8.34,116.69,10,3.33364,2018-12-29 16:13:43,465.866992279507,9078.100916190107,23.342693524618486,first-year post,near field (<=25 km)
10312,-8.32,116.22,10,3.33364,2018-12-29 23:33:48,414.11043257258416,9080.240775566821,29.13987922537964,first-year post,intermediate (25-75 km)
10320,-8.3,116.05,10,3.33364,2018-12-30 23:39:06,395.3841049672588,9082.411232777911,47.94481616188687,first-year post,intermediate (25-75 km)
10329,-8.33,116.19,10,3.7164,2018-12-31 16:15:43,410.8090425877507,9079.128502356363,32.21323523896404,first-year post,intermediate (25-75 km)
10330,-8.22,116.78,10,3.88044,2018-12-31 16:43:12,475.7692958577362,9091.374026842504,36.98409141612816,first-year post,intermediate (25-75 km)
10332,-8.32,116.05,10,4.04448,2018-12-31 21:53:07,395.3894047161762,9080.199874863612,47.6331467244234,first-year post,intermediate (25-75 km)
10342,-8.28,116.42,10,3.218812,2019-01-02 10:54:36,436.12778670996346,9084.700945888999,11.988716272917497,first-year post,near field (<=25 km)
10346,-8.41,116.54,10,3.7164,2019-01-03 01:45:11,449.35978427299034,9070.345826254483,7.959068788195438,first-year post,near field (<=25 km)
10347,-8.29,116.76,10,3.727336,2019-01-03 01:58:32,473.5711469466896,9083.633991893745,32.06474566553502,first-year post,intermediate (25-75 km)
10356,-8.24,116.76,10,3.596104,2019-01-03 12:07:56,473.56781844827816,9089.161687978964,34.030780216579295,first-year post,intermediate (25-75 km)
10357,-8.28,116.6,16,3.82576,2019-01-03 12:14:46,455.9505784237726,9084.725360217217,16.566970027709424,first-year post,near field (<=25 km)
10359,-8.32,116.03,10,4.2632,2019-01-03 17:33:27,393.18687551476864,9080.194534325019,49.81912069377605,first-year post,intermediate (25-75 km)
10362,-8.19,116.36,10,3.519552,2019-01-04 00:48:27,429.5041430255105,9094.641167612257,23.978263441086675,first-year post,near field (<=25 km)
10363,-8.23,116.75,10,3.77108,2019-01-04 08:19:48,472.4657800004302,9090.266551385324,33.53975529001028,first-year post,intermediate (25-75 km)
10364,-8.16,116.79,10,3.8,2019-01-04 09:51:02,476.8672329745231,9098.007815225663,41.339100400234045,first-year post,intermediate (25-75 km)
10367,-8.3,116.13,14,4.20852,2019-01-04 21:46:42,404.1945478631193,9082.431434542948,39.28594210486135,first-year post,intermediate (25-75 km)
10369,-8.86,116.79,35,3.22428,2019-01-05 00:02:19,476.9092071112838,9020.619256534319,64.26672969488078,first-year post,intermediate (25-75 km)
10370,-8.2,116.16,10,4.15384,2019-01-05 05:31:58,407.4751553413091,9093.494989431862,39.96428026190901,first-year post,intermediate (25-75 km)
10373,-8.34,116.09,17,3.443,2019-01-05 19:02:59,399.79951513028715,9077.998886108287,43.03524795005563,first-year post,intermediate (25-75 km)
10374,-8.25,116.03,10,4.02,2019-01-05 21:10:03,393.1679923082242,9087.934321297222,51.27882280549232,first-year post,intermediate (25-75 km)
10378,-8.3,116.75,10,3.443,2019-01-06 07:44:04,472.4706340664328,9082.52777128727,30.708346228309047,first-year post,intermediate (25-75 km)
10380,-8.3,116.44,13,4.15384,2019-01-06 12:12:20,438.33346184500317,9082.492937166386,8.94160577703782,first-year post,near field (<=25 km)
10382,-8.56,116.86,10,3.38832,2019-01-06 20:51:06,484.59388401700363,9053.789624202705,46.83020142229192,first-year post,intermediate (25-75 km)
10385,-8.07,116.24,10,3.443,2019-01-07 05:37:58,416.2605908796859,9107.885558000018,42.54894176898922,first-year post,intermediate (25-75 km)
10387,-8.4,116.73,10,3.727336,2019-01-07 06:04:42,470.2758353053082,9071.470864530398,27.70315229675813,first-year post,intermediate (25-75 km)
10388,-8.31,116.77,10,3.842164,2019-01-07 06:46:37,474.6736362792264,9081.423562354667,32.59560115527155,first-year post,intermediate (25-75 km)
10391,-8.29,116.11,10,3.443,2019-01-07 12:49:11,401.9894766889904,9083.5322108772,41.668677236954856,first-year post,intermediate (25-75 km)
10395,-8.14,116.35,10,3.596104,2019-01-07 20:47:35,428.39369284013463,9100.167366561756,29.303942283389592,first-year post,intermediate (25-75 km)
10396,-8.38,116.96,10,3.22428,2019-01-08 00:15:20,495.5962101778648,9073.691945212035,52.816091013591866,first-year post,intermediate (25-75 km)
10416,-8.62,116.95,10,3.268024,2019-01-10 04:42:31,494.49868492353494,9047.158777307824,58.68934196746658,first-year post,intermediate (25-75 km)
10417,-8.83,116.86,31,3.06024,2019-01-10 05:37:30,484.6049103129602,9023.939575681732,66.04363446372008,first-year post,intermediate (25-75 km)
10418,-8.28,116.02,10,3.344576,2019-01-10 09:14:20,392.0746849156464,9084.61457362029,51.59061679764618,first-year post,intermediate (25-75 km)
10419,-8.19,116.34,14,3.49768,2019-01-10 18:51:04,427.3010548023514,9094.637607014445,25.25704007939041,first-year post,intermediate (25-75 km)
10422,-8.3,116.54,15,3.7164,2019-01-11 01:28:52,449.3455967412561,9082.507087491653,10.205944196032782,first-year post,near field (<=25 km)
10423,-8.35,116.57,10,3.158664,2019-01-11 02:04:39,452.655213464726,9076.982975455867,10.147884711017632,first-year post,near field (<=25 km)
10424,-8.41,116.55,10,3.22428,2019-01-11 02:58:54,450.46068058424174,9070.347104920878,8.892591076106925,first-year post,near field (<=25 km)
10426,-8.3,116.57,10,3.38832,2019-01-11 04:34:34,452.6492067069309,9082.510791487684,12.594900104008552,first-year post,near field (<=25 km)
10432,-8.38,116.81,10,3.27896,2019-01-12 06:35:03,479.08196302567023,9073.687114546363,36.32004096334278,first-year post,intermediate (25-75 km)
10433,-8.26,116.08,10,3.158664,2019-01-12 07:41:09,398.67781540591625,9086.84168955277,45.67848663500655,first-year post,intermediate (25-75 km)
10443,-8.3,116.09,10,3.240684,2019-01-13 13:40:07,399.789349979597,9082.4215557499,43.608234828690854,first-year post,intermediate (25-75 km)
10452,-8.21,116.19,10,3.328172,2019-01-13 20:57:03,410.78206150578603,9092.39614349556,36.5341917333277,first-year post,intermediate (25-75 km)
10461,-8.26,116.25,10,3.77108,2019-01-16 00:29:24,417.40154216019147,9086.880894433916,28.10695733364042,first-year post,intermediate (25-75 km)
10465,-8.34,116.6,10,3.311768,2019-01-16 02:05:07,455.9572715983757,9078.092010210776,13.616707661592384,first-year post,near field (<=25 km)
10466,-8.42,116.64,10,3.33364,2019-01-16 04:05:14,460.36970238960384,9069.251788970565,18.457799510210865,first-year post,near field (<=25 km)
10472,-8.54,116.36,15,3.38832,2019-01-18 02:52:24,429.5670271936406,9055.945099959637,23.05483583059521,first-year post,near field (<=25 km)
10474,-8.67,116.92,13,3.328172,2019-01-18 05:41:42,491.1990543413486,9041.630454505781,58.77049378334192,first-year post,intermediate (25-75 km)
10481,-8.34,116.7,10,3.93512,2019-01-20 02:52:43,466.96806691020635,9078.101766362219,24.432055333941317,first-year post,near field (<=25 km)
10482,-8.38,116.72,10,3.38832,2019-01-20 03:00:01,469.1733553783696,9073.681191673255,26.42559849341739,first-year post,intermediate (25-75 km)
10484,-8.47,116.44,10,3.38832,2019-01-20 08:01:45,438.36025047211666,9063.6979508894,11.958337691483756,first-year post,near field (<=25 km)
10487,-8.45,116.51,14,3.77108,2019-01-20 11:21:29,446.0626308940398,9065.919509643161,9.48796290887511,first-year post,near field (<=25 km)
10493,-8.61,116.28,22,3.49768,2019-01-21 01:15:21,420.776986458646,9048.190163150639,34.58288663760835,first-year post,intermediate (25-75 km)
10504,-8.37,116.71,10,3.546892,2019-01-22 01:21:09,468.0715798511968,9074.785943162191,25.30242719644154,first-year post,intermediate (25-75 km)
10532,-8.55,116.01,10,3.202408,2019-01-22 13:11:22,391.04879718534903,9054.758020429428,55.43249779097059,first-year post,intermediate (25-75 km)
10547,-8.33,116.93,10,4.48192,2019-01-23 17:59:34,492.2923852662733,9079.219161351268,49.70668161085882,first-year post,intermediate (25-75 km)
10549,-8.25,116.79,10,4.15384,2019-01-24 08:32:21,476.87243753030305,9088.05801163136,36.62561776659121,first-year post,intermediate (25-75 km)
10551,-8.33,116.82,10,3.49768,2019-01-24 12:24:24,480.18039256751484,9079.215333145392,37.66901547754115,first-year post,intermediate (25-75 km)
10561,-8.22,116.21,10,3.7164,2019-01-25 06:50:06,412.98728849133965,9091.294907827973,34.07042830697768,first-year post,intermediate (25-75 km)
10563,-8.14,116.87,10,3.67,2019-01-25 08:58:54,485.6790235603059,9100.222579135432,49.959107813461785,first-year post,intermediate (25-75 km)
10564,-8.22,116.81,10,4.04448,2019-01-25 09:00:22,479.07349540441294,9091.37571711901,39.95803380582921,first-year post,intermediate (25-75 km)
10594,-8.34,116.74,10,3.33364,2019-01-30 03:47:12,471.3723560526074,9078.104888294565,28.79770438514733,first-year post,intermediate (25-75 km)
10602,-8.59,116.32,10,3.60704,2019-01-30 16:52:52,425.17454502284795,9050.40946113976,30.134292336216888,first-year post,intermediate (25-75 km)
10613,-8.4,116.53,13,3.443,2019-01-31 19:50:46,448.2575608244124,9071.450092967927,6.43283391559799,first-year post,near field (<=25 km)
10616,-8.4,116.76,10,3.284428,2019-02-01 07:41:13,473.5785400515506,9071.473011816955,30.981877161768132,first-year post,intermediate (25-75 km)
10621,-8.35,116.7,10,3.52502,2019-02-01 11:58:38,466.968907042695,9076.99621746102,24.304899916072845,first-year post,near field (<=25 km)
10626,-8.81,115.95,10,3.75,2019-02-02 07:34:01,384.52452244513955,9025.991515473097,76.087873805988,first-year post,far field (>75 km)
10629,-8.31,116.7,10,3.246152,2019-02-02 18:43:21,466.9655525131633,9081.418409740307,25.106850345148597,first-year post,intermediate (25-75 km)
10630,-8.44,116.53,10,3.33364,2019-02-02 19:07:43,448.26287282633723,9067.027795681859,9.530764866368084,first-year post,near field (<=25 km)
10633,-8.2,116.84,10,4.37256,2019-02-02 20:58:50,482.37680768723527,9093.588222025606,43.89156590062789,first-year post,intermediate (25-75 km)
10650,-8.82,116.8,39,3.33364,2019-02-04 14:47:43,478.0064008182686,9025.04213883677,61.16856444926869,first-year post,intermediate (25-75 km)
10659,-8.61,116.32,10,3.77108,2019-02-05 09:41:56,425.17846955782267,9048.198213991862,31.965779217123302,first-year post,intermediate (25-75 km)
10661,-8.3,116.61,10,4.09916,2019-02-05 19:30:38,457.0540006625626,9082.515341681114,16.283458876156544,first-year post,near field (<=25 km)
10666,-8.47,116.88,10,3.967928,2019-02-06 15:42:35,486.79167547477545,9063.74028308298,45.381882652442165,first-year post,intermediate (25-75 km)
10667,-8.27,116.7,10,3.628912,2019-02-06 15:44:23,466.96221398565575,9085.840593175719,26.63729182420449,first-year post,intermediate (25-75 km)
10669,-8.36,116.67,10,3.410192,2019-02-06 15:56:43,463.66668937781634,9075.888027722798,20.931829017958346,first-year post,near field (<=25 km)
10678,-8.79,116.34,14,3.1696,2019-02-07 17:03:15,427.4138753040237,9028.300818142174,49.173265232788495,first-year post,intermediate (25-75 km)
10686,-8.24,116.32,16,3.55236,2019-02-08 21:38:41,425.10733303617025,9089.105925357222,22.778920214394525,first-year post,near field (<=25 km)
10695,-8.4,115.85,21,3.49768,2019-02-09 19:42:37,373.38933462196565,9071.295460992844,69.38420581364255,first-year post,intermediate (25-75 km)
10701,-8.26,116.78,10,3.492212,2019-02-11 04:19:08,475.77172941577487,9086.95188145296,35.20118527937646,first-year post,intermediate (25-75 km)
10702,-8.6,116.94,10,3.437532,2019-02-11 04:25:53,493.3980749112196,9049.369718698666,56.68683171024366,first-year post,intermediate (25-75 km)
10705,-8.21,116.7,10,3.38832,2019-02-11 05:33:12,466.9572362015391,9092.473851837156,30.041935712373544,first-year post,intermediate (25-75 km)
10706,-8.32,116.21,10,3.617976,2019-02-11 06:09:22,413.0092173853683,9080.238592232397,30.22057383798127,first-year post,intermediate (25-75 km)
10708,-8.62,115.99,10,3.88044,2019-02-11 06:53:36,388.86791487888905,9047.012316474404,60.63540827558346,first-year post,intermediate (25-75 km)
10717,-8.64,116.95,10,3.229748,2019-02-12 04:07:40,494.49897445846807,9044.947675675689,59.77363612553058,first-year post,intermediate (25-75 km)
10718,-8.39,116.73,10,3.601572,2019-02-12 05:51:35,470.275074689405,9072.576413439463,27.59170080899875,first-year post,intermediate (25-75 km)
10719,-8.74,116.77,31,4.09916,2019-02-12 06:31:15,474.7019256174904,9033.884781940553,52.052841534614565,first-year post,intermediate (25-75 km)
10720,-8.89,116.46,29,3.60704,2019-02-12 08:29:29,440.6277829113911,9017.265841671875,57.86315078256634,first-year post,intermediate (25-75 km)
10722,-8.38,116.84,10,4.64596,2019-02-12 10:05:44,482.38482002105815,9073.688584753376,39.618896698760416,first-year post,intermediate (25-75 km)
10723,-8.35,115.99,10,3.77108,2019-02-12 11:23:18,388.79025639631243,9076.866421075847,53.95240504852166,first-year post,intermediate (25-75 km)
10725,-8.34,116.07,10,3.355512,2019-02-12 13:26:22,397.59712215040065,9077.993756233354,45.229244815787034,first-year post,intermediate (25-75 km)
10727,-8.62,116.76,29,3.443,2019-02-12 15:02:32,473.5936166066586,9047.1508478452,41.48465190857197,first-year post,intermediate (25-75 km)
10732,-8.24,116.3,10,3.7164,2019-02-12 21:54:51,422.90450324286815,9089.102123154322,24.519427517950028,first-year post,near field (<=25 km)
10741,-8.38,116.16,13,3.77108,2019-02-14 18:46:22,407.5172272594066,9073.593363367276,35.220481422173485,first-year post,intermediate (25-75 km)
10744,-8.28,116.19,11,3.33364,2019-02-15 04:11:54,410.79775320378354,9084.656695629668,33.439356488861456,first-year post,intermediate (25-75 km)
10746,-8.87,116.66,10,3.732804,2019-02-15 20:44:48,462.6157876633122,9019.503106575305,59.01423336102664,first-year post,intermediate (25-75 km)
10755,-7.95,116.72,10,3.60704,2019-02-18 10:12:01,469.14036081612653,9121.219290357789,53.65536015790724,first-year post,intermediate (25-75 km)
10756,-8.31,116.07,10,3.645316,2019-02-18 10:25:47,397.5893260067727,9081.310777209352,45.59851310867395,first-year post,intermediate (25-75 km)
10760,-8.17,116.0,10,3.7164,2019-02-18 16:22:26,389.841542091834,9096.771684663507,57.309404979030965,first-year post,intermediate (25-75 km)
10768,-8.36,116.72,10,3.58,2019-02-19 12:16:59,469.1717824689073,9075.892288488656,26.42627589535102,first-year post,intermediate (25-75 km)
10769,-8.84,116.6,19,3.38832,2019-02-19 12:18:39,456.0149141832429,9022.813305358957,53.901165562507465,first-year post,intermediate (25-75 km)
10775,-8.37,116.22,10,3.262556,2019-02-20 03:12:00,414.121355712441,9074.712610142922,28.602743674204,first-year post,intermediate (25-75 km)
10776,-8.9,116.92,10,3.289896,2019-02-20 04:34:58,491.2044767698674,9016.202564165045,76.242303076646,first-year post,far field (>75 km)
10779,-8.47,116.53,13,3.38832,2019-02-20 16:48:52,448.26687327533415,9063.711066851029,12.405286056550942,first-year post,near field (<=25 km)
10780,-8.49,116.66,14,3.22428,2019-02-21 02:58:23,462.57816357731207,9061.514843988083,23.87550865796387,first-year post,near field (<=25 km)
10785,-8.31,116.03,10,3.38832,2019-02-22 03:55:44,393.1841682102577,9081.30021979026,49.95606258715814,first-year post,intermediate (25-75 km)
10792,-8.31,116.02,10,3.1696,2019-02-22 09:30:08,392.08287099347706,9081.297510946386,51.04660835470166,first-year post,intermediate (25-75 km)
10794,-8.33,116.03,11,3.300832,2019-02-22 15:02:27,393.1895860535978,9079.08884832074,49.70668161085882,first-year post,intermediate (25-75 km)
10798,-8.25,116.8,10,4.09916,2019-02-24 03:18:34,477.9737544545901,9088.058577056358,37.65240870976313,first-year post,intermediate (25-75 km)
10810,-8.34,116.69,11,3.535956,2019-02-25 20:58:02,465.866992279507,9078.100916190107,23.342693524618486,first-year post,near field (<=25 km)
10813,-8.29,116.57,14,3.66172,2019-02-25 23:49:38,452.6480096559784,9083.61635303997,13.310915768231723,first-year post,near field (<=25 km)
10814,-8.41,116.53,19,3.93512,2019-02-25 23:55:45,448.2588864751287,9070.34451948252,7.073584047846456,first-year post,near field (<=25 km)
10815,-8.88,116.35,19,3.27896,2019-02-26 03:52:31,428.5310496895708,9018.352064330142,58.482591038997306,first-year post,intermediate (25-75 km)
10816,-8.85,116.34,20,3.22428,2019-02-26 04:01:02,427.4255927242153,9021.667027170088,55.54858231886982,first-year post,intermediate (25-75 km)
10818,-8.83,116.54,22,3.60704,2019-02-26 05:06:53,449.41566086768785,9023.911292225324,51.57329072642931,first-year post,intermediate (25-75 km)
10821,-8.42,115.97,16,3.55236,2019-02-27 00:56:11,386.60814895077,9069.120765560376,56.37658513198951,first-year post,intermediate (25-75 km)
10825,-8.34,116.03,13,3.66172,2019-02-28 05:31:17,393.1922998266673,9077.983161776794,49.618911912685675,first-year post,intermediate (25-75 km)
10829,-8.87,116.67,12,3.60704,2019-02-28 22:10:14,463.71533515522594,9019.504097877507,59.39191610146511,first-year post,intermediate (25-75 km)
10831,-8.2,116.32,10,3.624548547,2019-03-01 01:35:50,425.09982848989904,9093.52833561998,25.831809714127363,first-year post,intermediate (25-75 km)
10832,-8.23,116.82,10,3.319834691,2019-03-01 01:53:05,480.17539085004165,9090.270692652075,40.51998326858456,first-year post,intermediate (25-75 km)
10833,-7.9,116.43,10,3.63362072,2019-03-01 06:22:00,437.17024794210846,9126.71432073885,52.55062416756195,first-year post,intermediate (25-75 km)
10838,-8.38,117.12,10,3.372884478,2019-03-02 02:58:33,513.2113777425623,9073.690152969928,70.41462300446342,first-year post,intermediate (25-75 km)
10839,-8.89,116.62,27,3.008493262,2019-03-02 03:25:40,458.2198502709279,9017.287668835408,59.83470679679449,first-year post,intermediate (25-75 km)
10840,-8.68,116.96,10,3.453349657,2019-03-02 04:25:26,495.5996446147174,9040.5255958917,63.04235153413829,first-year post,intermediate (25-75 km)
10846,-8.44,116.0,10,3.43816197,2019-03-02 13:37:30,389.9168110714994,9066.917931852315,53.37093948768287,first-year post,intermediate (25-75 km)
10850,-8.36,116.7,10,3.601639564,2019-03-03 07:54:30,466.96974817521385,9075.890668004491,24.22816217683035,first-year post,near field (<=25 km)
10856,-8.46,116.06,18,3.538913491,2019-03-04 17:39:44,396.5277232516328,9064.722980217468,47.27055311228866,first-year post,intermediate (25-75 km)
10859,-8.27,116.78,10,3.696097219,2019-03-05 04:11:59,475.7723396390947,9085.846343731684,34.830025156881426,first-year post,intermediate (25-75 km)
10869,-8.36,116.55,10,3.950918117,2019-03-08 15:06:46,450.4543494126366,9075.874951857877,7.780702515487229,first-year post,near field (<=25 km)
10879,-8.45,116.75,10,3.624838337,2019-03-11 02:42:12,472.48117314739466,9065.944579620364,31.00337114262373,first-year post,intermediate (25-75 km)
10880,-8.7,116.05,11,3.515240474,2019-03-11 02:59:32,395.49250662042374,9038.183658584285,59.85208134554229,first-year post,intermediate (25-75 km)
10889,-8.21,116.06,10,3.327962086,2019-03-11 23:11:50,396.46197819557995,9092.364911547449,49.52017165561576,first-year post,intermediate (25-75 km)
10891,-8.23,116.07,10,3.292957548,2019-03-12 08:11:31,397.5686727382471,9090.156142778738,47.72282492955645,first-year post,intermediate (25-75 km)
10892,-8.47,115.96,10,3.443042161,2019-03-12 09:15:42,385.52188051363044,9063.589276204899,58.26891850811608,first-year post,intermediate (25-75 km)
10896,-8.35,116.09,15,3.59045065,2019-03-12 19:18:59,399.80206400321714,9076.893217343952,42.962812219821146,first-year post,intermediate (25-75 km)
10898,-8.22,116.27,10,3.729630385,2019-03-13 11:36:13,419.59620835099565,9091.307442294139,28.497609875167893,first-year post,intermediate (25-75 km)
10900,-8.59,116.69,11,3.60793817,2019-03-14 00:03:57,465.88900568741445,9050.462000843447,33.6428437750303,first-year post,intermediate (25-75 km)
10901,-8.82,116.87,24,3.391517131,2019-03-14 04:42:53,485.7041766171426,9025.045537884445,65.89667041206468,first-year post,intermediate (25-75 km)
10902,-8.18,116.46,10,4.264564486,2019-03-15 08:46:56,440.5179813621321,9095.762899851406,21.241349434991683,first-year post,near field (<=25 km)
10904,-8.2,116.71,10,3.698204684,2019-03-15 22:20:43,468.05787231023277,9093.580201905059,31.58827372691808,first-year post,intermediate (25-75 km)
10905,-8.46,116.56,18,5.354493037,2019-03-17 07:07:26,451.56780256966744,9064.820501831926,13.326208069580565,first-year post,near field (<=25 km)
10906,-8.44,116.49,10,5.023961789,2019-03-17 07:09:20,443.859605428735,9067.022268453764,7.860988579684926,first-year post,near field (<=25 km)
10907,-8.31,116.59,10,4.71272624,2019-03-17 07:11:39,454.8527490748224,9081.407562705619,13.819266551586438,first-year post,near field (<=25 km)
10908,-8.46,116.51,10,3.878148457,2019-03-17 07:17:26,446.06402112768853,9064.81393025223,10.537575076227412,first-year post,near field (<=25 km)
10909,-8.44,116.53,10,3.506457734,2019-03-17 07:27:26,448.26287282633723,9067.027795681859,9.530764866368084,first-year post,near field (<=25 km)
10910,-8.44,116.55,10,3.588820826,2019-03-17 07:31:24,450.464497285908,9067.030390076347,10.948781500717212,first-year post,near field (<=25 km)
10911,-8.48,116.51,12,3.377936231,2019-03-17 07:37:53,446.0668064939607,9062.602769790126,12.668747827007321,first-year post,near field (<=25 km)
10913,-8.44,116.52,10,3.308786077,2019-03-17 07:49:26,447.16205833520706,9067.026456180027,8.941216493790359,first-year post,near field (<=25 km)
10914,-8.33,116.52,14,3.309514233,2019-03-17 07:55:07,447.1472010837775,9079.187769284832,6.2568842058988885,first-year post,near field (<=25 km)
10916,-8.55,116.47,12,3.467365477,2019-03-17 08:43:48,441.67458079905697,9054.857864840564,20.04528294332582,first-year post,near field (<=25 km)
10917,-8.43,116.53,10,3.265357612,2019-03-17 08:49:07,448.26154247612925,9068.133370840129,8.646540039698719,first-year post,near field (<=25 km)
10919,-8.43,116.53,10,3.26298453,2019-03-17 09:02:36,448.26154247612925,9068.133370840129,8.646540039698719,first-year post,near field (<=25 km)
10920,-8.44,116.52,10,3.212508505,2019-03-17 09:07:40,447.16205833520706,9067.026456180027,8.941216493790359,first-year post,near field (<=25 km)
10921,-8.42,116.53,10,3.527844683,2019-03-17 09:11:54,448.2602136923804,9069.238945440135,7.8206580353634925,first-year post,near field (<=25 km)
10922,-8.44,116.51,10,3.54835484,2019-03-17 09:36:59,446.0612422934357,9067.025088474871,8.454303871659702,first-year post,near field (<=25 km)
10923,-8.46,116.51,10,3.273200038,2019-03-17 09:52:36,446.06402112768853,9064.81393025223,10.537575076227412,first-year post,near field (<=25 km)
10924,-8.49,116.51,10,3.415438322,2019-03-17 10:15:02,446.0682016265042,9061.497188717669,13.74535580458153,first-year post,near field (<=25 km)
10925,-8.49,116.52,10,3.054157126,2019-03-17 10:34:08,447.1688756245243,9061.498564288611,14.05004657377806,first-year post,near field (<=25 km)
10926,-8.45,116.52,10,3.367797244,2019-03-17 11:30:30,447.1634185937214,9065.920878921806,9.924279306730718,first-year post,near field (<=25 km)
10927,-8.51,116.51,11,3.658264642,2019-03-17 11:33:49,446.0709967902059,9059.286024886733,15.913160023651388,first-year post,near field (<=25 km)
10928,-8.54,116.49,10,3.455980876,2019-03-17 11:56:08,443.8741347647195,9055.966422466774,18.93510783692346,first-year post,near field (<=25 km)
10929,-8.5,116.49,10,3.162415594,2019-03-17 12:03:04,443.8683026359978,9060.388767601533,14.497127096251983,first-year post,near field (<=25 km)
10930,-8.45,116.53,10,2.973622656,2019-03-17 12:17:30,448.26420474296623,9065.922219964681,10.458545068304039,first-year post,near field (<=25 km)
10931,-8.45,116.52,10,3.084905355,2019-03-17 12:22:28,447.1634185937214,9065.920878921806,9.924279306730718,first-year post,near field (<=25 km)
10932,-8.48,116.55,10,3.322337262,2019-03-17 12:26:25,450.4696072179067,9062.608095784857,14.453121670448086,first-year post,near field (<=25 km)
10933,-8.55,116.48,10,3.364132371,2019-03-17 12:40:44,442.7750897609108,9054.859364087253,20.015086796020743,first-year post,near field (<=25 km)
10934,-8.48,116.53,10,3.071617192,2019-03-17 13:15:04,448.2682098909965,9062.60548945327,13.411017610017888,first-year post,near field (<=25 km)
10935,-8.49,116.5,10,3.178516211,2019-03-17 13:21:32,444.9675260465793,9061.495784780998,13.523517244732657,first-year post,near field (<=25 km)
10936,-8.29,116.26,11,3.438314562,2019-03-17 14:49:51,418.50908031853965,9083.56609377139,25.787670001318862,first-year post,intermediate (25-75 km)
10937,-8.53,116.48,10,3.341527075,2019-03-17 15:51:30,442.77210958031714,9057.070542248359,17.791188263129353,first-year post,near field (<=25 km)
10938,-8.57,116.47,10,3.250551289,2019-03-17 16:56:56,441.6776253625435,9052.646681016566,22.26616433504583,first-year post,near field (<=25 km)
10939,-8.44,116.52,10,3.149382469,2019-03-17 17:00:49,447.16205833520706,9067.026456180027,8.941216493790359,first-year post,near field (<=25 km)
10940,-8.44,116.54,10,2.992542519,2019-03-17 17:11:51,449.3636857991349,9067.029106980566,10.20517680369942,first-year post,near field (<=25 km)
10944,-8.41,116.56,15,3.789499989,2019-03-17 18:03:28,451.5615754412035,9070.3483554819,9.860516796125816,first-year post,near field (<=25 km)
10945,-8.34,116.57,10,4.106252602,2019-03-17 18:08:48,452.65400924621076,9078.088539767097,10.448168849582476,first-year post,near field (<=25 km)
10946,-8.39,116.55,10,3.300081455,2019-03-17 18:15:44,450.4581436157419,9072.558245363041,8.015238915208455,first-year post,near field (<=25 km)
10947,-8.51,116.57,10,3.189220989,2019-03-17 18:22:36,452.6746758809877,9059.293870731584,18.448140304586186,first-year post,near field (<=25 km)
10951,-8.39,116.52,10,3.511404927,2019-03-17 19:24:35,447.155281039704,9072.55433410282,4.930359497936057,first-year post,near field (<=25 km)
10954,-8.52,116.49,10,3.155775939,2019-03-17 23:39:58,443.8712153015266,9058.177596160906,16.71546519798232,first-year post,near field (<=25 km)
10956,-8.36,116.55,10,4.272514881,2019-03-18 00:32:06,450.4543494126366,9075.874951857877,7.780702515487229,first-year post,near field (<=25 km)
10958,-8.34,116.55,10,4.063506963,2019-03-18 00:46:28,450.4518274440859,9078.08608674968,8.392486034285591,first-year post,near field (<=25 km)
10961,-8.45,116.52,10,3.223674165,2019-03-18 02:23:10,447.1634185937214,9065.920878921806,9.924279306730718,first-year post,near field (<=25 km)
10962,-8.47,116.52,10,3.136122616,2019-03-18 02:35:50,447.166143909852,9063.709722726557,11.958337691483182,first-year post,near field (<=25 km)
10964,-8.57,116.46,12,3.335815115,2019-03-18 04:03:04,440.5771721438916,9052.645149741533,22.34750302386395,first-year post,near field (<=25 km)
10965,-8.45,116.54,10,3.219374156,2019-03-18 04:16:04,449.3649893740784,9065.923532771985,11.076595854156333,first-year post,near field (<=25 km)
10966,-8.27,116.02,10,3.212553835,2019-03-18 05:02:23,392.071962758913,9085.72026010504,51.81842530653992,first-year post,intermediate (25-75 km)
10969,-8.44,116.51,10,3.421764384,2019-03-18 07:41:49,446.0612422934357,9067.025088474871,8.454303871659702,first-year post,near field (<=25 km)
10970,-8.38,116.2,10,3.247471362,2019-03-18 08:45:00,411.9214516137902,9073.6025501369,30.822622708729025,first-year post,intermediate (25-75 km)
10972,-8.26,116.54,11,3.878340479,2019-03-18 14:17:03,449.34048364447693,9086.929347758576,13.899236836696142,first-year post,near field (<=25 km)
10973,-8.45,116.5,10,3.42394038,2019-03-18 14:56:25,444.9618416116168,9065.91811212854,9.16359788280785,first-year post,near field (<=25 km)
10974,-8.46,116.5,10,3.618875132,2019-03-18 16:00:10,444.9632602208951,9064.81253113184,10.246498471161628,first-year post,near field (<=25 km)
10975,-8.42,116.52,10,3.291562609,2019-03-18 17:02:45,447.1593426174752,9069.237609020876,7.0902752765787564,first-year post,near field (<=25 km)
10976,-8.39,116.55,10,3.350519133,2019-03-18 17:12:10,450.4581436157419,9072.558245363041,8.015238915208455,first-year post,near field (<=25 km)
10977,-8.19,116.27,10,3.829690548,2019-03-18 18:57:39,419.590176935923,9094.624281955965,30.57059100400923,first-year post,intermediate (25-75 km)
10979,-8.36,116.57,10,3.711208088,2019-03-19 06:13:30,452.65641911665034,9075.877410590912,9.963320543793103,first-year post,near field (<=25 km)
10982,-8.44,116.88,10,3.24531692,2019-03-19 11:26:08,486.790654136317,9067.056911434745,44.68341371601377,first-year post,intermediate (25-75 km)
10984,-8.74,116.39,10,3.436436016,2019-03-19 11:38:08,432.904062944505,9033.838223862924,42.31558316341306,first-year post,intermediate (25-75 km)
10985,-8.67,116.42,12,3.468811732,2019-03-19 11:59:10,436.1921166355772,9041.58269531797,34.00474159793033,first-year post,intermediate (25-75 km)
10986,-8.45,116.18,22,3.228864043,2019-03-19 12:27:47,409.73555556393495,9065.85848161274,34.17771295644262,first-year post,intermediate (25-75 km)
10987,-8.52,116.49,10,3.244126654,2019-03-19 15:05:11,443.8712153015266,9058.177596160906,16.71546519798232,first-year post,near field (<=25 km)
10992,-8.52,116.51,14,3.650320889,2019-03-20 01:35:52,446.0723968212839,9058.180442126966,17.002496375293966,first-year post,near field (<=25 km)
10993,-8.63,116.46,12,3.316700467,2019-03-20 02:51:18,440.58652137175494,9046.011574262442,28.994225894113818,first-year post,intermediate (25-75 km)
10995,-8.6,116.41,16,3.289867139,2019-03-20 03:24:53,435.0799779585051,9049.320251330131,26.708390522099624,first-year post,intermediate (25-75 km)
10996,-8.29,116.73,10,4.083424722,2019-03-21 01:31:12,470.267518030476,9083.631871935557,28.90815803673958,first-year post,intermediate (25-75 km)
10997,-8.3,116.02,10,3.310072467,2019-03-21 08:23:29,392.08013903300673,9082.403199041593,51.20444563898707,first-year post,intermediate (25-75 km)
10998,-8.11,116.38,24,3.518124153,2019-03-21 09:15:25,431.69365424934614,9103.489307475944,30.93429592701097,first-year post,intermediate (25-75 km)
11002,-8.22,116.21,12,3.669387755,2019-03-21 11:03:14,412.98728849133965,9091.294907827973,34.07042830697768,first-year post,intermediate (25-75 km)
11009,-8.82,116.63,27,3.409074242,2019-03-22 08:03:07,459.31164946917704,9025.027880280366,52.68543538394002,first-year post,intermediate (25-75 km)
11015,-8.63,116.07,12,3.277661594,2019-03-22 23:58:37,397.6739233116546,9045.928966300771,53.56169684976512,first-year post,intermediate (25-75 km)
11018,-8.27,115.82,21,4.065583498,2019-03-23 22:06:15,370.0430816803868,9085.66052622626,73.46265595102872,first-year post,intermediate (25-75 km)
11023,-8.41,116.96,10,3.519685734,2019-03-25 07:19:33,495.59654822334085,9070.375333198685,52.98934515687012,first-year post,intermediate (25-75 km)
11024,-8.38,116.71,10,3.405885588,2019-03-25 07:29:37,468.07239487808323,9073.680393550805,25.326523772380348,first-year post,intermediate (25-75 km)
11025,-8.6,116.1,10,3.48874509,2019-03-25 12:36:31,400.9672243441183,9049.253919600616,48.99597650256853,first-year post,intermediate (25-75 km)
11027,-8.51,116.05,12,3.457205764,2019-03-25 15:35:04,395.44038418091293,9059.191866297875,49.79207470974463,first-year post,intermediate (25-75 km)
11028,-8.24,116.48,14,3.589494283,2019-03-25 17:03:00,442.7296759814171,9089.132374736682,14.455340463792444,first-year post,near field (<=25 km)
11030,-8.3,116.23,10,3.332177501,2019-03-25 18:39:01,415.20734998294967,9082.454188396003,28.585237884366563,first-year post,intermediate (25-75 km)
11038,-8.26,116.07,10,3.504195889,2019-03-27 12:55:57,397.57639445430794,9086.839134717346,46.739496183339405,first-year post,intermediate (25-75 km)
11039,-8.3,116.55,10,3.841020919,2019-03-27 13:03:15,450.4468015087334,9082.508349905067,10.949755060922538,first-year post,near field (<=25 km)
11040,-8.4,116.53,10,3.848974491,2019-03-27 13:10:39,448.2575608244124,9071.450092967927,6.43283391559799,first-year post,near field (<=25 km)
11042,-8.18,116.29,10,3.960606589,2019-03-27 14:16:31,421.79134560143075,9095.733833557353,29.723005163654406,first-year post,intermediate (25-75 km)
11043,-8.19,116.27,10,3.644271336,2019-03-27 15:31:16,419.590176935923,9094.624281955965,30.57059100400923,first-year post,intermediate (25-75 km)
11044,-8.19,116.71,10,3.767655652,2019-03-27 16:05:10,468.0570746865593,9094.685741594429,32.26624150442463,first-year post,intermediate (25-75 km)
11045,-8.22,116.29,13,3.784857805,2019-03-27 16:06:38,421.79916237039686,9091.311400487097,26.744310110058656,first-year post,intermediate (25-75 km)
11046,-8.85,116.76,39,3.943284782,2019-03-28 01:22:24,473.6097921913225,9021.722834158472,61.614671173838424,first-year post,intermediate (25-75 km)
11049,-8.18,116.43,10,3.840751956,2019-03-29 16:37:06,437.21332223058937,9095.758345094446,21.83167673858392,first-year post,near field (<=25 km)
11054,-8.39,117.17,10,3.783939376,2019-03-30 15:00:15,518.7156534159587,9072.582581479537,75.93789336504858,first-year post,far field (>75 km)
11061,-8.44,117.19,12,4.016194992,2019-03-31 03:10:34,520.9148198153022,9067.053851884002,78.48735155963293,first-year post,far field (>75 km)
11068,-8.33,116.58,10,3.338226401,2019-04-01 02:59:00,453.75392323389383,9079.195286836888,11.866698397908667,first-year post,near field (<=25 km)
11070,-8.29,116.02,10,3.319387877,2019-04-01 07:40:04,392.0774103403704,9083.508886599351,51.385864712101636,first-year post,intermediate (25-75 km)
11078,-8.27,116.76,16,4.204929463,2019-04-02 11:13:12,473.569813146791,9085.845071979276,32.75221855685091,first-year post,intermediate (25-75 km)
11082,-8.18,116.53,15,3.515985962,2019-04-03 08:02:53,448.2287929185901,9095.772570035188,21.83167673858392,first-year post,near field (<=25 km)
11089,-8.4,116.73,10,3.386240139,2019-04-04 04:39:28,470.2758353053082,9071.470864530398,27.70315229675813,first-year post,intermediate (25-75 km)
11097,-8.32,116.57,10,3.993585587,2019-04-06 11:19:33,452.65160510954564,9080.299666730969,11.35571000715411,first-year post,near field (<=25 km)
11106,-8.62,116.97,10,3.437524781,2019-04-08 04:25:20,496.6992112119286,9047.159007562821,60.63540827558208,first-year post,intermediate (25-75 km)
11124,-8.21,116.66,10,4.259505583,2019-04-11 06:55:20,462.55148735973575,9092.470337972438,26.62332997942533,first-year post,intermediate (25-75 km)
11126,-8.16,115.77,11,3.578243183,2019-04-11 10:46:54,364.4983158350019,9097.807367775362,81.54328757587292,first-year post,far field (>75 km)
11127,-8.73,115.97,11,3.339741403,2019-04-11 12:27:55,386.70003663691654,9034.843471839094,68.90048530240492,first-year post,intermediate (25-75 km)
11132,-8.58,116.07,10,3.248198695,2019-04-11 15:22:43,397.6604957680035,9051.457411521633,50.77952452239584,first-year post,intermediate (25-75 km)
11135,-8.12,116.42,10,3.395132166,2019-04-11 18:29:01,436.1022456724974,9102.390241888332,28.57211114486967,first-year post,intermediate (25-75 km)
11140,-8.46,116.88,19,3.999925705,2019-04-13 13:28:21,486.7913346287212,9064.845826430417,45.12286758921159,first-year post,intermediate (25-75 km)
11159,-8.17,116.73,10,3.431469396,2019-04-15 16:39:51,470.25856886186733,9096.898349358808,35.37446790681665,first-year post,intermediate (25-75 km)
11170,-8.45,116.75,10,4.653718304,2019-04-16 20:18:22,472.48117314739466,9065.944579620364,31.00337114262373,first-year post,intermediate (25-75 km)
11171,-8.77,116.38,10,3.544101007,2019-04-17 05:20:34,431.809551961564,9030.519570337327,45.81688352562324,first-year post,intermediate (25-75 km)
11185,-8.38,117.0,10,3.953761548,2019-04-18 12:41:19,500.0,9073.692169241895,57.21555547351699,first-year post,intermediate (25-75 km)
11188,-8.46,116.49,10,3.626527747,2019-04-18 14:18:00,443.8624976992689,9064.81110374282,10.067813882734097,first-year post,near field (<=25 km)
11201,-8.63,116.88,10,3.490643538,2019-04-20 04:47:30,486.79718338978506,9046.051512328242,52.639269574243656,first-year post,intermediate (25-75 km)
11205,-8.24,116.59,10,3.787173963,2019-04-21 11:44:44,454.84477862700743,9089.146466777089,18.853211905160347,first-year post,near field (<=25 km)
11213,-8.14,116.4,10,3.755120127,2019-04-22 17:26:42,433.90207300461583,9100.175874782353,27.047592900338874,first-year post,intermediate (25-75 km)
11218,-8.29,116.86,10,3.605198282,2019-04-23 13:08:04,484.5831977506997,9083.639257114226,42.74417682946807,first-year post,intermediate (25-75 km)
11220,-8.2,116.54,10,3.476584551,2019-04-23 15:50:27,449.33286001269045,9093.562721747734,20.022883407070776,first-year post,near field (<=25 km)
11225,-8.23,116.79,10,4.413122567,2019-04-24 12:54:40,476.8712760606556,9090.269082927514,37.49385837368172,first-year post,intermediate (25-75 km)
11230,-8.24,116.8,10,4.055453938,2019-04-25 04:11:58,477.9732010409465,9089.164112312485,38.06108472360964,first-year post,intermediate (25-75 km)
11237,-8.2,116.21,10,4.031630287,2019-04-26 00:03:48,412.9829343253282,9093.506164470524,35.21321369189925,first-year post,intermediate (25-75 km)
11241,-8.2,116.24,10,3.872380424,2019-04-26 09:40:45,416.2875707328857,9093.512540310554,32.47652401581638,first-year post,intermediate (25-75 km)
11242,-8.89,116.37,15,3.228604203,2019-04-26 12:11:04,430.73205838691354,9017.250227047374,59.072399813415345,first-year post,intermediate (25-75 km)
11246,-8.2,116.27,12,3.566393822,2019-04-26 19:05:45,419.5921849730972,9093.51866927383,29.85418609818374,first-year post,intermediate (25-75 km)
11249,-8.21,116.12,11,3.855361375,2019-04-26 21:19:03,403.071307074646,9092.379903104778,43.42381347652422,first-year post,intermediate (25-75 km)
11251,-8.48,116.1,17,3.345254011,2019-04-27 01:07:53,400.93627214323084,9062.522038006156,43.55097654246682,first-year post,intermediate (25-75 km)
11253,-8.37,116.76,12,3.377470689,2019-04-27 03:25:14,473.5765141500855,9074.789649420103,30.802954636595743,first-year post,intermediate (25-75 km)
11261,-8.27,116.47,10,4.216361111,2019-04-28 13:43:23,441.6326987616471,9085.81420343764,11.173793396990956,first-year post,near field (<=25 km)
11263,-8.34,116.9,10,3.958277714,2019-04-28 22:56:14,488.98939876443836,9078.112916040187,46.326467283009606,first-year post,intermediate (25-75 km)
11268,-8.36,116.06,15,3.745644445,2019-04-29 19:57:22,396.5011901741303,9075.779793360127,46.218401650714476,first-year post,intermediate (25-75 km)
11269,-8.33,116.39,10,3.427753385,2019-04-30 02:25:59,432.83243532145565,9079.168042187994,10.854573269467643,first-year post,near field (<=25 km)
11272,-8.86,116.44,27,3.427535969,2019-04-30 03:49:30,438.4237443386382,9020.579425368353,54.66269404296663,first-year post,intermediate (25-75 km)
11275,-8.21,116.27,10,3.800068307,2019-04-30 13:11:25,419.59419544480727,9092.413056053434,29.162590288574545,first-year post,intermediate (25-75 km)
11276,-8.24,116.11,11,3.742961779,2019-05-01 08:21:17,401.9771312358752,9089.06050384474,43.200866879826265,first-year post,intermediate (25-75 km)
11286,-8.29,116.44,10,3.875901155,2019-05-01 22:22:14,438.33190284466997,9083.598519628613,9.924680132816457,first-year post,near field (<=25 km)
11287,-8.52,116.39,11,3.438072065,2019-05-01 22:53:06,432.86520378914247,9058.16165848786,19.39556233968715,first-year post,near field (<=25 km)
11293,-8.29,116.14,12,3.927278893,2019-05-03 06:44:40,405.2934457784088,9083.539486520238,38.45057147418242,first-year post,intermediate (25-75 km)
11294,-8.28,116.13,12,4.28556952,2019-05-03 06:48:01,404.1897061894256,9084.642742983206,39.78726811776091,first-year post,intermediate (25-75 km)
11295,-8.29,116.12,10,3.803646061,2019-05-03 06:49:44,403.09080255677827,9083.534663818975,40.594502479604934,first-year post,intermediate (25-75 km)
11296,-8.21,116.15,14,3.72185646,2019-05-03 07:53:59,406.3759325784719,9092.387028069232,40.435223026043495,first-year post,intermediate (25-75 km)
11297,-8.54,116.05,13,3.900558557,2019-05-03 08:16:17,395.4485380662714,9055.874794219948,50.93195754130691,first-year post,intermediate (25-75 km)
11299,-8.26,116.15,11,3.696106769,2019-05-03 15:12:58,406.38768045629956,9086.85879973993,38.31346550824754,first-year post,intermediate (25-75 km)
11300,-8.46,116.08,17,4.255496502,2019-05-04 14:20:16,398.7294452866397,9064.72823833394,45.122867589213115,first-year post,intermediate (25-75 km)
11302,-8.25,116.17,10,4.207062653,2019-05-04 20:08:55,408.58817397410166,9087.969080978435,36.62561776659121,first-year post,intermediate (25-75 km)
11305,-8.22,116.31,10,3.694546727,2019-05-06 22:19:37,424.0021071883247,9091.315248702864,25.06168473511165,first-year post,intermediate (25-75 km)
11309,-8.29,116.81,10,4.032999549,2019-05-07 11:03:57,479.07718003580914,9083.636970906226,37.381068644901916,first-year post,intermediate (25-75 km)
11310,-8.25,116.84,10,3.961587576,2019-05-07 12:46:00,482.37901599887783,9088.060562934674,41.79698506213398,first-year post,intermediate (25-75 km)
11312,-8.38,116.72,10,3.471478487,2019-05-08 07:39:27,469.1733553783696,9073.681191673255,26.42559849341739,first-year post,intermediate (25-75 km)
11317,-8.9,116.07,27,3.558208189,2019-05-09 04:24:54,397.7477703663922,9016.075118253657,74.19372244500475,first-year post,intermediate (25-75 km)
11323,-8.29,116.01,10,3.12848431,2019-05-09 15:13:29,390.97605420359815,9083.506156361125,52.46981714213525,first-year post,intermediate (25-75 km)
11327,-8.31,116.03,10,3.350646809,2019-05-12 14:18:03,393.1841682102577,9081.30021979026,49.95606258715814,first-year post,intermediate (25-75 km)
11333,-8.11,116.45,10,4.155944406,2019-05-14 06:19:38,439.4059045903959,9103.500416525196,29.098569708847364,first-year post,intermediate (25-75 km)
11334,-8.19,116.46,10,4.283346202,2019-05-14 06:32:11,440.5194648688337,9094.657326956863,20.135710814208558,first-year post,near field (<=25 km)
11340,-8.76,116.78,31,3.65496648,2019-05-15 03:03:21,475.8031387576289,9031.674307912344,54.485898044709664,first-year post,intermediate (25-75 km)
11341,-8.16,116.45,10,3.957354404,2019-05-15 09:01:30,439.41341364825894,9097.972556672394,23.583130864219203,first-year post,near field (<=25 km)
11347,-8.71,116.4,10,3.915075365,2019-05-18 01:16:33,433.9987662169548,9037.156831193703,38.816243509079115,first-year post,intermediate (25-75 km)
11354,-8.4,116.71,16,3.650365081,2019-05-18 18:16:19,468.07402783170653,9071.469292655285,25.520409932821437,first-year post,intermediate (25-75 km)
11371,-8.55,116.31,14,3.319804355,2019-05-21 03:30:28,424.06618295199934,9054.82999241378,27.38974232373075,first-year post,intermediate (25-75 km)
11382,-8.32,116.16,10,3.921468946,2019-05-22 01:53:15,407.50310245681203,9080.227258224666,35.64193178991534,first-year post,intermediate (25-75 km)
11388,-8.28,116.01,10,4.026770505,2019-05-23 06:53:07,390.97330095483034,9084.61184658361,52.670382864953034,first-year post,intermediate (25-75 km)
11400,-8.57,116.0,10,3.681131372,2019-05-26 16:29:37,389.953918479635,9052.543761632614,57.28441088173002,first-year post,intermediate (25-75 km)
11405,-8.23,116.62,10,4.239740055,2019-05-27 09:20:58,458.14781758340774,9090.255283129309,21.900475491641267,first-year post,near field (<=25 km)
11419,-8.36,116.57,12,3.886584093,2019-05-30 14:57:16,452.65641911665034,9075.877410590912,9.963320543793103,first-year post,near field (<=25 km)
11422,-8.21,116.34,10,3.494787187,2019-06-01 04:34:25,427.3046878861692,9092.426412761333,23.533566136810748,first-year post,near field (<=25 km)
11433,-8.44,116.89,14,3.698580551,2019-06-03 16:44:36,487.891434320414,9067.057235717952,45.767003212313334,first-year post,intermediate (25-75 km)
11434,-8.34,116.05,30,3.633171011,2019-06-03 22:49:14,395.3947171355031,9077.988514790573,47.42382528370551,first-year post,intermediate (25-75 km)
11439,-8.24,116.1,13,4.068821237,2019-06-05 10:27:42,400.87566371798306,9089.058037722561,44.23926363418091,first-year post,intermediate (25-75 km)
11443,-8.53,116.48,10,3.451622129,2019-06-06 06:19:11,442.77210958031714,9057.070542248359,17.791188263129353,first-year post,near field (<=25 km)
11444,-8.36,116.62,10,3.69443807,2019-06-06 14:03:50,458.16156960789897,9075.883068429759,15.441762566211773,first-year post,near field (<=25 km)
11448,-8.5,115.76,21,4.229049294,2019-06-07 22:51:01,363.5144089722297,9060.20736625697,80.50275586694444,first-year post,far field (>75 km)
11455,-8.31,116.68,10,3.560038165,2019-06-11 09:07:56,464.7632346142347,9081.416687562029,22.993016484453445,first-year post,near field (<=25 km)
11456,-8.31,116.65,15,3.617417606,2019-06-11 09:26:17,461.45974991879075,9081.413895955231,19.857552406332793,first-year post,near field (<=25 km)
11457,-8.46,116.41,15,3.748724656,2019-06-11 16:08:30,435.05633551615426,9064.798666933388,12.62689783397374,first-year post,near field (<=25 km)
11458,-8.23,116.42,10,4.034067496,2019-06-11 19:51:26,436.1197519465694,9090.22886579842,16.909300568889055,first-year post,near field (<=25 km)
11462,-8.31,116.12,49,3.822057163,2019-06-12 20:51:14,403.0957057719363,9081.323348610735,40.164828521341995,first-year post,intermediate (25-75 km)
11467,-8.22,116.27,10,4.358296141,2019-06-15 17:40:06,419.59620835099565,9091.307442294139,28.497609875167893,first-year post,intermediate (25-75 km)
11469,-8.33,116.23,15,3.684804555,2019-06-16 10:44:15,415.2137967131524,9079.137301604422,27.861363539517573,first-year post,intermediate (25-75 km)
11476,-8.36,116.57,10,4.283865195,2019-06-17 14:57:50,452.65641911665034,9075.877410590912,9.963320543793103,first-year post,near field (<=25 km)
11477,-8.35,116.75,11,4.671638475,2019-06-18 08:42:24,472.4741262604318,9077.000054653448,29.786746193847023,first-year post,intermediate (25-75 km)
11480,-8.71,115.94,10,3.597418007,2019-06-18 13:50:17,383.39347778631105,9037.045809342982,70.39338295118735,first-year post,intermediate (25-75 km)
11481,-8.26,116.25,14,4.544719172,2019-06-18 17:14:34,417.40154216019147,9086.880894433916,28.10695733364042,first-year post,intermediate (25-75 km)
11486,-8.46,116.59,10,4.524762149,2019-06-20 20:36:22,454.87005412405,9064.824105568976,15.702071746734836,first-year post,near field (<=25 km)
11488,-8.31,116.55,15,3.941244634,2019-06-21 12:41:59,450.44805574226274,9081.402784943135,10.189308890820168,first-year post,near field (<=25 km)
11538,-8.53,117.05,16,3.17858075,2019-07-09 05:08:06,505.50260973856405,9057.108706299787,65.16858411071614,first-year post,intermediate (25-75 km)
11568,-8.45,116.46,11,3.73683149,2019-07-12 18:57:28,440.5586680084168,9065.912239706031,9.163597882808224,first-year post,near field (<=25 km)
11601,-8.31,115.86,14,3.672966687,2019-07-16 04:32:28,374.461662137597,9081.250388837647,68.53727653014835,first-year post,intermediate (25-75 km)
11607,-8.37,116.6,10,3.483929283,2019-07-16 09:49:57,455.96063618738845,9074.775327744024,13.201266500049712,first-year post,near field (<=25 km)
11630,-8.34,116.71,10,3.361844366,2019-07-25 16:21:11,468.0691405705186,9078.102588658598,25.522342466783417,first-year post,intermediate (25-75 km)
11631,-8.14,116.71,10,3.827033015,2019-07-25 16:59:21,468.0531010746084,9100.21343187813,35.98137851460146,first-year post,intermediate (25-75 km)
11635,-8.15,116.2,22,4.000848304,2019-07-26 12:30:35,411.8704072217897,9099.032129485578,39.34191242668827,first-year post,intermediate (25-75 km)
11664,-8.84,116.88,13,3.512518263,2019-08-06 04:58:08,486.80456781692504,9022.834777013102,68.30276215840888,later,intermediate (25-75 km)
11667,-8.66,116.19,19,3.869213949,2019-08-07 01:28:34,410.88524539796987,9042.642081649157,45.35280811324153,later,intermediate (25-75 km)
11669,-8.79,116.17,14,3.745007361,2019-08-07 09:53:24,408.71632257204953,9028.263664165803,57.817146892580496,later,intermediate (25-75 km)
11673,-8.63,116.96,10,3.382893044,2019-08-08 04:43:29,495.5990638795094,9046.053356443379,60.185723336530174,later,intermediate (25-75 km)
11731,-8.21,116.62,11,3.860236011,2019-08-19 18:45:23,458.14572089194985,9092.466384847685,23.533566136810748,later,near field (<=25 km)
11732,-8.35,116.16,16,3.88287877,2019-08-20 00:27:32,407.5101522558866,9076.910313248069,35.27445306981921,later,intermediate (25-75 km)
11736,-7.96,117.14,28,4.845874765,2019-08-22 08:58:45,515.4294011474788,9120.121595967714,85.7652118883827,later,far field (>75 km)
11740,-7.91,117.16,10,3.939355214,2019-08-23 04:38:29,517.6357374394235,9125.648377794074,90.65809934658685,later,far field (>75 km)
11747,-8.19,116.01,11,3.434492445,2019-08-26 15:14:35,390.94867028626174,9094.56303454791,55.45478586506025,later,intermediate (25-75 km)
11761,-8.58,117.05,10,3.8685188,2019-08-29 16:54:35,505.50189214760195,9051.580973685795,66.89672539427838,later,intermediate (25-75 km)
11766,-8.4,116.78,10,3.506938653,2019-08-31 15:08:53,475.7803392833619,9071.474302991843,33.17005891357597,later,intermediate (25-75 km)
11788,-8.41,115.78,28,3.371916,2019-09-08 08:00:50,365.6849501351729,9070.166390647202,77.13176437136899,later,far field (>75 km)
11796,-8.32,116.76,10,3.933273936,2019-09-08 21:05:22,473.57315364749036,9080.31736762388,31.302625751653597,later,intermediate (25-75 km)
11797,-8.13,116.41,10,3.272631401,2019-09-08 21:58:03,435.0021320173997,9101.283074123301,27.77628365671511,later,intermediate (25-75 km)
11810,-8.37,116.68,10,3.527800772,2019-09-11 20:04:54,464.76860827846724,9074.783383731996,22.00211068193572,later,near field (<=25 km)
11815,-8.67,116.9,10,3.499313858,2019-09-13 05:15:22,488.99881599443086,9041.629933517706,56.97344387459355,later,intermediate (25-75 km)
11816,-8.31,116.78,10,3.291912185,2019-09-13 10:18:59,475.7747878670898,9081.424187331591,33.67325175982731,later,intermediate (25-75 km)
11818,-8.53,116.03,10,3.858536104,2019-09-14 02:30:50,393.2444759164079,9056.975014067646,52.5949906207893,later,intermediate (25-75 km)
11819,-8.53,116.03,10,3.646462328,2019-09-14 04:39:07,393.2444759164079,9056.975014067646,52.5949906207893,later,intermediate (25-75 km)
11826,-8.28,116.16,10,3.589767035,2019-09-15 12:39:30,407.4937419347758,9084.649843927664,36.6021042923211,later,intermediate (25-75 km)
11827,-8.37,116.81,10,3.682927438,2019-09-15 16:54:15,479.08142904895436,9074.792656366004,36.303481952484574,later,intermediate (25-75 km)
11829,-8.29,116.15,10,3.524186958,2019-09-16 03:51:20,406.3947631970194,9083.541856280453,37.381068644901916,later,intermediate (25-75 km)
11832,-8.57,116.04,10,3.386506481,2019-09-17 03:32:42,394.3561663091569,9052.554983334852,53.257571510943876,later,intermediate (25-75 km)
11844,-8.33,116.73,10,4.513120814,2019-09-20 21:22:19,470.27052989341763,9079.20969519419,27.861363539517573,later,intermediate (25-75 km)
11845,-8.29,116.73,10,3.929840801,2019-09-20 21:33:45,470.267518030476,9083.631871935557,28.90815803673958,later,intermediate (25-75 km)
11875,-8.79,116.45,10,3.810842562,2019-09-27 06:34:13,439.5119550493538,9028.320340272849,46.81820941913594,later,intermediate (25-75 km)
11877,-8.53,116.05,10,3.806780199,2019-09-28 02:32:23,395.4458169384774,9056.980485465298,50.530389704887426,later,intermediate (25-75 km)
11880,-8.38,116.68,10,3.372613336,2019-09-29 04:56:32,464.7695076226001,9073.677831149986,22.029908521925442,later,near field (<=25 km)
11888,-8.3,116.11,14,3.419741874,2019-09-29 23:23:45,401.99195468293533,9082.42655066728,41.44502263803648,later,intermediate (25-75 km)
11896,-8.34,116.58,12,3.957372802,2019-10-01 14:41:57,453.75509804471903,9078.08972445914,11.496104273418322,later,near field (<=25 km)
11910,-8.37,116.69,10,3.386350338,2019-10-02 12:10:09,465.86959979427326,9074.784264848633,23.10221619055755,later,near field (<=25 km)
11911,-8.39,117.22,10,3.870591257,2019-10-02 16:51:24,524.2202804739463,9072.579847924706,81.43607754610369,later,far field (>75 km)
11912,-8.42,117.2,11,3.318817167,2019-10-02 17:01:38,522.0167355001688,9069.264393069972,79.39739083916832,later,far field (>75 km)
11921,-8.04,117.25,18,3.663730977,2019-10-05 12:37:43,527.5471894047896,9111.271676930033,92.34684306404247,later,far field (>75 km)
11928,-8.9,116.87,10,3.125244708,2019-10-08 04:28:29,485.7072674476657,9016.201005585539,72.87894343770868,later,intermediate (25-75 km)
11932,-8.48,116.07,12,4.146138076,2019-10-08 22:04:33,397.63387310915954,9062.514260288353,46.727199470856924,later,intermediate (25-75 km)
11933,-8.86,116.88,10,3.602977995,2019-10-09 04:09:42,486.8052802861068,9020.6236459275,70.0182753149846,later,intermediate (25-75 km)
11943,-8.32,116.32,10,3.720144971,2019-10-10 22:05:27,425.12245096685075,9080.261078775182,18.459954566917382,later,near field (<=25 km)
11945,-8.89,116.47,29,3.341272529,2019-10-11 00:54:39,441.72729876084617,9017.267428320156,57.83181191793707,later,intermediate (25-75 km)
11946,-8.55,116.07,10,3.389199023,2019-10-11 13:50:06,397.6524764282172,9054.77447196851,49.33616125956195,later,intermediate (25-75 km)
11969,-8.25,116.76,11,3.587340568,2019-10-16 23:58:01,473.5684825475789,9088.056149862019,33.57319017446712,later,intermediate (25-75 km)
11988,-8.33,117.14,10,4.022710459,2019-10-22 00:00:10,515.4152405634367,9079.217115004496,72.74677884971517,later,intermediate (25-75 km)
12001,-8.47,116.92,10,3.998256394,2019-10-27 10:19:23,491.1944537608403,9063.741414916314,49.659323223284126,later,intermediate (25-75 km)
12009,-8.4,116.73,10,3.951045557,2019-10-30 00:59:23,470.2758353053082,9071.470864530398,27.70315229675813,later,intermediate (25-75 km)
12014,-8.64,116.93,10,3.450385374,2019-10-31 04:21:25,492.29856333977125,9044.947329515966,57.88230252011431,later,intermediate (25-75 km)
12019,-8.66,116.04,10,3.854541914,2019-11-01 05:11:18,394.38114469173377,9042.603694255178,58.147081366884215,later,intermediate (25-75 km)
12026,-8.33,116.08,14,3.918156714,2019-11-03 21:06:59,398.69574630159036,9079.102006311126,44.23067778463192,later,intermediate (25-75 km)
12031,-8.4,116.7,10,3.429933778,2019-11-04 15:26:12,466.97312270511,9071.46846461216,24.43020828977889,later,near field (<=25 km)
12032,-8.29,116.72,10,4.260978316,2019-11-04 16:49:41,469.16630668707097,9083.631109857099,27.86338246547354,later,intermediate (25-75 km)
12037,-8.33,115.99,10,3.457249707,2019-11-05 08:58:22,388.78460155415183,9079.077820431792,54.09110895676468,later,intermediate (25-75 km)
12055,-8.35,116.04,14,3.804587791,2019-11-07 18:58:08,394.29619901786265,9076.880168280573,48.45694256863811,later,intermediate (25-75 km)
12060,-8.32,116.77,10,3.209471858,2019-11-08 15:32:00,474.6742780746573,9080.318021141724,32.385898918830605,later,intermediate (25-75 km)
12065,-8.73,116.6,16,3.202627516,2019-11-08 23:44:16,456.00194700271356,9034.97474325107,42.148841419447756,later,intermediate (25-75 km)
12067,-8.4,116.8,10,3.579246694,2019-11-09 08:09:08,477.98213567096,9071.475481888054,35.35972302364385,later,intermediate (25-75 km)
12075,-8.59,116.65,10,3.67325053,2019-11-10 11:06:31,461.48753741769036,9050.458214359027,30.789453997581294,later,intermediate (25-75 km)
12083,-8.4,116.78,10,3.153657387,2019-11-12 20:42:31,475.7803392833619,9071.474302991843,33.17005891357597,later,intermediate (25-75 km)
12085,-8.32,116.04,10,3.236444934,2019-11-12 21:04:23,394.2881416688013,9080.197218508387,48.72597192711806,later,intermediate (25-75 km)
12087,-8.38,116.28,10,3.48924211,2019-11-13 02:01:22,420.72977823147806,9073.61957887179,22.029908521925442,later,near field (<=25 km)
12119,-8.43,116.53,10,3.517796978,2019-11-15 00:19:25,448.26154247612925,9068.133370840129,8.646540039698719,later,near field (<=25 km)
12126,-8.42,116.01,10,4.48584278,2019-11-15 11:40:32,391.0121468245748,9069.132134419393,51.99970654556057,later,intermediate (25-75 km)
12148,-8.3,116.76,10,3.662835059,2019-11-17 07:06:43,473.57181504684866,9082.528451023312,31.77384500349169,later,intermediate (25-75 km)
12156,-8.24,116.05,10,3.28951425,2019-11-18 02:41:37,395.3682817490456,9089.045293618836,49.471397717777265,later,intermediate (25-75 km)
12159,-8.21,116.78,10,3.517928551,2019-11-18 12:03:26,475.7686893021239,9092.479561819242,37.49906681017885,later,intermediate (25-75 km)
12161,-8.2,116.46,13,3.745954798,2019-11-19 05:15:25,440.5209501763642,9093.551753520689,19.030807560674816,later,near field (<=25 km)
12175,-8.35,116.19,11,3.360221845,2019-11-20 16:23:07,410.8135772458157,9076.917221240152,31.98129455071232,later,intermediate (25-75 km)
12179,-8.25,116.72,12,3.586258611,2019-11-22 02:17:27,469.16319820524484,9088.053281345821,29.586375475440725,later,intermediate (25-75 km)
12186,-8.88,116.16,10,3.436821908,2019-11-22 15:32:42,407.63885294072946,9018.310127676983,66.73514395858221,later,intermediate (25-75 km)
12189,-8.03,117.12,10,3.599630586,2019-11-23 02:50:37,513.2229433201803,9112.383665661673,79.9418187965411,later,far field (>75 km)
12202,-8.32,116.69,10,3.404724,2019-11-24 21:31:31,465.8652591032433,9080.312014310452,23.76323975981272,later,near field (<=25 km)
12204,-8.38,116.34,18,3.472534909,2019-11-24 23:37:20,427.3359245151878,9073.631173799207,15.441368091930046,later,near field (<=25 km)
12205,-8.43,116.32,18,3.565341836,2019-11-24 23:40:22,425.14347502768663,9068.099357485225,18.822409916155493,later,near field (<=25 km)
12206,-8.44,116.36,12,3.348003849,2019-11-25 00:02:46,429.5487936194867,9067.001188348895,15.324070973457161,later,near field (<=25 km)
12207,-8.51,116.31,21,3.413102248,2019-11-25 00:10:28,424.05828280139394,9059.252479835583,24.330457773804653,later,near field (<=25 km)
12208,-8.51,116.3,15,3.510772229,2019-11-25 00:37:57,422.9576258640615,9059.250504027174,25.185590899293725,later,intermediate (25-75 km)
12210,-8.36,116.56,10,4.109641663,2019-11-26 06:15:26,451.5553849760929,9075.876195195824,8.870923328128702,later,near field (<=25 km)
12230,-8.27,116.75,10,3.810887345,2019-11-30 20:55:21,472.4685487513132,9085.84439463169,31.719521256479847,later,intermediate (25-75 km)
12233,-8.21,116.31,11,3.896013138,2019-12-01 17:28:12,424.00020460544835,9092.420853225673,25.815233478246284,later,intermediate (25-75 km)
12235,-8.28,116.31,10,4.102581823,2019-12-01 19:19:03,424.0135710045923,9084.68161019348,21.212934147485992,later,near field (<=25 km)
12245,-8.22,116.29,10,3.851927574,2019-12-02 22:55:13,421.79916237039686,9091.311400487097,26.744310110058656,later,intermediate (25-75 km)
12246,-8.31,116.26,10,3.807599558,2019-12-02 23:05:50,418.5132032425155,9081.354852263114,25.106850345148597,later,intermediate (25-75 km)
12247,-8.29,116.09,13,3.238376022,2019-12-02 23:17:03,399.7868162775468,9083.527221809532,43.82090371001963,later,intermediate (25-75 km)
12254,-8.56,115.97,10,3.366834343,2019-12-04 16:57:25,386.64923816254685,9053.640763197376,59.93845011290861,later,intermediate (25-75 km)
12269,-7.9,117.24,10,3.436712714,2019-12-07 20:30:07,526.4542846684634,9126.749661691007,98.6400308523856,later,far field (>75 km)
12272,-8.48,116.94,10,3.92933626,2019-12-08 08:30:07,493.39601184727474,9062.636268896906,52.05509310838057,later,intermediate (25-75 km)
12273,-8.3,116.75,10,3.460890156,2019-12-08 12:52:38,472.4706340664328,9082.52777128727,30.708346228309047,later,intermediate (25-75 km)
12274,-8.49,116.9,10,4.128872306,2019-12-08 12:58:07,488.99363433946263,9061.52981862982,48.08569978617041,later,intermediate (25-75 km)
12275,-8.65,116.81,29,3.457911956,2019-12-08 14:08:01,479.0966197332495,9043.837272303015,47.81575800874379,later,intermediate (25-75 km)
12282,-8.46,116.91,10,4.323639568,2019-12-08 20:52:07,490.0935040233994,9064.846716727672,48.34615858641441,later,intermediate (25-75 km)
12283,-8.47,116.91,10,3.769437756,2019-12-08 21:19:23,490.09375965753713,9063.741174401921,48.58791359003379,later,intermediate (25-75 km)
12284,-8.46,116.92,10,3.544758034,2019-12-08 23:27:18,491.1942265305923,9064.846956966374,49.42283692942997,later,intermediate (25-75 km)
12286,-8.8,116.81,33,3.388946194,2019-12-09 04:15:49,479.10496172486285,9027.25384609997,60.021862664608406,later,intermediate (25-75 km)
12288,-8.53,116.84,10,3.943358645,2019-12-09 06:18:56,482.3916289614385,9057.105415659249,43.408970316738454,later,intermediate (25-75 km)
12290,-8.53,116.92,12,3.584133575,2019-12-09 14:54:26,491.19582274052686,9057.108150738433,51.56129294361311,later,intermediate (25-75 km)
12292,-8.5,116.91,10,3.97701383,2019-12-10 04:04:50,490.0945283594162,9060.424544035144,49.456295244744766,later,intermediate (25-75 km)
12293,-8.48,116.92,10,3.610920899,2019-12-10 05:24:43,491.19468125768003,9062.635872301738,49.919462843632694,later,intermediate (25-75 km)
12295,-8.41,116.23,10,3.399218778,2019-12-11 10:02:38,415.23110094482973,9070.292246109548,27.858574762593026,later,intermediate (25-75 km)
12302,-8.07,117.06,18,3.762747929,2019-12-13 14:27:07,506.61081967029975,9107.963041444584,72.0215779903903,later,intermediate (25-75 km)
12305,-8.49,116.9,10,4.017072315,2019-12-14 10:25:10,488.99363433946263,9061.52981862982,48.08569978617041,later,intermediate (25-75 km)
12306,-8.47,116.92,10,3.901992169,2019-12-14 10:29:33,491.1944537608403,9063.741414916314,49.659323223284126,later,intermediate (25-75 km)
12307,-8.43,116.91,10,4.234655693,2019-12-14 10:52:36,490.0927389205546,9068.163340324472,47.769080591387684,later,intermediate (25-75 km)
12308,-8.47,116.92,10,3.511175273,2019-12-14 12:10:24,491.1944537608403,9063.741414916314,49.659323223284126,later,intermediate (25-75 km)
12317,-8.58,116.06,10,3.531866576,2019-12-16 13:34:47,396.55997651760117,9051.454731944868,51.75862002047736,later,intermediate (25-75 km)
12319,-8.45,116.13,15,3.788576416,2019-12-17 10:58:03,404.2312302414301,9065.846551929566,39.51405355047858,later,intermediate (25-75 km)
12320,-8.25,116.68,10,3.380691261,2019-12-17 15:36:26,464.7578993549713,9088.049971500866,25.734945697617672,later,intermediate (25-75 km)
12326,-8.05,116.88,10,3.598405202,2019-12-20 11:18:26,486.77770436363596,9110.172625740555,56.604310442297695,later,intermediate (25-75 km)
12330,-8.43,116.04,14,3.356102621,2019-12-20 20:38:33,394.31782610840077,9068.034677145031,48.85856097136136,later,intermediate (25-75 km)
12338,-8.47,116.06,14,3.426387555,2019-12-22 13:28:44,396.53039379313753,9063.61729589502,47.51780876697801,later,intermediate (25-75 km)
12339,-8.35,116.82,10,3.249900855,2019-12-22 17:25:21,480.1814001119365,9077.004254604693,37.47060008608512,later,intermediate (25-75 km)
12344,-8.74,116.87,13,3.355982436,2019-12-23 04:12:20,485.70111348800395,9033.890032618645,59.42779436926278,later,intermediate (25-75 km)
12348,-8.45,116.05,13,3.409904115,2019-12-23 10:09:31,395.42416189801713,9065.825995575957,48.12888498596138,later,intermediate (25-75 km)
12349,-8.48,116.04,11,3.471523123,2019-12-23 10:17:12,394.33144704599806,9062.506227451262,49.919462843632694,later,intermediate (25-75 km)
12350,-8.45,116.05,12,3.334463035,2019-12-23 10:23:26,395.42416189801713,9065.825995575957,48.12888498596138,later,intermediate (25-75 km)
12353,-8.36,116.07,10,3.077435305,2019-12-23 15:41:24,397.60233508330515,9075.782406209164,45.11860833036598,later,intermediate (25-75 km)
12354,-8.2,116.5,10,3.952532356,2019-12-23 19:21:45,444.92691805687906,9093.557457026196,19.030807560674635,later,near field (<=25 km)
12356,-8.32,116.27,10,4.190249127,2019-12-23 23:14:15,419.61647129643353,9080.25127492137,23.76323975981424,later,near field (<=25 km)
12357,-8.33,116.73,10,3.315211122,2019-12-24 02:36:09,470.27052989341763,9079.20969519419,27.861363539517573,later,intermediate (25-75 km)
12383,-8.28,116.45,10,3.614083161,2019-12-29 17:48:56,439.4316224766315,9084.705637841938,10.537813963582574,later,near field (<=25 km)
12392,-8.9,116.86,10,3.196566342,2019-12-31 04:10:30,484.60782445962826,9016.20060480729,72.23767728488855,later,intermediate (25-75 km)
12398,-8.89,116.84,10,3.36098,2020-01-03 03:51:50,482.4084597254294,9017.305284195294,70.06877508364383,later,intermediate (25-75 km)
12409,-8.26,116.76,10,3.63,2020-01-05 23:20:08,473.56914744708956,9086.950611195673,33.14659919066312,later,intermediate (25-75 km)
12417,-8.65,116.3,10,3.7164,2020-01-09 17:20:09,422.98584048689764,9043.771727128662,36.894338404596745,later,intermediate (25-75 km)
12419,-8.9,116.86,10,3.25162,2020-01-10 03:41:52,484.60782445962826,9016.20060480729,72.23767728488855,later,intermediate (25-75 km)
12425,-8.39,116.18,18,3.940588,2020-01-12 11:30:56,409.7216523711758,9072.492367124316,33.07716248528413,later,intermediate (25-75 km)
12427,-8.24,116.51,10,3.68906,2020-01-12 18:31:09,446.0338132817644,9089.136548663131,14.827426454694345,later,near field (<=25 km)
12429,-8.29,116.74,10,3.885908,2020-01-13 23:56:16,471.3687284999645,9083.632606301077,29.956903701037906,later,intermediate (25-75 km)
12454,-8.35,116.93,10,3.874972,2020-01-18 23:42:43,492.29277708640586,9077.008091741784,49.555942677016425,later,intermediate (25-75 km)
12459,-7.98,117.25,11,3.322704,2020-01-20 09:08:00,527.5512224654323,9117.90483408196,95.20058718643625,later,far field (>75 km)
12467,-8.32,116.83,10,3.568959502,2020-01-21 19:33:59,481.28101014295174,9080.32135824213,38.905463868189,later,intermediate (25-75 km)
12482,-8.27,116.03,14,3.935093061,2020-01-27 18:34:19,393.1733713369506,9085.72295627346,50.744358553331175,later,intermediate (25-75 km)
12496,-8.47,116.57,17,3.948870139,2020-02-01 04:33:50,452.669775882896,9063.716160346354,14.887802158587837,later,near field (<=25 km)
12505,-8.51,115.99,10,3.596954342,2020-02-03 10:50:48,388.8359800003923,9059.17514810589,56.09863838930648,later,intermediate (25-75 km)
12506,-8.32,116.11,19,3.969598535,2020-02-03 16:58:44,401.99691957357817,9080.215228625962,41.08443580159177,later,intermediate (25-75 km)
12509,-8.9,116.88,10,3.454669263,2020-02-04 04:16:33,486.80671001836674,9016.201376676267,73.53105380401325,later,intermediate (25-75 km)
12526,-8.25,116.43,10,3.297469189,2020-02-10 05:32:33,437.22432370537564,9088.019285532353,14.432989055826532,later,near field (<=25 km)
12529,-8.37,116.67,10,3.333381388,2020-02-10 11:58:37,463.66761572797736,9074.782474641946,20.90200516976195,later,near field (<=25 km)
12536,-8.84,116.81,10,3.199935343,2020-02-12 03:51:13,479.1072102984691,9022.831576960285,63.62074367166846,later,intermediate (25-75 km)
12545,-8.09,116.05,10,3.268852076,2020-02-13 02:56:23,395.3292227319188,9105.630361814281,56.645144029220695,later,intermediate (25-75 km)
12548,-8.32,115.97,10,3.756098128,2020-02-14 02:27:42,386.5792115377055,9080.177844810862,56.383753832950774,later,intermediate (25-75 km)
12551,-8.35,115.98,10,3.874799724,2020-02-14 09:22:35,387.6890581996672,9076.86358785344,55.05162228855668,later,intermediate (25-75 km)
12556,-8.44,115.94,10,3.981942373,2020-02-15 06:23:28,383.3111142554488,9066.900500581287,59.90814284496904,later,intermediate (25-75 km)
12561,-8.35,116.17,11,3.941837877,2020-02-16 16:29:19,408.61129659318016,9076.912643832748,34.176578316024134,later,intermediate (25-75 km)
12562,-8.31,116.14,18,3.91115107,2020-02-16 19:13:42,405.2982375150899,9081.328182620717,37.99677511325515,later,intermediate (25-75 km)
12564,-8.28,116.06,10,3.36219744,2020-02-18 03:51:47,396.4801893523264,9084.62520478199,47.28098968894938,later,intermediate (25-75 km)
12569,-8.27,116.84,10,3.211289613,2020-02-19 01:33:58,482.3799030579078,9085.849495453282,41.140067269574956,later,intermediate (25-75 km)
12588,-8.36,116.47,10,3.287896408,2020-02-26 03:01:18,441.64600979957953,9075.863999188181,1.5641913083231405,later,near field (<=25 km)
12589,-8.81,116.88,10,3.448093674,2020-02-26 04:29:55,486.80350210956766,9026.151469230996,65.78659553188065,later,intermediate (25-75 km)
12590,-8.54,116.51,10,3.281140772,2020-02-26 05:49:10,446.0752017816933,9055.96927491563,19.18895284955104,later,near field (<=25 km)
12591,-8.35,116.6,10,4.21198997,2020-02-26 05:53:54,455.9583917946614,9076.986449942884,13.38761014120056,later,near field (<=25 km)
12614,-8.54,116.03,10,3.251586815,2020-03-02 08:52:38,393.2472543577883,9055.869316598159,52.980859869408086,later,intermediate (25-75 km)
12616,-8.47,116.22,13,4.261166715,2020-03-02 16:14:20,414.14339700473516,9063.656238128495,30.684672788616563,later,intermediate (25-75 km)
12621,-8.29,116.84,10,4.201980746,2020-03-04 16:35:05,482.38079225071266,9083.638425766956,40.594502479604934,later,intermediate (25-75 km)
12638,-8.66,116.91,13,3.516839655,2020-03-07 04:13:04,490.09867368175844,9042.735762222137,57.23523565276328,later,intermediate (25-75 km)
12647,-8.39,115.99,10,4.377663984,2020-03-08 12:11:32,388.8016064901252,9072.4436158839,53.94963887924238,later,intermediate (25-75 km)
12648,-8.33,115.89,36,3.450116705,2020-03-08 16:14:26,377.7719070050332,9079.04830025868,65.06175904894279,later,intermediate (25-75 km)
12651,-8.45,115.96,15,3.421131904,2020-03-08 19:52:55,385.5159744041741,9065.800708539458,57.88717137122622,later,intermediate (25-75 km)
12663,-8.65,117.01,10,3.291720336,2020-03-10 04:51:58,501.100175975996,9043.84247054455,66.07898590635027,later,intermediate (25-75 km)
12672,-8.5,117.01,10,3.534802151,2020-03-10 12:34:31,501.10060752969576,9060.425679758007,60.06128469979068,later,intermediate (25-75 km)
12687,-8.9,116.87,10,3.437680504,2020-03-13 04:00:02,485.7072674476657,9016.201005585539,72.87894343770868,later,intermediate (25-75 km)
12689,-8.31,116.03,10,3.390290736,2020-03-14 01:14:28,393.1841682102577,9081.30021979026,49.95606258715814,later,intermediate (25-75 km)
12707,-8.34,115.92,10,3.856798225,2020-03-17 23:27:56,381.0787733024488,9077.951725722218,61.698521015035354,later,intermediate (25-75 km)
12733,-8.36,116.09,10,3.976703049,2020-03-19 18:37:43,399.80461591010385,9075.787548036782,42.91907182720466,later,intermediate (25-75 km)
12734,-8.25,116.01,11,4.528822164,2020-03-19 18:57:46,390.9650610169602,9087.928914038435,53.40663479458068,later,intermediate (25-75 km)
12737,-8.27,116.02,14,3.424518107,2020-03-20 04:47:04,392.071962758913,9085.72026010504,51.81842530653992,later,intermediate (25-75 km)
12758,-8.46,116.26,10,4.508638746,2020-03-23 22:29:15,418.54443971343085,9064.770471106922,26.187161786122463,later,intermediate (25-75 km)
12764,-8.86,116.16,10,3.651575414,2020-03-24 19:23:33,407.6338536082217,9020.521484344272,64.85645202814142,later,intermediate (25-75 km)
12797,-8.86,116.9,11,3.333924679,2020-03-30 04:49:49,489.00440259393014,9020.624296205204,71.41976155709864,later,intermediate (25-75 km)
12803,-8.32,115.97,11,3.605271381,2020-03-31 04:26:56,386.5792115377055,9080.177844810862,56.383753832950774,later,intermediate (25-75 km)
12816,-8.37,115.98,21,3.667371454,2020-04-02 09:32:17,387.69478266287626,9074.652179746088,55.00527359824109,later,intermediate (25-75 km)
12821,-8.25,116.63,10,4.491108902,2020-04-04 08:51:13,459.2512522327566,9088.045213563873,21.223379695946434,later,near field (<=25 km)
12831,-8.36,116.75,10,3.691896725,2020-04-06 04:17:25,472.4748271993713,9075.89450966189,29.724036170092333,later,intermediate (25-75 km)
12850,-8.78,116.88,12,3.224719738,2020-04-09 04:24:20,486.80243999815303,9029.468156171752,63.34619477160533,later,intermediate (25-75 km)
12866,-8.4,116.92,13,4.848473951,2020-04-15 23:37:46,491.19286874789583,9071.480197448118,48.51758941948319,later,intermediate (25-75 km)
12873,-8.27,116.05,10,4.388427292,2020-04-17 06:39:43,395.3761791022321,9085.728265612759,48.59973887202369,later,intermediate (25-75 km)
12880,-8.09,116.46,10,4.097409577,2020-04-20 11:08:52,440.50471084611837,9105.713031635303,31.212279782688192,later,intermediate (25-75 km)
12891,-8.34,116.1,14,4.255121467,2020-04-26 19:19:11,400.90070718801417,9078.001409208777,41.93849699358962,later,intermediate (25-75 km)
12905,-8.27,116.21,10,3.383333194,2020-04-29 02:25:25,412.99822001019237,9085.766756795176,31.71952125648131,later,intermediate (25-75 km)
12912,-8.33,116.96,11,4.298737394,2020-05-01 20:07:54,495.59564943527954,9079.219620734202,52.99475006027182,later,intermediate (25-75 km)
12931,-8.32,116.0,10,4.343042564,2020-05-10 01:01:01,389.88305808896763,9080.186314801984,53.10030851038847,later,intermediate (25-75 km)
12939,-8.27,116.17,10,4.062327751,2020-05-10 22:08:23,408.5927763575737,9085.75779788036,35.87441557318166,later,intermediate (25-75 km)
12940,-8.3,115.99,10,4.533446232,2020-05-10 22:09:59,388.77614454867165,9082.39491542981,54.46901118657642,later,intermediate (25-75 km)
12941,-8.18,115.96,12,3.78428771,2020-05-10 22:36:25,385.4375994315144,9095.654833807204,60.99511258607502,later,intermediate (25-75 km)
12942,-8.26,115.98,14,3.54815737,2020-05-10 22:44:03,387.6634664677543,9086.814897716575,56.35635926437033,later,intermediate (25-75 km)
12943,-7.94,116.04,14,3.553962948,2020-05-10 22:49:50,394.1885761538867,9122.212773631885,68.05669520672205,later,intermediate (25-75 km)
12944,-8.16,115.98,10,3.433204642,2020-05-10 23:05:11,387.63535436508835,9097.871858004612,59.77009561063746,later,intermediate (25-75 km)
12952,-8.29,115.99,10,4.708684649,2020-05-12 00:20:53,388.77333228257186,9083.500612688758,54.639672614911426,later,intermediate (25-75 km)
12953,-8.31,115.98,10,4.199288293,2020-05-12 01:14:16,387.6776500843456,9081.286397602264,55.41260428241588,later,intermediate (25-75 km)
12954,-8.31,115.96,10,4.160366039,2020-05-12 02:13:23,385.4750199512337,9081.280674143165,57.59758645379526,later,intermediate (25-75 km)
12956,-8.32,116.01,10,3.988814836,2020-05-12 10:12:41,390.9843337572279,9080.189082472225,52.00630729633154,later,intermediate (25-75 km)
12957,-8.41,115.95,11,3.885638265,2020-05-12 10:33:36,384.4031644553546,9070.220629307894,58.47200117572361,later,intermediate (25-75 km)
12959,-8.1,116.22,10,3.772005654,2020-05-12 15:47:01,414.06314323596104,9104.56454274399,41.47332216072389,later,intermediate (25-75 km)
12960,-8.33,116.0,11,3.756382848,2020-05-13 03:31:27,389.8858525002561,9079.080619197046,52.99475006027336,later,intermediate (25-75 km)
12966,-8.12,116.23,14,3.655859602,2020-05-14 10:12:16,415.1691548905841,9102.355407000941,39.11068120294953,later,intermediate (25-75 km)
12973,-8.17,116.02,10,3.69124825,2020-05-17 05:03:12,392.044920948222,9096.777095600753,55.28768729694441,later,intermediate (25-75 km)
12975,-8.59,116.05,10,3.639064957,2020-05-18 10:05:39,395.4621911922282,9050.346329677426,53.24355950515604,later,intermediate (25-75 km)
12977,-8.18,116.37,20,3.822755599,2020-05-18 17:21:29,430.60395320590266,9095.748496841323,24.348730175971706,later,near field (<=25 km)
12978,-8.09,116.34,28,4.087142964,2020-05-18 17:23:48,427.2830214568714,9105.69354602842,34.738109006706814,later,intermediate (25-75 km)
12982,-8.32,115.97,10,3.506850457,2020-05-21 06:50:29,386.5792115377055,9080.177844810862,56.383753832950774,later,intermediate (25-75 km)
12983,-8.12,115.96,11,3.906632357,2020-05-21 06:55:51,385.42052614428064,9102.28903117204,63.618527409843296,later,intermediate (25-75 km)
12985,-8.8,116.05,16,3.987173227,2020-05-21 21:45:24,395.5203983905399,9027.126625706525,67.24111411320837,later,intermediate (25-75 km)
12986,-8.88,116.08,10,3.849471053,2020-05-21 22:54:54,398.8418598771941,9018.289269347471,71.76170099553183,later,intermediate (25-75 km)
12992,-8.38,116.36,14,3.64009235,2020-05-24 21:20:57,429.5379558601624,9073.634814668858,13.247844781942023,later,near field (<=25 km)
12993,-8.32,116.61,10,3.847623098,2020-05-26 03:46:41,457.0561759400879,9080.304227580596,15.344908938204442,later,near field (<=25 km)
13001,-8.47,116.04,11,4.311019639,2020-05-28 07:23:15,394.3287164587332,9063.611918486378,49.659323223284126,later,intermediate (25-75 km)
13002,-8.45,115.97,10,3.931361281,2020-05-28 09:46:06,386.61689713456957,9065.803631219695,56.800496623933924,later,intermediate (25-75 km)
13010,-8.38,116.19,16,4.12342177,2020-06-03 04:32:37,410.82039948608457,9073.60029547113,31.922022626294925,later,intermediate (25-75 km)
13013,-8.36,116.02,14,3.760929525,2020-06-04 15:20:54,392.09657981058695,9075.769062386582,50.61771662354249,later,intermediate (25-75 km)
13023,-8.36,116.59,10,4.440780312,2020-06-10 08:35:39,454.8584832584342,9075.87975755325,12.152295538332343,later,near field (<=25 km)
13050,-8.23,116.74,10,4.161944247,2020-06-14 21:52:54,471.3644040418571,9090.265849705804,32.56915642411907,later,intermediate (25-75 km)
13051,-8.24,115.98,10,3.729454415,2020-06-15 09:17:48,387.6578168317855,9089.026294022777,56.8818234790139,later,intermediate (25-75 km)
13061,-8.23,116.78,10,4.36007703,2020-06-16 18:05:48,475.76990314692483,9090.268491318155,36.49573761881686,later,intermediate (25-75 km)
13068,-8.54,116.02,10,3.757964104,2020-06-19 01:24:29,392.1466078247416,9055.866534973202,54.00976039453807,later,intermediate (25-75 km)
13079,-8.38,117.16,10,4.153130431,2020-06-25 15:22:48,517.6151799789419,9073.688584753376,74.81447069338158,later,intermediate (25-75 km)
13101,-8.41,116.01,12,4.018208076,2020-07-06 05:43:20,391.0093506654519,9070.237831665294,51.893260606481356,later,intermediate (25-75 km)
13124,-8.42,117.04,16,4.138479675,2020-07-19 11:41:40,504.4033388281991,9069.26979474034,61.8523248193845,later,intermediate (25-75 km)
13128,-8.89,116.86,14,3.606953181,2020-07-22 17:13:03,484.6074067547638,9017.306173846084,71.33374717920489,later,intermediate (25-75 km)
13137,-8.25,116.02,17,3.96208559,2020-07-29 10:52:09,392.0665282497308,9087.931631468493,52.34197695574114,later,intermediate (25-75 km)
13146,-8.83,116.87,10,3.281380306,2020-08-03 04:35:36,485.7045614561544,9023.939973408174,66.74456859692025,later,intermediate (25-75 km)
13206,-8.26,116.78,10,3.455680763,2020-08-09 04:06:52,475.77172941577487,9086.95188145296,35.20118527937646,later,intermediate (25-75 km)
13240,-8.37,116.01,10,4.336290735,2020-08-11 03:29:26,390.99819903293405,9074.660615214823,51.70495758700517,later,intermediate (25-75 km)
13256,-8.38,117.0,10,3.482374299,2020-08-14 07:32:20,500.0,9073.692169241895,57.21555547351699,later,intermediate (25-75 km)
13291,-8.28,116.02,10,3.342830038,2020-08-15 09:11:13,392.0746849156464,9084.61457362029,51.59061679764618,later,intermediate (25-75 km)
13343,-8.19,116.07,10,3.557558963,2020-08-18 06:01:35,397.5584205389616,9094.578812712014,49.35521790745945,later,intermediate (25-75 km)
13358,-8.86,116.91,10,3.509380183,2020-08-19 04:03:22,490.1039632499727,9020.62457700672,72.13542894973867,later,intermediate (25-75 km)
13457,-8.33,116.28,11,4.511246692,2020-09-12 15:11:05,420.71968355879716,9079.14767395691,22.448283218929934,later,near field (<=25 km)
13462,-8.21,116.25,10,3.518699763,2020-09-14 09:59:18,417.3911768012218,9092.408992694329,30.93542601310875,later,intermediate (25-75 km)
13463,-8.46,116.84,10,4.313553683,2020-09-14 15:31:29,482.38843652623626,9064.844243676278,40.84419147214564,later,intermediate (25-75 km)
13464,-8.6,116.81,20,3.672265335,2020-09-14 15:59:47,479.0938707106381,9049.365052147781,44.39852923494312,later,intermediate (25-75 km)
13475,-8.81,116.61,25,2.978097265,2020-09-19 17:44:15,457.11109415950176,9026.131229345443,50.97082373509067,later,intermediate (25-75 km)
13505,-8.67,116.86,10,3.359133771,2020-09-23 04:48:39,484.5983351784449,9041.62854421388,53.46962648634938,later,intermediate (25-75 km)
13510,-8.47,116.05,10,3.42666424,2020-09-23 23:41:47,395.42955666006065,9063.614621348166,48.58791359003531,later,intermediate (25-75 km)
13533,-8.85,116.82,10,3.718311844,2020-09-26 04:00:39,480.20736843010775,9021.726554437166,65.1614040293351,later,intermediate (25-75 km)
13564,-8.63,116.91,10,3.703978272,2020-10-02 22:53:30,490.0978905872864,9046.052419979398,55.42596139704436,later,intermediate (25-75 km)
13575,-8.46,116.37,15,3.462446735,2020-10-07 04:56:06,430.6532097251316,9064.791770039208,15.702071746734836,later,near field (<=25 km)
13585,-8.36,117.03,12,3.999131112,2020-10-14 04:34:03,503.303010776195,9075.90311487848,60.51679314025114,later,intermediate (25-75 km)
13601,-8.23,116.01,11,4.057048028,2020-10-20 19:02:01,390.95958423286345,9090.140289670753,54.00647139893488,later,intermediate (25-75 km)
13602,-8.18,116.49,11,3.737292894,2020-10-20 20:02:52,443.8226247402445,9095.767208370298,21.15567231367511,later,near field (<=25 km)
13616,-8.47,116.86,17,3.429482353,2020-10-26 08:09:02,484.5902841359832,9063.739547390096,43.25237279858899,later,intermediate (25-75 km)
13653,-8.46,115.98,15,3.926462647,2020-11-17 17:21:03,387.7207110727034,9064.70081643587,55.90196150127258,later,intermediate (25-75 km)
13654,-8.32,115.97,19,3.778554695,2020-11-17 22:44:17,386.5792115377055,9080.177844810862,56.383753832950774,later,intermediate (25-75 km)
13699,-8.15,116.2,58,3.664980699,2020-11-27 01:48:56,411.8704072217897,9099.032129485578,39.34191242668827,later,intermediate (25-75 km)
13707,-8.58,116.09,38,3.68256111,2020-11-28 02:03:34,399.8615253033638,9051.462684662849,48.83675132791906,later,intermediate (25-75 km)
13711,-8.52,116.86,10,3.311987407,2020-11-28 03:59:19,484.5922794050471,9058.211817959096,45.00105606212144,later,intermediate (25-75 km)
13740,-8.22,116.61,51,3.497720285,2020-11-30 10:29:06,457.04535156354245,9091.35977609282,21.972814365032004,later,near field (<=25 km)
13746,-7.99,117.19,10,3.291325291,2020-12-01 06:41:13,520.9383926423819,9116.80283830135,88.83720734050338,later,far field (>75 km)
13748,-8.45,116.05,17,3.382680713,2020-12-01 09:56:19,395.42416189801713,9065.825995575957,48.12888498596138,later,intermediate (25-75 km)
13766,-8.67,116.24,55,3.574516944,2020-12-02 23:36:46,416.38868610763683,9041.54778520209,42.53631844440297,later,intermediate (25-75 km)
13774,-8.47,116.79,10,3.260011694,2020-12-03 13:05:26,476.8853985147599,9063.736081131903,35.866089433214704,later,intermediate (25-75 km)
13776,-8.57,116.79,19,3.321624529,2020-12-03 16:26:43,476.89140185173176,9052.680568372467,40.70630809864493,later,intermediate (25-75 km)
13783,-8.26,116.1,36,3.502204417,2020-12-04 03:34:34,400.8806484031219,9086.846716329523,43.5623099560874,later,intermediate (25-75 km)
13785,-8.67,116.85,10,3.473092378,2020-12-04 09:50:52,483.49821392780734,9041.628124527695,52.61467770482026,later,intermediate (25-75 km)
13788,-8.88,116.93,47,3.252048393,2020-12-04 17:06:03,492.3035002651209,9018.41391955917,75.255585259498,later,far field (>75 km)
13821,-8.21,116.78,10,3.328930793,2020-12-07 00:32:58,475.7686893021239,9092.479561819242,37.49906681017885,later,intermediate (25-75 km)
13832,-8.29,116.53,10,4.050098981,2020-12-11 12:51:06,448.24308206870944,9083.611364731072,10.459139360667745,later,near field (<=25 km)
13876,-8.58,116.81,28,3.094718255,2020-12-26 02:20:28,479.09277553218254,9051.576160074286,43.156602287237064,later,intermediate (25-75 km)
13877,-8.3,116.18,12,3.677121588,2020-12-26 02:37:47,409.700982099722,9082.44315844372,33.91149238582129,later,intermediate (25-75 km)
13882,-8.35,116.05,10,3.805269122,2020-12-26 15:52:16,395.3973780963793,9076.88283394295,47.35799508765441,later,intermediate (25-75 km)
13903,-8.48,116.96,10,3.349429914,2020-12-31 21:17:30,495.5973416619995,9062.636552178998,54.19586488545792,later,intermediate (25-75 km)
13904,-8.51,116.91,10,3.407794414,2020-12-31 21:35:54,490.09478519317327,9059.318999447554,49.79207470974315,later,intermediate (25-75 km)
13916,-8.45,116.24,18,3.153731964,2021-01-02 00:24:09,416.34065889135366,9065.871865146386,27.858242348039184,later,intermediate (25-75 km)
13940,-7.97,117.25,17,4.120574579,2021-01-07 13:54:28,527.5518917230377,9119.010358408841,95.71315673199759,later,far field (>75 km)
13954,-8.3,116.22,10,4.713049737,2021-01-10 22:40:16,414.10608152030943,9082.4520379194,29.64538290522452,later,intermediate (25-75 km)
13990,-8.32,116.75,14,3.417034294,2021-01-18 13:41:44,472.47202844381246,9080.316686295948,30.220573837979735,later,intermediate (25-75 km)
13991,-8.26,116.7,12,3.407462754,2021-01-18 14:00:14,466.96138185427486,9086.946137657567,27.12056944855062,later,intermediate (25-75 km)
14006,-8.2,116.37,10,3.437507774,2021-01-24 10:35:29,430.60741691392116,9093.537316256612,22.446162322945668,later,near field (<=25 km)
14007,-8.41,116.91,14,3.27690347,2021-01-24 14:03:38,490.0922303517049,9070.374419911766,47.51075476875594,later,intermediate (25-75 km)
14008,-8.27,116.19,10,3.488685943,2021-01-24 19:41:31,410.7955034294281,9085.762332657889,33.7891801465105,later,intermediate (25-75 km)
14059,-8.44,116.96,14,3.371488008,2021-02-07 22:31:59,495.5968874686538,9067.058716138914,53.37093948768132,later,intermediate (25-75 km)
14063,-8.31,116.83,18,3.412144956,2021-02-09 00:21:02,481.280535775267,9081.426895556784,39.08035013680274,later,intermediate (25-75 km)
14064,-8.42,116.75,22,3.962110902,2021-02-09 19:28:18,472.47905033229756,9069.261228004621,30.216825176089063,later,intermediate (25-75 km)
14089,-8.22,116.07,21,3.514933675,2021-02-17 19:40:56,397.56610503590724,9091.261811062426,48.09756923768937,later,intermediate (25-75 km)
14109,-8.48,116.94,10,3.461197031,2021-02-23 15:26:57,493.39601184727474,9062.636268896906,52.05509310838057,later,intermediate (25-75 km)
14110,-8.48,116.95,10,3.521681927,2021-02-23 15:38:18,494.4966768353527,9062.636424702072,53.12487512088618,later,intermediate (25-75 km)
14115,-8.47,116.92,10,3.571287631,2021-02-23 19:17:00,491.1944537608403,9063.741414916314,49.659323223284126,later,intermediate (25-75 km)
14116,-8.73,116.29,10,3.591240721,2021-02-24 09:04:08,421.9021456301344,9034.924607440653,45.15416899847568,later,intermediate (25-75 km)
14128,-8.32,116.8,15,3.810673716,2021-02-28 13:28:18,477.97764702068906,9080.319814835686,35.641931789913805,later,intermediate (25-75 km)
14129,-8.31,116.78,11,3.453061064,2021-02-28 13:38:46,475.7747878670898,9081.424187331591,33.67325175982731,later,intermediate (25-75 km)
14130,-8.33,116.79,10,3.457501677,2021-02-28 13:43:01,476.8771114148097,9079.213704409805,34.39382604307646,later,intermediate (25-75 km)
14140,-8.45,117.12,15,3.215175895,2021-03-02 04:17:07,513.2090058174376,9065.951369214124,70.95928443055152,later,intermediate (25-75 km)
14141,-8.3,117.15,13,3.895405859,2021-03-02 07:02:49,516.5175871976181,9082.533320128532,74.12347866405388,later,intermediate (25-75 km)
14144,-8.28,116.02,19,3.357375114,2021-03-02 22:45:36,392.0746849156464,9084.61457362029,51.59061679764618,later,intermediate (25-75 km)
14171,-8.85,116.85,10,3.37580082,2021-03-08 03:42:01,483.5061483093822,9021.728015968823,67.10785517832778,later,intermediate (25-75 km)
14184,-8.15,116.54,10,3.150512705,2021-03-08 18:26:43,449.3265491701459,9099.090518450423,25.33822105220312,later,intermediate (25-75 km)
14198,-8.45,116.92,19,3.335595906,2021-03-09 15:19:45,491.1939995669426,9065.952498452563,49.2103449700578,later,intermediate (25-75 km)
14209,-8.39,117.05,11,3.380630147,2021-03-12 19:18:50,505.5045968344716,9072.586282270971,62.7438235085011,later,intermediate (25-75 km)
14231,-8.23,116.38,21,3.529715609,2021-03-16 16:38:41,431.7140569279037,9090.22226126711,19.0632368325767,later,near field (<=25 km)
14232,-8.28,116.35,11,3.633334162,2021-03-16 16:44:02,428.4187693589654,9084.689028979854,17.456439166571695,later,near field (<=25 km)
14248,-8.3,117.0,10,4.413148671,2021-03-18 19:38:25,500.0,9082.536441327311,57.73767551739229,later,intermediate (25-75 km)
14253,-8.62,116.63,11,3.702340108,2021-03-19 11:47:08,459.29000134279926,9047.139435559382,32.3248385024685,later,intermediate (25-75 km)
14264,-8.45,116.91,16,3.744217608,2021-03-19 19:39:03,490.0932486891849,9065.952258489582,48.12888498595984,later,intermediate (25-75 km)
14266,-8.54,117.16,17,3.608364585,2021-03-19 19:47:36,517.607912843855,9055.99986653257,77.14260517529063,later,far field (>75 km)
14274,-8.19,116.46,18,3.814969972,2021-03-22 13:38:18,440.5194648688337,9094.657326956863,20.135710814208558,later,near field (<=25 km)
14280,-8.75,116.29,12,3.358303883,2021-03-24 08:30:35,421.9063095720975,9032.713330861443,47.13669161431692,later,intermediate (25-75 km)
14304,-8.26,116.76,14,3.377673727,2021-03-26 12:47:37,473.56914744708956,9086.950611195673,33.14659919066312,later,intermediate (25-75 km)
14305,-8.29,116.76,12,3.340012301,2021-03-26 13:00:49,473.5711469466896,9083.633991893745,32.06474566553502,later,intermediate (25-75 km)
14306,-8.22,116.8,10,3.275658396,2021-03-26 13:21:40,477.97209621423895,9091.375181178242,38.96086830712011,later,intermediate (25-75 km)
14318,-8.87,116.85,10,3.425477596,2021-03-27 08:35:37,483.50703989642,9019.516881088739,68.88915986449594,later,intermediate (25-75 km)
14324,-8.36,116.01,13,3.31594153,2021-03-27 15:57:27,390.9954193761985,9075.76630974683,51.7175762664604,later,intermediate (25-75 km)
14325,-8.37,116.14,11,3.380003746,2021-03-27 17:41:51,405.3126815422465,9074.694257898687,37.40358739879855,later,intermediate (25-75 km)
14326,-8.46,116.59,19,3.232160113,2021-03-27 19:49:41,454.87005412405,9064.824105568976,15.702071746734836,later,near field (<=25 km)
14345,-8.83,116.37,10,4.429953341,2021-03-31 18:57:21,430.7208233409198,9023.883994458249,52.559968874304516,later,intermediate (25-75 km)
14348,-8.6,116.04,22,3.462760144,2021-04-02 05:12:05,394.3644636484942,9049.237891993513,54.732850950301675,later,intermediate (25-75 km)
14349,-8.87,116.85,10,3.438399259,2021-04-02 05:16:26,483.50703989642,9019.516881088739,68.88915986449594,later,intermediate (25-75 km)
14350,-8.63,116.03,21,3.43137371,2021-04-02 08:02:09,393.2724057868609,9045.91801441768,57.31399781204239,later,intermediate (25-75 km)
14359,-8.38,116.29,25,3.268975241,2021-04-03 11:27:41,421.8308082433267,9073.621581394542,20.931293024235142,later,near field (<=25 km)
14367,-8.01,116.84,13,3.700770675,2021-04-05 13:27:58,482.3685377617534,9114.593202615762,56.32321881109979,later,intermediate (25-75 km)
14371,-8.35,116.13,12,3.907610004,2021-04-06 19:15:06,404.2067028118134,9076.903153965923,38.56884971271109,later,intermediate (25-75 km)
14388,-8.41,116.97,10,3.413045352,2021-04-09 18:49:22,496.69741128061156,9070.375431552573,54.085590664559184,later,intermediate (25-75 km)
14396,-8.57,116.04,15,3.534806987,2021-04-13 11:51:56,394.3561663091569,9052.554983334852,53.257571510943876,later,intermediate (25-75 km)
14397,-8.56,116.02,10,3.386833197,2021-04-13 13:39:53,392.1522318200275,9053.655132054533,54.82648873509392,later,intermediate (25-75 km)
14406,-8.41,117.13,19,3.37395226,2021-04-15 21:19:38,514.3112289869093,9070.373183459418,71.64137615990063,later,intermediate (25-75 km)
14407,-8.45,117.16,12,3.234387858,2021-04-16 02:21:51,517.612017403244,9065.949788276514,75.32656014640563,later,far field (>75 km)
14408,-8.41,116.03,18,3.679414337,2021-04-16 02:50:15,393.2113867903237,9070.243340805582,49.70161697470787,later,intermediate (25-75 km)
14414,-8.44,117.15,15,3.658908216,2021-04-17 05:58:35,516.5116888710342,9067.0557693924,74.11030250185293,later,intermediate (25-75 km)
14415,-8.44,116.94,12,3.769914123,2021-04-17 14:09:17,493.3953305569152,9067.058434154269,51.195454801708856,later,intermediate (25-75 km)
14440,-8.49,116.8,20,3.507660938,2021-04-22 11:41:10,477.9872363968694,9061.525564510464,37.642264884407744,later,intermediate (25-75 km)
14441,-8.5,117.1,10,3.506736683,2021-04-22 14:18:19,511.006080622776,9060.424274300629,69.7103112872448,later,intermediate (25-75 km)
14453,-8.32,116.71,16,3.119676752,2021-04-23 12:51:00,468.06751921695053,9080.313682881211,25.907636718483268,later,intermediate (25-75 km)
14456,-8.31,116.01,12,3.422808154,2021-04-23 17:41:43,390.9815706048762,9081.294774306063,52.137559346971386,later,intermediate (25-75 km)
14462,-8.3,116.7,10,3.19804583,2021-04-23 22:28:20,466.9647163810367,9082.523956426656,25.42523360663265,later,intermediate (25-75 km)
14477,-8.26,116.04,19,4.328244224,2021-04-25 16:39:37,394.2721133986749,9086.831304418247,49.93271926367091,later,intermediate (25-75 km)
14501,-8.24,116.2,14,3.497497614,2021-04-29 20:47:35,411.8902130497012,9089.08145854832,34.030780216579295,later,intermediate (25-75 km)
14537,-8.51,116.87,22,3.778529972,2021-05-03 19:28:17,485.69246134778155,9059.317748723264,45.63373874492146,later,intermediate (25-75 km)
14544,-8.33,116.96,10,4.204420144,2021-05-05 18:20:57,495.59564943527954,9079.219620734202,52.99475006027182,later,intermediate (25-75 km)
14549,-8.5,117.0,15,3.631818544,2021-05-06 21:03:56,500.0,9060.425693954528,58.9942896843394,later,intermediate (25-75 km)
14567,-8.33,116.47,10,3.88027713,2021-05-07 23:37:38,441.6415568845851,9079.18073888953,4.581839703228681,later,near field (<=25 km)
14575,-8.76,116.59,10,3.761028413,2021-05-08 18:36:35,454.9055864070785,9031.656810381739,45.02111714599111,later,intermediate (25-75 km)
14580,-8.88,116.85,10,3.609805174,2021-05-09 09:36:29,483.50748643898663,9018.411312763912,69.78933765253092,later,intermediate (25-75 km)
14591,-8.39,116.82,10,3.164795156,2021-05-15 19:16:26,480.1834224007839,9072.582090842472,37.46868246297979,later,intermediate (25-75 km)
14603,-8.35,116.77,12,3.776105043,2021-05-20 09:05:34,474.6762080613075,9077.00139417622,31.98129455071076,later,intermediate (25-75 km)
14605,-8.62,116.68,18,3.051710284,2021-05-21 02:56:31,464.79141180945606,9047.144400579122,35.44782790929947,later,intermediate (25-75 km)
14608,-8.83,116.82,13,3.157808473,2021-05-21 09:36:18,480.2063009200796,9023.937690160144,63.353248048013015,later,intermediate (25-75 km)
14623,-8.45,116.74,15,3.63300068,2021-05-24 14:39:00,471.38041293514414,9065.943859721014,29.951292770583315,later,intermediate (25-75 km)
14625,-8.41,116.15,17,3.386837047,2021-05-24 17:57:05,406.4233492243088,9070.274033597627,36.573079035796184,later,intermediate (25-75 km)
14633,-8.36,116.6,18,3.689166211,2021-05-26 11:06:45,455.959513324343,9075.880889120848,13.248182586583876,later,near field (<=25 km)
14634,-8.2,116.54,21,3.394457486,2021-05-26 23:37:34,449.33286001269045,9093.562721747734,20.022883407070776,later,near field (<=25 km)
14676,-8.38,116.08,13,4.426483945,2021-06-04 13:00:08,398.708646109428,9073.573644913266,44.017701658462826,later,intermediate (25-75 km)
14685,-8.38,116.0,50,3.602874383,2021-06-06 02:25:30,389.89987456981703,9073.552133079762,52.81609101359342,later,intermediate (25-75 km)
14686,-8.26,116.61,18,3.373743957,2021-06-06 05:57:07,457.0496657103392,9086.937563274703,18.820067389248557,later,near field (<=25 km)
14691,-8.08,116.68,21,3.729595307,2021-06-06 15:15:55,464.74299139541654,9106.844169196695,39.04212931200849,later,intermediate (25-75 km)
14695,-8.43,116.76,10,3.357584067,2021-06-07 09:30:44,473.58057315230815,9068.156369181794,31.51486947860304,later,intermediate (25-75 km)
14696,-8.43,116.11,10,3.497670972,2021-06-07 17:53:06,402.0244386305328,9068.052918542338,41.24395006634003,later,intermediate (25-75 km)
14702,-8.39,116.22,13,3.907401373,2021-06-08 13:51:56,414.1257431707347,9072.501340143017,28.688335949613876,later,intermediate (25-75 km)
14704,-8.63,116.64,15,2.914472575,2021-06-08 20:06:23,460.3913274512725,9046.034915026534,33.844319043424,later,intermediate (25-75 km)
14716,-8.37,116.22,10,3.420107293,2021-06-13 01:00:49,414.121355712441,9074.712610142922,28.602743674204,later,intermediate (25-75 km)
14722,-8.38,116.8,13,3.940850502,2021-06-14 03:11:02,477.9810095084794,9073.686568468487,35.22048142217192,later,intermediate (25-75 km)
14723,-8.33,116.8,12,3.523569535,2021-06-14 03:13:54,477.97820576859664,9079.214275163844,35.48503502080317,later,intermediate (25-75 km)
14732,-7.92,116.41,10,3.3063,2021-06-18 21:00:27,434.9687545609919,9124.500118313528,50.627480754838345,later,intermediate (25-75 km)
14733,-8.41,117.22,10,4.094241896,2021-06-19 00:47:50,524.2190402260758,9070.36875749971,81.52503125614659,later,far field (>75 km)
14734,-8.45,117.15,16,3.30656279,2021-06-19 05:14:18,516.5112638123625,9065.950225857905,74.23437927363851,later,intermediate (25-75 km)
14743,-8.47,117.17,13,3.859878157,2021-06-22 06:16:42,518.711806343452,9063.738231629284,76.70770306898643,later,far field (>75 km)
14755,-7.93,116.63,10,3.681877306,2021-06-24 03:08:23,459.21910141374354,9123.42257747253,51.63656951913217,later,intermediate (25-75 km)
14759,-8.55,116.05,14,3.590385392,2021-06-25 04:58:37,395.4512623599689,9054.769102421054,51.354465542442924,later,intermediate (25-75 km)
14763,-8.62,116.11,18,3.453882211,2021-06-25 20:14:15,402.07281699397896,9047.045135229948,49.27984470591944,later,intermediate (25-75 km)
14765,-8.46,116.93,13,3.356826176,2021-06-26 22:01:48,492.2949487794268,9064.847168941613,50.50051951954326,later,intermediate (25-75 km)
14774,-8.43,116.01,10,3.53020202,2021-06-29 23:57:42,391.0149462839344,9068.026436628828,52.12965828899804,later,intermediate (25-75 km)
14781,-8.87,115.82,12,3.52144963,2021-07-01 15:18:10,370.24672715381587,9019.314166667378,91.41086102782808,later,far field (>75 km)
14782,-8.86,116.87,10,3.072649607,2021-07-02 03:52:04,485.7057185700845,9020.623276451213,69.3330598223019,later,intermediate (25-75 km)
14784,-8.22,116.46,13,3.403496192,2021-07-02 11:13:35,440.5239261937408,9091.34060502089,16.82378661239483,later,near field (<=25 km)
14788,-8.09,116.39,10,3.120388,2021-07-02 15:05:55,432.7920929663023,9105.702138726525,32.67201480766695,later,intermediate (25-75 km)
14789,-8.37,116.81,10,3.20988392,2021-07-02 15:29:50,479.08142904895436,9074.792656366004,36.303481952484574,later,intermediate (25-75 km)
14811,-8.86,116.84,10,3.511478691,2021-07-04 04:56:44,482.4070307881244,9020.62199067194,67.34330148085589,later,intermediate (25-75 km)
14812,-8.53,116.86,10,3.402478221,2021-07-04 06:51:44,484.59267985834526,9057.106270372904,45.42443159868719,later,intermediate (25-75 km)
14813,-8.33,116.81,10,3.403332016,2021-07-04 07:38:24,479.07929947538236,9079.21481807568,36.57678037817379,later,intermediate (25-75 km)
14817,-8.3,116.76,13,3.702529467,2021-07-04 12:44:47,473.57181504684866,9082.528451023312,31.77384500349169,later,intermediate (25-75 km)
14836,-8.8,116.87,10,3.415876443,2021-07-09 10:29:55,485.7034082376326,9027.256665076791,64.22505052305563,later,intermediate (25-75 km)
14845,-8.9,116.88,10,3.397159859,2021-07-12 03:58:30,486.80671001836674,9016.201376676267,73.53105380401325,later,intermediate (25-75 km)
14851,-8.46,116.88,10,3.053044905,2021-07-12 22:06:18,486.7913346287212,9064.845826430417,45.12286758921159,later,intermediate (25-75 km)
14853,-8.46,115.87,25,3.475415208,2021-07-13 01:36:12,375.61072163456737,9064.667385362525,67.84084020041149,later,intermediate (25-75 km)
14854,-8.84,116.75,10,2.945412,2021-07-13 02:27:41,472.5094518922435,9022.827683785097,60.103669496231504,later,intermediate (25-75 km)
14878,-8.5,116.92,10,3.807335291,2021-07-19 13:52:01,491.1951370511088,9060.424785376443,50.509206983312914,later,intermediate (25-75 km)
14905,-8.22,116.35,10,3.496010884,2021-07-28 20:53:54,428.4079702567848,9091.32261521201,21.97281436503302,later,near field (<=25 km)
14906,-8.2,116.39,10,3.647962258,2021-07-28 21:25:41,432.8104377651446,9093.54071652025,21.340101312773438,later,near field (<=25 km)
14908,-8.9,116.87,10,3.237810183,2021-07-29 04:37:10,485.7072674476657,9016.201005585539,72.87894343770868,later,intermediate (25-75 km)
14909,-8.2,116.37,13,3.86952871,2021-07-29 04:44:21,430.60741691392116,9093.537316256612,22.446162322945668,later,near field (<=25 km)
14911,-8.9,116.87,10,2.983688,2021-07-29 09:35:41,485.7072674476657,9016.201005585539,72.87894343770868,later,intermediate (25-75 km)
14936,-8.88,116.87,10,3.392489543,2021-08-09 03:35:28,485.7064921433395,9018.41214220001,71.09332697617701,later,intermediate (25-75 km)
14945,-8.3,116.71,15,3.989597728,2021-08-12 04:59:10,468.0659017304401,9082.524774889873,26.474756147051245,later,intermediate (25-75 km)
14948,-8.82,116.82,13,2.945412,2021-08-13 03:25:35,480.2057680640016,9025.043257140334,62.4592348712971,later,intermediate (25-75 km)
14952,-8.26,116.14,27,3.402837635,2021-08-13 21:19:33,405.28627968062875,9086.856438317122,39.35771833706184,later,intermediate (25-75 km)
14974,-7.97,117.09,10,3.353456363,2021-08-20 18:33:45,509.9186545019007,9119.017612690523,80.53642387481908,later,far field (>75 km)
15000,-8.86,116.9,10,4.137866741,2021-08-27 09:30:47,489.00440259393014,9020.624296205204,71.41976155709864,later,intermediate (25-75 km)
15033,-8.38,116.0,12,3.597764056,2021-09-03 21:44:21,389.89987456981703,9073.552133079762,52.81609101359342,later,intermediate (25-75 km)
15073,-8.24,117.17,10,3.333749072,2021-09-15 06:54:58,518.7227689293246,9089.16564129006,77.2837926275734,later,far field (>75 km)
15075,-8.31,117.18,11,3.81893578,2021-09-15 17:00:52,519.8206125767513,9081.426409466056,77.30174213225919,later,far field (>75 km)
15076,-8.27,117.17,12,4.566550741,2021-09-15 19:00:44,518.7213560280372,9085.849039284167,76.72699001094402,later,far field (>75 km)
15077,-8.27,117.21,10,3.498313989,2021-09-15 19:24:20,523.1263981993242,9085.846938136698,81.08402030745434,later,far field (>75 km)
15078,-8.22,117.21,11,3.1156309,2021-09-15 19:31:04,523.1293036238544,9091.37461775277,82.0365293336955,later,far field (>75 km)
15079,-8.25,117.22,13,3.162879953,2021-09-15 19:41:08,524.2288800740412,9088.057418624032,82.50641349770444,later,far field (>75 km)
15080,-8.29,117.18,14,3.890056842,2021-09-15 19:53:26,519.8216153207466,9083.637483571873,77.52730030103426,later,far field (>75 km)
15082,-8.32,117.24,10,3.988300701,2021-09-16 02:41:45,526.4268463525096,9080.31736762388,83.79800497171638,later,far field (>75 km)
15084,-8.27,117.24,12,3.909376656,2021-09-16 07:59:50,526.4301868532091,9085.845071979276,84.35478764268177,later,far field (>75 km)
15085,-8.22,117.24,11,3.569296995,2021-09-16 08:24:21,526.4335073496177,9091.372762567242,85.27117196810839,later,far field (>75 km)
15086,-8.25,117.23,10,3.603429499,2021-09-16 08:28:21,525.3301983908211,9088.056798034282,83.59239239055242,later,far field (>75 km)
15087,-8.28,117.23,11,3.946049313,2021-09-16 08:33:09,525.3282845064514,9084.740182675883,83.12203563057929,later,far field (>75 km)
15089,-8.29,117.21,13,4.474297715,2021-09-16 08:55:57,523.1252311283595,9083.63586243834,80.80704146572513,later,far field (>75 km)
15090,-8.3,117.25,10,3.573347873,2021-09-16 09:06:03,527.5293659335672,9082.52777128727,85.07253320421722,later,far field (>75 km)
15091,-8.25,117.23,10,3.645883999,2021-09-16 09:41:13,525.3301983908211,9088.056798034282,83.59239239055242,later,far field (>75 km)
15092,-8.2,117.23,10,4.177287283,2021-09-16 10:57:10,525.3333728605229,9093.584479317316,84.66306540908681,later,far field (>75 km)
15093,-8.28,117.23,10,4.692902754,2021-09-16 11:39:00,525.3282845064514,9084.740182675883,83.12203563057929,later,far field (>75 km)
15094,-8.43,117.21,15,3.771863699,2021-09-16 12:15:35,523.116983226321,9068.15827041109,80.57816746711245,later,far field (>75 km)
15099,-8.29,117.23,10,4.274424884,2021-09-16 16:09:03,525.3276450113464,9083.634643121099,82.9944566592122,later,far field (>75 km)
15100,-8.24,117.14,21,3.376775974,2021-09-17 00:43:14,515.4187438548902,9089.16692232205,74.04375739308516,later,intermediate (25-75 km)
15101,-8.22,117.23,10,3.601444188,2021-09-17 04:51:28,525.3321053733887,9091.37340844736,84.19238588273171,later,far field (>75 km)
15102,-8.27,116.55,10,3.995432306,2021-09-17 08:54:32,450.4430478098845,9085.825041492222,13.526258292197724,later,near field (<=25 km)
15124,-8.53,117.25,14,3.98083367,2021-09-23 13:16:28,527.513129355195,9057.100159142065,86.53914718151171,later,far field (>75 km)
15128,-8.45,116.94,10,3.578774376,2021-09-24 01:49:10,493.3955005795798,9065.95289368548,51.375625625298355,later,intermediate (25-75 km)
15135,-8.36,116.22,13,3.158998889,2021-09-24 17:02:06,414.1191658836723,9075.818244320813,28.624716196872942,later,intermediate (25-75 km)
15140,-8.29,116.87,15,3.052812609,2021-09-24 18:58:14,485.68439980480974,9083.63963122009,43.82090371001963,later,intermediate (25-75 km)
15142,-8.31,116.48,10,3.11078891,2021-09-24 20:49:17,442.7397851011211,9081.393354296957,6.6716955986734625,later,near field (<=25 km)
15143,-8.36,116.55,24,2.875229056,2021-09-24 22:12:50,450.4543494126366,9075.874951857877,7.780702515487229,later,near field (<=25 km)
15149,-8.87,116.87,10,3.403516218,2021-09-27 09:32:10,485.70610514032256,9019.517709620697,70.20990492767154,later,intermediate (25-75 km)
15154,-8.32,116.92,11,3.803978145,2021-09-27 14:03:14,491.1910733028915,9080.324486755544,48.72597192711806,later,intermediate (25-75 km)
15164,-8.35,116.01,10,3.856865147,2021-09-30 14:56:24,390.9926430201804,9076.872003737944,51.75408736255883,later,intermediate (25-75 km)
15224,-8.53,117.22,15,3.202788666,2021-10-03 01:34:31,524.2115371515391,9057.102167735658,83.31275907183313,later,far field (>75 km)
15236,-8.86,116.72,15,3.379661548,2021-10-08 03:42:24,469.2122247337098,9020.614187261977,60.538176645441,later,intermediate (25-75 km)
15244,-8.45,117.0,21,3.733670803,2021-10-09 20:15:53,500.0,9065.953401841685,57.887171371224674,later,intermediate (25-75 km)
15252,-8.24,116.43,12,3.432324237,2021-10-10 14:48:05,437.2227463639015,9089.124867099446,15.466826488818237,later,near field (<=25 km)
15265,-8.14,116.84,11,3.922469984,2021-10-13 04:50:44,482.37417531997426,9100.221394900986,47.15348215870559,later,intermediate (25-75 km)
15269,-8.01,117.16,18,3.901972664,2021-10-14 17:57:05,517.6314622382466,9114.593202615762,84.87418304056186,later,far field (>75 km)
15283,-8.16,116.89,10,4.719669129,2021-10-20 09:21:12,487.8828553400691,9098.012181451038,50.801124909404955,later,intermediate (25-75 km)
15289,-8.48,117.13,11,3.461423299,2021-10-22 07:31:40,514.3086503013959,9062.63438506739,72.53542208302915,later,intermediate (25-75 km)
15290,-8.45,117.19,10,3.646093888,2021-10-22 23:13:00,520.9142814058191,9065.948306143482,78.60440971625079,later,far field (>75 km)
15303,-8.38,116.14,13,3.482695637,2021-10-28 04:18:03,405.3150989152093,9073.588601872436,37.41963175847859,later,intermediate (25-75 km)
15304,-8.56,116.07,10,3.547267378,2021-10-28 12:48:00,397.6551464424328,9053.668785708553,49.79710588409863,later,intermediate (25-75 km)
15321,-8.31,117.0,18,3.511360986,2021-11-02 17:58:11,500.0,9081.430909261078,57.5975864537937,later,intermediate (25-75 km)
15328,-8.21,116.47,13,3.408210243,2021-11-04 13:41:52,441.62390425572823,9092.447648295414,17.825181797926344,later,near field (<=25 km)
15330,-8.23,116.75,11,3.52104723,2021-11-04 22:06:05,472.4657800004302,9090.266551385324,33.53975529001028,later,intermediate (25-75 km)
15357,-8.51,116.89,18,3.354622005,2021-11-10 10:52:46,487.8936239804939,9059.318430936853,47.707496598507376,later,intermediate (25-75 km)
15389,-8.21,116.78,10,3.803115219,2021-11-18 16:15:54,475.7686893021239,9092.479561819242,37.49906681017885,later,intermediate (25-75 km)
15392,-8.89,116.88,10,3.935509871,2021-11-20 04:38:16,486.80635198609036,9017.30694487569,72.64325426453334,later,intermediate (25-75 km)
15397,-8.3,116.04,13,3.607860973,2021-11-21 04:18:04,394.28278610743223,9082.408582629068,49.03075006707932,later,intermediate (25-75 km)
15399,-8.9,116.88,10,3.193207578,2021-11-21 09:42:53,486.80671001836674,9016.201376676267,73.53105380401325,later,intermediate (25-75 km)
15402,-8.24,116.85,21,3.350119697,2021-11-22 13:13:45,483.4799149502415,9089.166522860782,43.2008668798248,later,intermediate (25-75 km)
15413,-8.33,116.03,17,3.857137762,2021-11-25 04:04:39,393.1895860535978,9079.08884832074,49.70668161085882,later,intermediate (25-75 km)
15414,-8.31,116.01,11,3.502773349,2021-11-25 04:16:10,390.9815706048762,9081.294774306063,52.137559346971386,later,intermediate (25-75 km)
15415,-8.25,116.03,15,3.465128151,2021-11-25 04:24:04,393.1679923082242,9087.934321297222,51.27882280549232,later,intermediate (25-75 km)
15422,-8.5,117.17,10,3.357992251,2021-11-26 06:40:16,518.7103543434583,9060.421591145063,77.25889936490292,later,far field (>75 km)
15435,-8.9,116.89,10,3.564327318,2021-11-27 10:17:06,487.90615220383455,9016.201718079534,74.1937224450038,later,intermediate (25-75 km)
15444,-8.19,116.37,17,3.340256188,2021-11-29 11:52:18,430.6056840094021,9094.642906818906,23.390361314458737,later,near field (<=25 km)
15450,-8.87,116.91,10,3.451443552,2021-12-02 04:48:05,490.1042308749344,9019.519011597149,72.9785385073422,later,intermediate (25-75 km)
15498,-8.2,116.47,13,3.743388408,2021-12-13 02:56:59,441.62244469036847,9093.553220533797,18.935135738873708,later,near field (<=25 km)
15756,-8.3,116.93,10,4.68871486,2021-12-15 16:12:42,492.29179928619044,9082.535761601075,50.11730643496701,later,intermediate (25-75 km)
15924,-8.21,116.46,11,4.431048922,2021-12-19 15:49:55,440.52243728468073,9092.446179542247,17.92677564631788,later,near field (<=25 km)
15959,-8.35,117.06,17,3.275717994,2021-12-21 23:06:03,506.6061906483573,9077.008273133064,63.846496217740956,later,intermediate (25-75 km)
15962,-8.28,117.08,10,4.154059189,2021-12-22 00:46:36,508.8098180192872,9084.746618073346,66.76817654608567,later,intermediate (25-75 km)
15972,-8.28,116.43,10,4.031886209,2021-12-23 07:44:19,437.22906713333174,9084.702537558915,11.419881689579903,later,near field (<=25 km)
16005,-8.5,116.98,10,3.45581697,2021-12-27 21:50:14,497.7987849083308,9060.42563716844,56.864063844171405,later,intermediate (25-75 km)
16008,-8.43,116.95,15,3.738175735,2021-12-28 06:00:41,494.4959675746598,9068.16412897356,52.12965828899804,later,intermediate (25-75 km)
16038,-8.61,116.06,10,3.494433865,2022-01-01 11:06:50,396.56811031503696,9048.137657400404,53.3451550037197,later,intermediate (25-75 km)
16043,-8.59,116.72,11,3.701480753,2022-01-02 02:41:22,469.1900962828469,9050.464539495144,35.987903134362185,later,intermediate (25-75 km)
16211,-8.89,116.87,16,3.330678532,2022-01-15 04:47:21,485.7068795791243,9017.306574188504,71.98308381897547,later,intermediate (25-75 km)
16218,-8.26,116.7,11,3.651091816,2022-01-15 14:56:03,466.96138185427486,9086.946137657567,27.12056944855062,later,intermediate (25-75 km)
16224,-7.9,116.8,14,3.713836904,2022-01-16 05:14:16,477.9547818583028,9126.751988584056,63.023980396012995,later,intermediate (25-75 km)
16319,-8.27,116.84,10,3.811406966,2022-01-24 13:55:43,482.3799030579078,9085.849495453282,41.140067269574956,later,intermediate (25-75 km)
16320,-8.43,116.81,10,3.911765695,2022-01-24 13:58:13,479.0846424084209,9068.159397062454,36.90868160428944,later,intermediate (25-75 km)
16323,-8.77,116.15,10,4.539996968,2022-01-24 21:14:14,406.51155490982325,9030.47008733177,57.400849301932105,later,intermediate (25-75 km)
16378,-8.83,116.77,10,3.355573471,2022-02-01 07:52:12,474.7080259236677,9023.934670366923,60.27328965930121,later,intermediate (25-75 km)
16391,-8.43,116.99,10,3.492482989,2022-02-02 18:20:49,498.89919364416204,9068.164466965689,56.49636189987165,later,intermediate (25-75 km)
16392,-8.37,117.0,10,3.670167373,2022-02-02 18:27:57,500.0,9074.797705201554,57.20548422831302,later,intermediate (25-75 km)
16393,-8.39,116.98,10,3.774231392,2022-02-02 18:29:13,497.7981614924826,9072.58657665106,55.048799571189825,later,intermediate (25-75 km)
16394,-8.44,116.96,10,3.540774207,2022-02-02 18:33:24,495.5968874686538,9067.058716138914,53.37093948768132,later,intermediate (25-75 km)
16395,-8.34,117.01,10,3.684975046,2022-02-02 18:44:19,501.1010595898543,9078.114295797308,58.40317831048614,later,intermediate (25-75 km)
16396,-8.36,117.02,21,3.527625152,2022-02-02 18:48:27,502.2020071302348,9075.903184725472,59.41686289926003,later,intermediate (25-75 km)
16419,-8.25,116.76,10,3.6683043,2022-02-06 15:52:22,473.5684825475789,9088.056149862019,33.57319017446712,later,intermediate (25-75 km)
16437,-8.29,116.68,15,3.509423808,2022-02-09 01:19:04,464.76145192698857,9083.627784411543,23.73443921134541,later,near field (<=25 km)
16438,-8.82,116.82,17,3.372185166,2022-02-09 09:59:46,480.2057680640016,9025.043257140334,62.4592348712971,later,intermediate (25-75 km)
16447,-8.9,116.94,10,3.657695612,2022-02-12 04:59:30,493.40335847627586,9016.202979785558,77.6558293253314,later,far field (>75 km)
16452,-8.42,116.0,13,3.865392263,2022-02-13 00:24:49,389.9111522363694,9069.129334437092,53.0935657274258,later,intermediate (25-75 km)
16453,-8.48,116.03,17,3.878344497,2022-02-13 00:48:19,393.2306322010498,9062.503493143855,50.986594870553645,later,intermediate (25-75 km)
16470,-8.51,116.91,10,3.754483383,2022-02-14 17:49:17,490.09478519317327,9059.318999447554,49.79207470974315,later,intermediate (25-75 km)
16486,-8.56,116.57,14,3.543064094,2022-02-17 10:25:33,452.68083311747813,9053.765996017617,23.330929537588315,later,near field (<=25 km)
16505,-8.48,117.11,10,3.286216114,2022-02-18 19:02:22,512.1073166446038,9062.635064946433,70.36800441379755,later,intermediate (25-75 km)
16508,-8.41,116.53,18,3.407509904,2022-02-19 02:38:26,448.2588864751287,9070.34451948252,7.073584047846456,later,near field (<=25 km)
16513,-8.07,116.3,14,3.887400802,2022-02-19 16:40:49,422.8719286022197,9107.89738372091,38.796930026171374,later,intermediate (25-75 km)
16778,-8.44,116.9,10,3.486067012,2022-03-03 13:04:06,488.9922141491741,9067.057531802455,46.85135784114277,later,intermediate (25-75 km)
16780,-8.34,116.88,11,3.862207323,2022-03-03 13:20:15,486.787275670913,9078.112302813704,44.132167991744176,later,intermediate (25-75 km)
16787,-8.54,117.06,17,3.974049816,2022-03-03 21:51:30,506.60296021912023,9056.003004041519,66.53389948461795,later,intermediate (25-75 km)
16824,-8.85,116.84,10,3.343793773,2022-03-07 04:22:48,482.40655554100255,9021.727558317885,66.44718393475868,later,intermediate (25-75 km)
16827,-8.27,116.69,10,4.400358757,2022-03-07 06:37:40,465.86094424823136,9085.839749940118,25.64160725155652,later,intermediate (25-75 km)
16835,-8.43,115.99,10,3.961944397,2022-03-08 11:39:52,388.8130104589088,9068.020802018378,54.31233665749439,later,intermediate (25-75 km)
16843,-8.37,116.89,10,3.366339532,2022-03-09 03:48:02,487.8892626232925,9074.796012937657,45.104325344050956,later,intermediate (25-75 km)
16888,-8.41,116.95,10,3.59209832,2022-03-15 03:12:39,494.495685036806,9070.375206743662,51.893260606481356,later,intermediate (25-75 km)
16889,-8.35,116.96,10,3.96613433,2022-03-15 03:22:21,495.59587333231315,9077.008552196457,52.85322592996708,later,intermediate (25-75 km)
16890,-8.38,116.95,10,3.609949697,2022-03-15 03:49:08,494.4952624798658,9073.691819195197,51.71624881332691,later,intermediate (25-75 km)
16891,-8.85,116.83,10,3.520330479,2022-03-15 04:50:26,481.3069622586205,9021.727071140689,65.7982499943554,later,intermediate (25-75 km)
16901,-8.89,116.87,10,3.524002593,2022-03-18 05:12:53,485.7068795791243,9017.306574188504,71.98308381897547,later,intermediate (25-75 km)
16922,-8.29,116.83,10,3.933018849,2022-03-21 15:40:36,481.27958874010164,9083.637968525425,39.521760582656995,later,intermediate (25-75 km)
16934,-8.37,116.52,17,3.563176859,2022-03-22 07:46:51,447.1525813208606,9074.765481378738,4.400422181830954,later,near field (<=25 km)
16935,-8.4,116.52,10,3.573423179,2022-03-22 07:48:51,447.1566332990657,9071.448759631892,5.521784349533322,later,near field (<=25 km)
16941,-8.9,116.86,10,3.52702815,2022-03-23 04:50:47,484.60782445962826,9016.20060480729,72.23767728488855,later,intermediate (25-75 km)
16949,-8.85,116.84,11,3.272461988,2022-03-24 10:33:24,482.40655554100255,9021.727558317885,66.44718393475868,later,intermediate (25-75 km)
16985,-8.24,116.42,12,3.67434544,2022-03-28 19:23:51,436.12135503131105,9089.123282906014,15.891497640017787,later,near field (<=25 km)
16990,-8.26,116.42,10,3.561318119,2022-03-29 15:18:58,436.1245670027923,9086.912115488269,13.899236836696142,later,near field (<=25 km)
16995,-8.87,116.86,10,3.478703973,2022-03-31 04:32:17,484.6065727431847,9019.517310150077,69.54397818217991,later,intermediate (25-75 km)
17002,-8.9,116.88,10,3.229843849,2022-04-01 04:53:17,486.80671001836674,9016.201376676267,73.53105380401325,later,intermediate (25-75 km)
17003,-8.86,116.89,10,3.217108812,2022-04-01 04:54:50,487.9048416166818,9020.623985845481,70.71394438362665,later,intermediate (25-75 km)
17004,-8.33,116.13,10,3.477241141,2022-04-01 10:30:38,404.2018321302055,9079.114467824424,38.76169891810875,later,intermediate (25-75 km)
17016,-8.57,116.08,11,3.357757266,2022-04-02 22:12:30,398.7583645956102,9052.56574680172,49.29443655391954,later,intermediate (25-75 km)
17018,-8.32,116.97,16,3.677010037,2022-04-03 04:51:28,496.6966533783183,9080.325251500586,54.1945597084906,later,intermediate (25-75 km)
17060,-8.26,116.6,10,3.530040355,2022-04-10 00:04:52,455.9483580341912,9086.936472482133,17.998072742482965,later,near field (<=25 km)
17063,-8.48,116.85,10,3.589389104,2022-04-10 11:30:50,483.490014362922,9062.633591874137,42.49642228125532,later,intermediate (25-75 km)
17086,-8.44,116.7,23,3.11642315,2022-04-14 18:55:43,466.9765132335562,9067.04625228285,25.421092007386335,later,intermediate (25-75 km)
17088,-8.32,116.2,13,3.661041142,2022-04-15 08:27:01,411.9079996418124,9080.236381076047,31.302625751653597,later,intermediate (25-75 km)
17117,-8.37,117.09,27,3.562141122,2022-04-19 23:14:50,509.9087831864196,9074.796572364306,67.10643158618957,later,intermediate (25-75 km)
17154,-8.87,116.9,10,3.42004275,2022-04-28 03:08:04,489.0046999551397,9019.518730488839,72.27123949985345,later,intermediate (25-75 km)
17155,-8.04,116.45,21,3.689309975,2022-04-28 05:02:01,439.39546896074125,9111.239397812695,36.842567025458,later,intermediate (25-75 km)
17204,-8.42,116.51,27,3.314271419,2022-05-04 22:36:28,446.05846999152124,9069.236244463198,6.465405471121432,later,near field (<=25 km)
17205,-8.65,116.6,14,3.515717216,2022-05-04 23:36:06,455.9926175665123,9043.819381330935,33.81580667846528,later,intermediate (25-75 km)
17231,-8.26,116.83,10,3.528345326,2022-05-09 13:29:11,481.2781724380673,9086.954573836443,40.40494388590509,later,intermediate (25-75 km)
17234,-8.49,116.8,10,3.518643415,2022-05-10 03:24:15,477.9872363968694,9061.525564510464,37.642264884407744,later,intermediate (25-75 km)
17322,-8.31,116.48,10,3.446528927,2022-05-30 18:35:34,442.7397851011211,9081.393354296957,6.6716955986734625,later,near field (<=25 km)
17328,-8.8,116.73,10,3.431579373,2022-06-01 04:40:44,470.3069976361304,9027.248443023289,55.151671939739536,later,intermediate (25-75 km)
17343,-8.88,116.9,10,3.354556776,2022-06-03 05:25:16,489.0049976492556,9018.413164182177,73.12971075974671,later,intermediate (25-75 km)
17346,-8.3,116.26,10,3.712892363,2022-06-03 20:19:33,418.5111405468745,9082.46047328945,25.42523360663265,later,intermediate (25-75 km)
17369,-8.85,116.85,10,3.403943304,2022-06-07 04:37:58,483.5061483093822,9021.728015968823,67.10785517832778,later,intermediate (25-75 km)
17378,-8.38,116.96,10,3.690938304,2022-06-08 18:37:17,495.5962101778648,9073.691945212035,52.816091013591866,later,intermediate (25-75 km)
17379,-8.41,116.95,10,3.850534975,2022-06-08 20:29:33,494.495685036806,9070.375206743662,51.893260606481356,later,intermediate (25-75 km)
17399,-8.4,117.24,10,4.530260682,2022-06-12 10:20:14,526.4214599484494,9071.473011816955,83.67130810230422,later,far field (>75 km)
17400,-8.49,117.2,11,3.579656619,2022-06-12 10:37:42,522.0127636031335,9061.525564510464,80.31155350349539,later,far field (>75 km)
17432,-8.35,115.97,24,3.567225779,2022-06-20 23:53:35,386.5878567033891,9076.860726702896,56.150875410575594,later,intermediate (25-75 km)
17435,-8.39,116.03,10,3.654307642,2022-06-22 01:14:36,393.20591720288854,9072.454720940008,49.55340272046287,later,intermediate (25-75 km)
17440,-8.23,116.76,10,3.833709242,2022-06-23 13:11:07,473.5671551492063,9090.267225547157,34.518136520980306,later,intermediate (25-75 km)
17455,-8.28,116.66,10,3.829720049,2022-06-27 07:11:28,462.55807310645946,9084.7315051503,22.189106695339017,later,near field (<=25 km)
17460,-8.48,116.98,13,3.831629777,2022-06-28 10:36:59,497.7986709601446,9062.636722148183,56.341192093209635,later,intermediate (25-75 km)
17468,-8.04,116.84,10,4.211899476,2022-07-02 19:05:28,482.3698307311738,9111.276639671954,54.002279486068765,later,intermediate (25-75 km)
17483,-8.36,117.13,15,3.725162167,2022-07-05 14:43:21,514.3130579070632,9075.900879770046,71.51641503758705,later,intermediate (25-75 km)
17484,-8.46,117.12,11,3.926700227,2022-07-05 18:04:03,513.2086653712817,9064.845826430417,71.10633744024375,later,intermediate (25-75 km)
17488,-8.44,117.13,12,3.869282405,2022-07-06 21:20:02,514.3101264354204,9067.056558952789,71.92282930386281,later,intermediate (25-75 km)
17492,-8.46,117.12,11,3.572387002,2022-07-08 02:00:43,513.2086653712817,9064.845826430417,71.10633744024375,later,intermediate (25-75 km)
17497,-8.34,115.87,17,3.549992364,2022-07-10 00:41:02,375.57248770058993,9077.936320710336,67.1918712094657,later,intermediate (25-75 km)
17503,-8.08,116.47,10,4.027624587,2022-07-12 19:40:15,441.6050677778117,9106.820045267563,32.26530238626333,later,intermediate (25-75 km)
17506,-8.41,117.1,14,3.587410821,2022-07-13 21:29:56,511.00863396589125,9070.374152950695,68.34790372905367,later,intermediate (25-75 km)
17514,-8.55,116.01,17,3.454032979,2022-07-15 05:38:58,391.04879718534903,9054.758020429428,55.43249779097059,later,intermediate (25-75 km)
17553,-8.18,116.5,11,3.555187225,2022-07-24 07:53:29,444.9241691834738,9095.768589824707,21.24134943499152,later,near field (<=25 km)
17554,-8.54,116.08,16,3.646488066,2022-07-24 10:20:56,398.7504407191905,9055.882796588463,47.88370258080488,later,intermediate (25-75 km)
17563,-8.7,116.73,13,3.668474179,2022-07-26 04:51:22,470.29907214380006,9038.304134487882,45.849965135172454,later,intermediate (25-75 km)
17588,-8.31,116.85,10,3.84079038,2022-08-01 18:09:09,483.48283086138036,9081.427784407297,41.250139017379006,later,intermediate (25-75 km)
17591,-8.29,116.7,13,3.486885085,2022-08-02 23:11:24,466.9638812490606,9083.62950256091,25.787670001318862,later,intermediate (25-75 km)
17607,-8.36,117.16,10,3.608709117,2022-08-05 20:23:03,517.6160787724679,9075.899664426077,74.81639150716433,later,intermediate (25-75 km)
17614,-8.36,117.16,12,4.682184375,2022-08-09 06:36:09,517.6160787724679,9075.899664426077,74.81639150716433,later,intermediate (25-75 km)
17618,-8.3,116.0,10,3.933447971,2022-08-09 12:53:56,389.8774792696575,9082.397704398363,53.38033009397973,later,intermediate (25-75 km)
17619,-8.34,117.14,10,4.884043191,2022-08-09 13:04:42,515.414848975204,9078.111578090626,72.68633855206643,later,intermediate (25-75 km)
17624,-8.34,116.93,12,3.589729062,2022-08-10 18:17:31,492.2925810596689,9078.113626824586,49.618911912685675,later,intermediate (25-75 km)
17634,-8.35,117.21,15,3.658788496,2022-08-15 10:18:20,523.1217131132546,9077.002622069265,80.34053962337016,later,far field (>75 km)
17660,-8.74,116.33,21,3.335453355,2022-08-24 15:50:54,426.30418664187937,9033.827021365438,44.32509455882888,later,intermediate (25-75 km)
17681,-8.32,116.26,10,3.380577107,2022-08-31 12:19:14,418.5152684054034,9080.249230691743,24.83421460409923,later,near field (<=25 km)
17682,-8.32,116.27,10,3.321705232,2022-08-31 12:24:17,419.61647129643353,9080.25127492137,23.76323975981424,later,near field (<=25 km)
17685,-8.71,116.83,18,3.46272413,2022-08-31 19:05:50,481.29995238550123,9037.204964127879,53.949392856329574,later,intermediate (25-75 km)
17695,-8.9,116.87,14,3.333649637,2022-09-03 03:15:04,485.7072674476657,9016.201005585539,72.87894343770868,later,intermediate (25-75 km)
17698,-8.39,116.02,16,3.519552,2022-09-03 05:23:30,392.10484430982217,9072.45198676102,50.652395473662104,later,intermediate (25-75 km)
17720,-8.33,116.84,10,3.585410697,2022-09-07 20:31:28,482.38257703723883,9079.216279758752,39.85479382322364,later,intermediate (25-75 km)
17741,-8.3,117.18,10,3.471277059,2022-09-09 16:06:02,519.82111424879,9082.531946795498,77.40661756831932,later,far field (>75 km)
17745,-8.35,116.09,11,3.864055728,2022-09-10 06:11:17,399.80206400321714,9076.893217343952,42.962812219821146,later,intermediate (25-75 km)
17753,-8.42,116.94,11,3.640001875,2022-09-11 12:52:11,493.39499111146597,9069.269513404623,50.906113496220215,later,intermediate (25-75 km)
17755,-8.85,116.78,12,3.46115843,2022-09-12 05:14:03,475.8089870122775,9021.724192358168,62.742157280030284,later,intermediate (25-75 km)
17803,-8.48,117.22,10,3.481057625,2022-09-22 00:20:48,524.2146762623469,9062.629923340897,82.31013077932775,later,far field (>75 km)
17821,-8.9,116.35,10,3.493529923,2022-09-25 17:02:32,428.5349266035488,9016.140796760394,60.64140666141704,later,intermediate (25-75 km)
17826,-8.27,116.71,10,3.925775987,2022-09-26 22:11:43,468.06348275181347,9085.841408763024,27.64090613866163,later,intermediate (25-75 km)
17863,-8.65,116.79,19,3.059459139,2022-10-05 17:42:35,476.8962548960272,9043.83611713188,46.168708291915,later,intermediate (25-75 km)
17911,-8.56,116.08,10,4.000387727,2022-10-13 03:51:48,398.7557202377096,9053.671430619534,48.80339282648365,later,intermediate (25-75 km)
17912,-8.73,116.09,26,3.374799477,2022-10-13 04:09:26,399.901168659385,9034.877396286678,58.66388925427996,later,intermediate (25-75 km)
17916,-8.35,115.96,10,3.434012608,2022-10-13 19:40:20,385.48665187511244,9076.857837623787,57.250162346993214,later,intermediate (25-75 km)
17917,-8.34,115.93,36,3.366019001,2022-10-13 19:49:31,382.18001981047325,9077.95472302793,60.600011778374466,later,intermediate (25-75 km)
17927,-8.7,116.63,10,4.494941074,2022-10-16 01:13:25,459.2986014439021,9038.294841189378,40.231107667721915,later,intermediate (25-75 km)
17929,-8.51,116.91,23,3.341836907,2022-10-16 06:53:21,490.09478519317327,9059.318999447554,49.79207470974315,later,intermediate (25-75 km)
17935,-8.48,116.42,20,3.162538714,2022-10-17 06:10:37,436.1604091628838,9062.58912878258,13.898351370794828,later,near field (<=25 km)
17938,-8.28,115.93,13,3.638678558,2022-10-17 17:05:08,382.16211115120893,9084.589033079485,61.334703603408194,later,intermediate (25-75 km)
17943,-8.26,115.94,13,3.372602413,2022-10-18 11:04:15,383.25763620961084,9086.803407210487,60.660013844337726,later,intermediate (25-75 km)
17944,-8.75,116.62,15,3.449057204,2022-10-18 12:47:05,458.2041098335288,9032.765855840686,44.970848055534745,later,intermediate (25-75 km)
17948,-8.44,116.81,10,3.756955518,2022-10-18 22:24:30,479.0851801846978,9067.053851884002,37.12533319631542,later,intermediate (25-75 km)
17956,-8.46,116.5,25,3.09465253,2022-10-20 10:19:26,444.9632602208951,9064.81253113184,10.246498471161628,later,near field (<=25 km)
17957,-8.87,116.88,10,3.253926012,2022-10-20 10:23:58,486.8056371199501,9019.518079500662,70.8866270351449,later,intermediate (25-75 km)
17971,-8.32,116.81,10,3.529710521,2022-10-21 18:34:55,479.07876866538857,9080.320357114113,36.729041193816485,later,intermediate (25-75 km)
17976,-8.33,116.03,15,3.650468058,2022-10-22 06:41:32,393.1895860535978,9079.08884832074,49.70668161085882,later,intermediate (25-75 km)
17978,-8.53,116.73,15,3.368885074,2022-10-22 23:19:21,470.28580519632106,9057.098677621683,32.75070594459489,later,intermediate (25-75 km)
17979,-8.87,116.87,10,3.259092607,2022-10-23 08:13:50,485.70610514032256,9019.517709620697,70.20990492767154,later,intermediate (25-75 km)
17980,-8.9,116.88,10,3.355366284,2022-10-23 08:24:55,486.80671001836674,9016.201376676267,73.53105380401325,later,intermediate (25-75 km)
18012,-8.9,116.87,10,3.441695421,2022-10-29 09:59:55,485.7072674476657,9016.201005585539,72.87894343770868,later,intermediate (25-75 km)
18015,-8.33,116.25,10,4.174306336,2022-10-30 05:26:05,417.41615869871254,9079.141534104512,25.691659697145756,later,intermediate (25-75 km)
18048,-8.32,116.02,14,3.640790743,2022-11-04 06:01:52,392.0856062217028,9080.1918223131,50.9125721819018,later,intermediate (25-75 km)
18054,-8.87,116.86,11,3.132497288,2022-11-05 09:42:55,484.6065727431847,9019.517310150077,69.54397818217991,later,intermediate (25-75 km)
18059,-8.3,116.8,12,3.982860478,2022-11-06 07:13:33,477.97653152507127,9082.530892517321,36.056691415338726,later,intermediate (25-75 km)
18062,-8.48,117.04,18,3.491236258,2022-11-06 17:51:29,504.4026583380005,9062.636552178998,62.79983287716212,later,intermediate (25-75 km)
18066,-8.46,117.07,19,3.495737053,2022-11-07 03:04:59,507.7050512205732,9064.847168941613,65.66575476871436,later,intermediate (25-75 km)
18076,-8.32,115.91,20,3.498936356,2022-11-07 23:26:07,379.97142756196774,9080.160153378192,62.95600383009151,later,intermediate (25-75 km)
18077,-8.31,115.92,15,3.488011176,2022-11-07 23:42:40,381.0697190326286,9081.268893633689,61.970819593309706,later,intermediate (25-75 km)
18078,-8.29,115.93,13,3.780776285,2022-11-08 03:08:05,382.1650870075808,9083.483316073938,61.162350808034994,later,intermediate (25-75 km)
18080,-8.51,116.87,16,3.539105259,2022-11-08 07:33:46,485.69246134778155,9059.317748723264,45.63373874492146,later,intermediate (25-75 km)
18082,-8.29,115.94,15,3.672115624,2022-11-08 22:44:51,383.266469691517,9083.48626817868,60.074044916820036,later,intermediate (25-75 km)
18093,-8.84,116.84,15,3.265721592,2022-11-11 04:39:50,482.4060808265599,9022.833125375104,65.55767752038774,later,intermediate (25-75 km)
18101,-8.48,116.41,10,3.529080625,2022-11-12 17:52:13,435.0596894151506,9062.587471441515,14.453121670448919,later,near field (<=25 km)
18110,-8.36,116.96,10,3.508109347,2022-11-13 17:51:26,495.5959854808334,9075.903017092673,52.81744672364625,later,intermediate (25-75 km)
18120,-8.58,116.81,13,3.158491754,2022-11-16 10:49:58,479.09277553218254,9051.576160074286,43.156602287237064,later,intermediate (25-75 km)
18122,-8.31,115.93,17,3.548653616,2022-11-16 13:05:48,382.17104942478846,9081.271880461067,60.877139394415565,later,intermediate (25-75 km)
18128,-7.96,117.17,10,3.711528755,2022-11-18 05:45:28,518.7357099576479,9120.12035732498,88.5794731975826,later,far field (>75 km)
18140,-8.38,116.04,10,4.110313078,2022-11-20 13:21:57,394.30428517348105,9073.563113181473,48.41679005060692,later,intermediate (25-75 km)
18141,-8.25,116.47,11,3.552997608,2022-11-20 14:14:57,441.62976019066656,9088.025353904517,13.38867775490113,later,near field (<=25 km)
18147,-8.3,116.47,10,3.613913437,2022-11-21 13:13:41,441.6371198715591,9082.49747363356,7.861016253806909,later,near field (<=25 km)
18150,-8.32,115.93,16,3.960105943,2022-11-22 22:46:58,382.17403598545275,9080.166161852492,60.764560025411924,later,intermediate (25-75 km)
18159,-8.86,116.82,10,3.316707394,2022-11-25 04:23:10,480.20790308402724,9020.620985693091,66.07499598479123,later,intermediate (25-75 km)
18161,-8.73,116.6,12,3.426043045,2022-11-25 21:05:02,456.00194700271356,9034.97474325107,42.148841419447756,later,intermediate (25-75 km)
18176,-8.35,116.8,10,4.262911371,2022-11-28 13:48:48,477.9793252645289,9077.003194154875,35.274453069817646,later,intermediate (25-75 km)
18184,-8.26,116.43,13,3.396551141,2022-12-02 01:44:38,437.22590294746897,9086.91370342033,13.411654866714773,later,near field (<=25 km)
18189,-8.9,116.89,10,3.376327951,2022-12-02 04:19:27,487.90615220383455,9016.201718079534,74.1937224450038,later,intermediate (25-75 km)
18191,-8.89,116.86,10,3.301904492,2022-12-02 05:16:00,484.6074067547638,9017.306173846084,71.33374717920489,later,intermediate (25-75 km)
18192,-8.27,116.56,16,3.402914995,2022-12-02 07:38:33,451.54433454469944,9085.826271819149,14.181600394010404,later,near field (<=25 km)
18198,-8.32,115.75,28,3.287966166,2022-12-03 20:33:26,362.3500304418121,9080.10807721085,80.50504852211313,later,far field (>75 km)
18206,-8.31,115.91,20,3.663573889,2022-12-05 09:47:12,379.9683851448198,9081.265879005561,63.06472623685363,later,intermediate (25-75 km)
18211,-7.98,116.85,10,3.445961029,2022-12-05 16:00:40,483.46929901477426,9117.91017464186,59.48994279165301,later,intermediate (25-75 km)
18213,-8.45,116.99,11,3.383520659,2022-12-05 16:15:38,498.8992502850075,9065.953387726242,56.80049662393239,later,intermediate (25-75 km)
18219,-8.38,116.02,10,3.575800439,2022-12-05 20:01:39,392.102086209514,9073.557679178482,50.616417427587855,later,intermediate (25-75 km)
18220,-8.27,116.3,10,3.616282921,2022-12-05 20:15:35,422.9103217438309,9085.785296309756,22.71252169698457,later,near field (<=25 km)
18227,-8.87,116.93,10,3.383748312,2022-12-07 03:46:36,492.30329187950497,9019.519485042423,74.42169718019757,later,intermediate (25-75 km)
18250,-8.24,116.41,12,3.577398944,2022-12-11 14:43:01,435.0199618201038,9089.121671156707,16.37919232204196,later,near field (<=25 km)
18313,-8.27,116.8,10,3.91635623,2022-12-13 16:27:36,477.9748632823777,9085.84750489437,36.92205053611008,later,intermediate (25-75 km)
18379,-8.23,116.49,10,4.051494703,2022-12-18 02:59:14,443.8296471405448,9090.239364087824,15.606126183054299,later,near field (<=25 km)
18380,-8.25,116.49,10,3.524629605,2022-12-18 03:12:17,443.8324680052082,9088.028222566252,13.388677754901003,later,near field (<=25 km)
18381,-8.25,116.46,10,3.568103631,2022-12-18 03:20:46,440.52840372495456,9088.023878192898,13.523627551853858,later,near field (<=25 km)
18382,-8.9,116.89,10,3.311867682,2022-12-18 04:47:30,487.90615220383455,9016.201718079534,74.1937224450038,later,intermediate (25-75 km)
18383,-8.84,116.81,10,3.299514478,2022-12-18 09:57:44,479.1072102984691,9022.831576960285,63.62074367166846,later,intermediate (25-75 km)
18385,-8.25,116.45,11,3.521141331,2022-12-18 10:21:07,439.42704551042885,9088.022374893815,13.745599988838013,later,near field (<=25 km)
18386,-8.24,116.45,14,3.904979995,2022-12-18 17:50:35,439.42552352281166,9089.127952819637,14.827426454694345,later,near field (<=25 km)
18388,-8.22,116.47,10,3.873430045,2022-12-19 03:27:22,441.62536558847984,9091.342075513938,16.715493086547294,later,near field (<=25 km)
18389,-8.18,116.49,10,3.550999675,2022-12-19 03:58:29,443.8226247402445,9095.767208370298,21.15567231367511,later,near field (<=25 km)
18394,-8.22,116.48,13,3.342633424,2022-12-19 11:10:11,442.7268032661342,9091.3435185173,16.679238996683658,later,near field (<=25 km)
18395,-8.34,116.81,18,3.381849272,2022-12-19 13:21:18,479.0798309187511,9078.109278482298,36.457812526630455,later,intermediate (25-75 km)
18401,-8.48,116.01,18,3.420490959,2022-12-20 19:53:17,391.0289930814666,9062.497939484023,53.12487512088618,later,intermediate (25-75 km)
18406,-8.46,117.11,12,3.433519308,2022-12-22 02:41:14,512.1079418952412,9064.846151459737,70.01747959770124,later,intermediate (25-75 km)
18423,-8.38,116.1,10,3.668847061,2022-12-25 18:29:48,400.9108085989919,9073.578742648395,41.81825815636711,later,intermediate (25-75 km)
18428,-8.88,116.86,12,3.414163191,2022-12-27 10:12:00,484.6069895159453,9018.411742293463,70.43577060407101,later,intermediate (25-75 km)
18435,-8.33,116.83,10,3.88377548,2022-12-29 11:26:18,481.28148507735295,9079.215820373058,38.76169891810719,later,intermediate (25-75 km)
18459,-8.31,117.23,10,3.476399758,2023-01-02 06:21:48,525.3263637207737,9081.423562354667,82.78352532970182,later,far field (>75 km)
18472,-8.88,116.86,16,3.38832,2023-01-03 06:04:48,484.6069895159453,9018.411742293463,70.43577060407101,later,intermediate (25-75 km)
18475,-8.86,116.68,7,3.49768,2023-01-03 13:31:55,464.81393000947276,9020.610640223458,58.754941783784915,later,intermediate (25-75 km)
18476,-8.67,116.15,8,3.55236,2023-01-03 14:51:23,406.48668517195165,9041.526812068489,49.292022572448225,later,intermediate (25-75 km)
18497,-8.85,116.76,16,3.1696,2023-01-05 18:05:39,473.6097921913225,9021.722834158472,61.614671173838424,later,intermediate (25-75 km)
18502,-8.76,116.94,12,3.27896,2023-01-06 03:30:45,493.40087043467884,9031.680856561215,66.62475990544894,later,intermediate (25-75 km)
18510,-8.3,116.58,10,3.965125557,2023-01-06 10:30:07,453.75040720238457,9082.511970657251,13.477019046482782,later,near field (<=25 km)
18511,-8.26,116.55,11,3.644270357,2023-01-06 10:41:53,450.44179957763413,9086.930604257212,14.454280617206676,later,near field (<=25 km)
18512,-8.25,116.53,22,3.33364,2023-01-06 13:26:26,448.2378640736616,9088.033628849656,14.432989055826532,later,near field (<=25 km)
18520,-8.77,116.73,10,3.443,2023-01-07 04:00:05,470.3046105476742,9030.565156572315,52.28666885535736,later,intermediate (25-75 km)
18533,-8.26,116.72,11,3.60704,2023-01-08 15:02:21,469.1639739253829,9086.947739298841,29.10151127786887,later,intermediate (25-75 km)
18541,-8.82,116.81,22,3.11492,2023-01-09 04:28:14,479.1060847464526,9025.04271270334,61.80749016404534,later,intermediate (25-75 km)
18542,-8.84,116.79,10,3.11492,2023-01-09 05:12:43,476.9079602809735,9022.830397212938,62.39294639926048,later,intermediate (25-75 km)
18548,-8.26,116.65,11,3.33364,2023-01-09 10:07:04,461.45488411047603,9086.941650275767,22.348683251141725,later,near field (<=25 km)
18573,-8.56,116.52,13,3.06024,2023-01-11 01:18:59,447.1784870098603,9053.7594920203,21.580218939043263,later,near field (<=25 km)
18574,-8.79,116.58,10,3.1696,2023-01-11 02:03:09,453.80941312164964,9028.338835096427,47.978694343670405,later,intermediate (25-75 km)
18575,-8.69,116.79,10,3.27896,2023-01-11 03:51:22,476.89869820669054,9039.413877720235,49.27647316789195,later,intermediate (25-75 km)
18581,-8.33,116.82,13,3.341991033,2023-01-11 12:35:40,480.18039256751484,9079.215333145392,37.66901547754115,later,intermediate (25-75 km)
18604,-8.38,116.96,10,3.33364,2023-01-12 20:57:46,495.5962101778648,9073.691945212035,52.816091013591866,later,intermediate (25-75 km)
18611,-8.88,116.89,10,3.27896,2023-01-13 08:08:00,487.9054961778827,9018.412853144313,72.44059323483792,later,intermediate (25-75 km)
18624,-8.89,116.87,10,3.27896,2023-01-14 03:25:49,485.7068795791243,9017.306574188504,71.98308381897547,later,intermediate (25-75 km)
18628,-8.34,116.24,13,3.38832,2023-01-14 06:32:19,416.3171049971405,9078.033804245388,26.613441198058013,later,intermediate (25-75 km)
18630,-8.9,116.84,10,3.49768,2023-01-14 09:51:49,482.408937103132,9016.199714187997,70.98884817463134,later,intermediate (25-75 km)
18631,-8.39,116.93,11,3.11492,2023-01-14 11:18:26,492.2935635266543,9072.585945836398,49.55340272046287,later,intermediate (25-75 km)
18634,-8.08,116.53,10,3.33364,2023-01-14 16:09:06,448.2159673576399,9106.828154271803,32.712638129912,later,intermediate (25-75 km)
18635,-8.69,116.21,10,3.295387687,2023-01-14 16:13:54,413.09264400008965,9039.32974621515,46.342535579443926,later,intermediate (25-75 km)
18636,-8.64,116.82,19,3.39257769,2023-01-14 16:30:15,480.19627915151796,9044.943363087648,47.952125160043565,later,intermediate (25-75 km)
18643,-8.79,116.11,10,3.533337421,2023-01-14 19:42:07,402.1170102898615,9028.248526143598,61.935900370602745,later,intermediate (25-75 km)
18644,-8.78,116.11,10,3.502713519,2023-01-14 19:51:14,402.1143869684911,9029.354213570574,61.10217598278268,later,intermediate (25-75 km)
18647,-8.64,116.82,13,3.22428,2023-01-14 22:57:29,480.19627915151796,9044.943363087648,47.952125160043565,later,intermediate (25-75 km)
18655,-8.59,116.17,10,3.58423003,2023-01-15 14:49:52,408.6679197452839,9050.37697103662,41.961923374194875,later,intermediate (25-75 km)
18657,-8.38,116.85,10,3.27896,2023-01-15 17:09:38,483.485771275224,9073.689018813753,40.71856634071513,later,intermediate (25-75 km)
18660,-8.37,116.88,10,3.27896,2023-01-15 23:06:30,486.78828501082063,9074.79569126708,44.004219943714844,later,intermediate (25-75 km)
18667,-8.9,116.82,10,3.27896,2023-01-16 09:47:50,480.21004769204984,9016.19870481785,69.78695802910013,later,intermediate (25-75 km)
18672,-8.48,117.07,11,3.38832,2023-01-17 01:30:23,507.7046533345207,9062.63608476347,66.03961324774589,later,intermediate (25-75 km)
18673,-8.86,116.85,10,3.33364,2023-01-17 04:48:48,483.5065938532142,9020.622448823495,67.99524889570009,later,intermediate (25-75 km)
18707,-8.51,116.86,10,3.22428,2023-01-18 12:21:51,484.5918794182288,9059.31736497776,44.60138937523397,later,intermediate (25-75 km)
18708,-8.5,116.87,10,3.1696,2023-01-18 12:24:23,485.6920903648713,9060.42329473737,45.2670105569449,later,intermediate (25-75 km)
18709,-8.51,116.87,18,3.00556,2023-01-18 12:27:50,485.69246134778155,9059.317748723264,45.63373874492146,later,intermediate (25-75 km)
18720,-8.77,117.22,10,3.443,2023-01-19 04:26:29,524.1962143664767,9030.568741856112,92.7286601879826,later,far field (>75 km)
18730,-8.78,116.11,10,2.84152,2023-01-19 17:18:13,402.1143869684911,9029.354213570574,61.10217598278268,later,intermediate (25-75 km)
18736,-8.9,116.8,10,3.468809595,2023-01-20 05:09:09,478.0111559695635,9016.197576696251,68.63447280604903,later,intermediate (25-75 km)
18744,-8.4,116.77,33,3.33364,2023-01-20 17:01:54,474.67944003914073,9071.47367143928,32.075763776731606,later,intermediate (25-75 km)
18751,-8.53,115.99,32,3.27896,2023-01-21 06:39:08,388.84175604939776,9056.963729144016,56.754665812068566,later,intermediate (25-75 km)
18753,-8.89,116.85,9,3.38832,2023-01-21 09:56:26,483.5079334809014,9017.305743848368,70.69554287093936,later,intermediate (25-75 km)
18756,-8.41,116.03,21,3.443,2023-01-21 13:50:34,393.2113867903237,9070.243340805582,49.70161697470787,later,intermediate (25-75 km)
18795,-8.43,116.88,11,3.1696,2023-01-23 10:07:03,486.7903144899866,9068.162453092928,44.503750816823334,later,intermediate (25-75 km)
18800,-8.46,117.07,10,3.415065982,2023-01-23 16:01:04,507.7050512205732,9064.847168941613,65.66575476871436,later,intermediate (25-75 km)
18807,-8.87,116.88,10,3.456092129,2023-01-24 04:31:18,486.8056371199501,9019.518079500662,70.8866270351449,later,intermediate (25-75 km)
18826,-8.87,116.79,10,3.33364,2023-01-25 04:13:16,476.909831575138,9019.51368531177,65.21187159103916,later,intermediate (25-75 km)
18827,-8.85,116.82,10,3.38832,2023-01-25 04:15:57,480.20736843010775,9021.726554437166,65.1614040293351,later,intermediate (25-75 km)
18831,-8.9,116.82,10,3.22428,2023-01-25 07:30:06,480.21004769204984,9016.19870481785,69.78695802910013,later,intermediate (25-75 km)
18834,-8.47,116.89,16,3.00556,2023-01-25 11:20:34,487.8923705467954,9063.740608485294,46.44909893645939,later,intermediate (25-75 km)
18857,-8.36,115.95,13,3.500989021,2023-01-27 02:14:53,384.3883883927518,9075.749206746845,58.31693978493448,later,intermediate (25-75 km)
18887,-8.9,116.83,10,3.470634174,2023-01-29 08:59:43,481.30949267046685,9016.199224346816,70.38188323716385,later,intermediate (25-75 km)
18924,-8.28,117.01,10,3.889958894,2023-01-31 04:26:20,501.1012269125185,9084.74748996014,59.16481715291201,later,intermediate (25-75 km)
18942,-8.57,116.05,15,3.66172,2023-02-01 10:55:06,395.4567204447616,9052.557717160107,52.26024537033008,later,intermediate (25-75 km)
18943,-8.44,116.9,23,3.60704,2023-02-01 10:56:55,488.9922141491741,9067.057531802455,46.85135784114277,later,intermediate (25-75 km)
18949,-8.82,116.14,10,3.587036542,2023-02-01 15:01:26,405.4243006446204,9024.939186963376,62.459234871298044,later,intermediate (25-75 km)
18955,-8.6,116.81,19,3.11492,2023-02-02 00:09:00,479.0938707106381,9049.365052147781,44.39852923494312,later,intermediate (25-75 km)
18958,-8.88,116.89,10,3.55236,2023-02-02 05:04:25,487.9054961778827,9018.412853144313,72.44059323483792,later,intermediate (25-75 km)
18959,-8.87,116.8,10,3.33364,2023-02-02 05:05:29,478.00936779411325,9019.51429191891,65.79310743412503,later,intermediate (25-75 km)
18970,-8.42,116.72,10,3.591546745,2023-02-03 05:03:24,469.17651239661046,9069.258991347693,26.979896775958196,later,intermediate (25-75 km)
18982,-8.86,116.82,10,3.38832,2023-02-04 03:43:45,480.20790308402724,9020.620985693091,66.07499598479123,later,intermediate (25-75 km)
18984,-8.3,117.03,15,3.22428,2023-02-04 10:53:26,503.3035139443859,9082.536316479698,61.00977982756689,later,intermediate (25-75 km)
18985,-8.37,116.13,14,3.900093685,2023-02-04 14:02:02,404.2115850956088,9074.691837931252,38.50369283907685,later,intermediate (25-75 km)
19001,-8.11,117.17,14,3.38832,2023-02-05 21:34:55,518.7288325471235,9103.537526420241,81.24991741377923,later,far field (>75 km)
19013,-8.62,116.79,11,3.1696,2023-02-07 04:24:41,476.89442975770004,9047.1527906456,43.98918668317893,later,intermediate (25-75 km)
19014,-8.9,116.87,10,3.22428,2023-02-07 05:28:00,485.7072674476657,9016.201005585539,72.87894343770868,later,intermediate (25-75 km)
19015,-8.9,116.9,10,3.412826183,2023-02-07 05:33:58,489.00559403617194,9016.202029795388,74.86666899683786,later,intermediate (25-75 km)
19025,-8.4,116.22,13,3.983503386,2023-02-08 02:05:12,414.12794080013373,9071.395704319732,28.795515711355137,later,intermediate (25-75 km)
19027,-8.84,116.82,10,3.33364,2023-02-08 04:55:23,480.20683437545347,9022.832122592636,64.25406516080156,later,intermediate (25-75 km)
19049,-8.75,116.24,13,3.06024,2023-02-09 14:31:11,416.4064543903104,9032.702597486892,49.81776676529804,later,intermediate (25-75 km)
19058,-8.86,116.87,10,3.271598985,2023-02-10 03:49:39,485.7057185700845,9020.623276451213,69.3330598223019,later,intermediate (25-75 km)
19064,-8.86,116.86,10,3.403478337,2023-02-10 05:39:15,484.6061564364939,9020.622877416567,68.65861088799703,later,intermediate (25-75 km)
19074,-8.45,117.18,20,3.27896,2023-02-10 18:51:47,519.8135261676769,9065.948828419374,77.51158457900354,later,far field (>75 km)
19095,-8.88,116.86,10,3.27896,2023-02-12 04:35:43,484.6069895159453,9018.411742293463,70.43577060407101,later,intermediate (25-75 km)
19106,-8.27,116.57,10,3.7164,2023-02-13 05:50:29,452.645619854955,9085.827474495627,14.889492924931957,later,near field (<=25 km)
19107,-8.27,116.57,11,3.900481117,2023-02-13 06:56:10,452.645619854955,9085.827474495627,14.889492924931957,later,near field (<=25 km)
19121,-8.83,116.78,17,3.38832,2023-02-14 10:47:28,475.807682272588,9023.935333249687,60.86203463438976,later,intermediate (25-75 km)
19141,-8.82,116.74,10,3.33364,2023-02-15 10:24:20,471.4082826260857,9025.038077611252,57.62749213298165,later,intermediate (25-75 km)
19153,-8.89,116.87,18,3.38832,2023-02-16 05:11:24,485.7068795791243,9017.306574188504,71.98308381897547,later,intermediate (25-75 km)
19162,-8.85,116.8,10,3.1696,2023-02-17 04:14:32,478.0081790062042,9021.725432450818,63.92541427861986,later,intermediate (25-75 km)
19163,-8.85,116.84,10,3.40249898,2023-02-17 05:09:31,482.40655554100255,9021.727558317885,66.44718393475868,later,intermediate (25-75 km)
19165,-8.58,117.21,50,3.38832,2023-02-17 12:21:08,523.1079939662801,9051.575013970347,83.6127078775662,later,far field (>75 km)
19166,-8.43,117.11,24,3.27896,2023-02-17 12:25:13,512.1088770218763,9068.162777003019,69.62169411344358,later,intermediate (25-75 km)
19176,-8.2,115.87,17,4.702823481,2023-02-18 00:03:50,375.5285672188379,9093.416648058776,69.73201901363144,later,intermediate (25-75 km)
19178,-8.85,116.82,17,3.22428,2023-02-18 03:58:14,480.20736843010775,9021.726554437166,65.1614040293351,later,intermediate (25-75 km)
19185,-8.34,116.57,16,3.11492,2023-02-18 13:56:06,452.65400924621076,9078.088539767097,10.448168849582476,later,near field (<=25 km)
19207,-8.78,116.73,12,3.22428,2023-02-20 04:59:15,470.3054053447673,9029.459585972894,53.23557662811765,later,intermediate (25-75 km)
19224,-8.5,117.22,20,3.27896,2023-02-20 18:14:49,524.213422817248,9060.418822796657,82.66778528388483,later,far field (>75 km)
19231,-8.41,116.55,38,3.06024,2023-02-21 01:43:36,450.46068058424174,9070.347104920878,8.892591076106925,later,near field (<=25 km)
19233,-8.85,116.84,10,3.49768,2023-02-21 04:41:01,482.40655554100255,9021.727558317885,66.44718393475868,later,intermediate (25-75 km)
19237,-8.88,116.89,10,3.49768,2023-02-21 09:43:51,487.9054961778827,9018.412853144313,72.44059323483792,later,intermediate (25-75 km)
19251,-8.89,116.73,10,3.49768,2023-02-22 04:41:28,470.31420744615394,9017.29827073494,64.02088868492628,later,intermediate (25-75 km)
19261,-8.66,116.01,10,3.60704,2023-02-23 00:47:37,391.0802445283656,9042.59523567338,60.91984506679919,later,intermediate (25-75 km)
19262,-8.3,117.23,10,3.60704,2023-02-23 01:47:10,525.3270047494477,9082.529103014242,82.88159982190581,later,far field (>75 km)
19271,-8.31,115.96,13,3.38832,2023-02-23 14:53:48,385.4750199512337,9081.280674143165,57.59758645379526,later,intermediate (25-75 km)
19275,-8.51,115.85,10,3.00556,2023-02-23 21:30:37,373.42523506534565,9059.13215621087,71.02122693313981,later,intermediate (25-75 km)
19279,-8.87,116.78,6,3.33364,2023-02-24 03:49:02,475.8102946817187,9019.513049113375,64.64410801732177,later,intermediate (25-75 km)
19280,-8.85,116.86,10,3.529815754,2023-02-24 05:18:37,484.605740595885,9021.728444093575,67.77992050443098,later,intermediate (25-75 km)
19299,-8.35,116.97,10,3.33364,2023-02-26 04:28:54,496.6969051124296,9077.008649868612,53.9524050485201,later,intermediate (25-75 km)
19301,-8.86,116.83,10,3.49768,2023-02-26 06:19:40,481.3074672091033,9020.621502961829,66.70310333851923,later,intermediate (25-75 km)
19305,-8.29,116.05,10,3.60704,2023-02-26 08:45:34,395.38145984439393,9083.516910927108,48.13843565290449,later,intermediate (25-75 km)
19320,-8.32,116.73,10,3.38832,2023-02-27 01:50:18,470.2697755775277,9080.315240209398,28.06069873520343,later,intermediate (25-75 km)
19351,-8.89,116.88,10,3.49768,2023-03-01 04:44:47,486.80635198609036,9017.30694487569,72.64325426453334,later,intermediate (25-75 km)
19360,-8.36,116.87,10,3.402721478,2023-03-01 17:25:54,485.6869420929367,9075.900879770046,42.91907182720466,later,intermediate (25-75 km)
19365,-8.89,116.87,14,3.22428,2023-03-02 03:42:08,485.7068795791243,9017.306574188504,71.98308381897547,later,intermediate (25-75 km)
19372,-8.65,115.92,13,3.55236,2023-03-02 17:34:54,381.17423144720556,9043.674038169767,69.0064524525322,later,intermediate (25-75 km)
19376,-8.82,116.84,10,3.33364,2023-03-03 03:39:38,482.40513299576713,9025.044257725935,63.799602125328086,later,intermediate (25-75 km)
19382,-8.85,116.7,16,2.84152,2023-03-03 22:03:13,467.01218819618515,9021.718050908627,58.598243012719486,later,intermediate (25-75 km)
19387,-8.77,116.69,19,2.78684,2023-03-04 08:38:02,465.9052550417521,9030.561761507846,50.114323087566106,later,intermediate (25-75 km)
19393,-8.82,116.67,10,3.1696,2023-03-04 20:18:46,463.710439560894,9025.032000435296,54.22317857744691,later,intermediate (25-75 km)
19403,-8.5,116.98,16,3.55236,2023-03-05 13:41:14,497.7987849083308,9060.42563716844,56.864063844171405,later,intermediate (25-75 km)
19404,-8.5,116.93,11,3.443,2023-03-05 13:56:56,492.29574548457975,9060.424998324563,51.564081408836614,later,intermediate (25-75 km)
19408,-8.06,116.61,23,3.38832,2023-03-05 17:41:50,457.02830307007736,9109.048540437761,37.32158115158812,later,intermediate (25-75 km)
19416,-8.58,116.09,18,3.533366084,2023-03-06 10:30:02,399.8615253033638,9051.462684662849,48.83675132791906,later,intermediate (25-75 km)
19417,-8.58,116.06,20,3.33364,2023-03-06 10:30:48,396.55997651760117,9051.454731944868,51.75862002047736,later,intermediate (25-75 km)
19441,-8.42,115.99,15,3.301587064,2023-03-07 21:59:09,388.8101544162206,9069.126506300103,54.187674924281566,later,intermediate (25-75 km)
19444,-8.44,117.06,14,3.444695178,2023-03-08 00:59:02,506.6046694430848,9067.058434154269,64.2734135940881,later,intermediate (25-75 km)
19445,-8.49,117.16,22,3.160275463,2023-03-08 01:41:41,517.6101984861813,9061.52760649174,75.97648179075773,later,far field (>75 km)
19447,-8.83,116.79,10,3.1696,2023-03-08 04:24:24,476.9073379145532,9023.935966670297,61.464808027182954,later,intermediate (25-75 km)
19461,-8.49,117.21,10,3.22428,2023-03-08 22:55:57,523.1134064157734,9061.524983111673,81.39640571856327,later,far field (>75 km)
19468,-8.52,116.87,19,3.543281015,2023-03-09 07:35:35,485.692832763862,9058.212202142235,46.024415301849686,later,intermediate (25-75 km)
19476,-8.76,116.11,9,2.6228,2023-03-09 16:42:30,402.1091492180997,9031.565586713376,59.46204424794423,later,intermediate (25-75 km)
19481,-8.88,116.84,18,3.33364,2023-03-10 03:42:37,482.4079828803515,9018.410853611289,69.15434005738767,later,intermediate (25-75 km)
19487,-8.33,116.77,11,3.443,2023-03-10 08:52:44,474.67492063682676,9079.212479374768,32.21323523896249,later,intermediate (25-75 km)
19521,-8.41,116.05,10,3.27896,2023-03-13 01:37:47,395.41341037379505,9070.248737462023,47.510754768757494,later,intermediate (25-75 km)
19522,-8.89,116.85,10,3.38832,2023-03-13 04:20:21,483.5079334809014,9017.305743848368,70.69554287093936,later,intermediate (25-75 km)
19533,-8.55,116.23,13,3.786859892,2023-03-13 19:40:47,415.2617785992854,9054.813313999555,34.00950881182324,later,intermediate (25-75 km)
19552,-8.51,116.3,27,3.06024,2023-03-14 20:51:38,422.9576258640615,9059.250504027174,25.185590899293725,later,intermediate (25-75 km)
19603,-8.89,116.82,11,3.466057641,2023-03-18 04:07:28,480.20951064122323,9017.30427592279,68.85079270363518,later,intermediate (25-75 km)
19605,-8.56,116.2,12,3.12186316,2023-03-18 06:02:14,411.96238352442106,9053.700938418211,37.3457795428488,later,intermediate (25-75 km)
19624,-8.32,116.27,11,3.11492,2023-03-18 21:35:43,419.61647129643353,9080.25127492137,23.76323975981424,later,near field (<=25 km)
19630,-8.86,116.78,12,3.27896,2023-03-19 08:11:00,475.80964048078846,9020.618621030253,63.69052583110401,later,intermediate (25-75 km)
19651,-8.51,117.15,10,3.22428,2023-03-21 19:22:23,516.5087029631561,9059.316952806375,75.32003474375351,later,far field (>75 km)
19656,-8.31,116.86,22,3.443,2023-03-22 01:45:27,484.58397766019567,9081.428187167217,42.33621762949044,later,intermediate (25-75 km)
19658,-8.41,116.26,17,3.55236,2023-03-22 07:24:01,418.5339658877001,9070.298611917657,24.60640184694011,later,near field (<=25 km)
19659,-8.9,116.87,10,3.55236,2023-03-22 09:05:17,485.7072674476657,9016.201005585539,72.87894343770868,later,intermediate (25-75 km)
19661,-8.42,116.13,21,3.27896,2023-03-22 10:25:49,404.2238415609846,9069.163538290592,38.9005708386429,later,intermediate (25-75 km)
19677,-8.51,116.09,13,2.84152,2023-03-22 22:05:51,399.8432585381537,9059.20244285921,45.63373874492146,later,intermediate (25-75 km)
19682,-8.9,116.86,10,3.530087353,2023-03-23 04:44:35,484.60782445962826,9016.20060480729,72.23767728488855,later,intermediate (25-75 km)
19724,-8.24,116.43,14,3.423501473,2023-03-25 23:32:34,437.2227463639015,9089.124867099446,15.466826488818237,later,near field (<=25 km)
19737,-8.18,116.43,10,4.046223499,2023-03-26 17:30:03,437.21332223058937,9095.758345094446,21.83167673858392,later,near field (<=25 km)
19744,-8.22,116.43,14,3.338207316,2023-03-26 21:19:50,437.2195973829916,9091.336028601412,17.56315472567547,later,near field (<=25 km)
19747,-8.24,116.42,12,3.460826406,2023-03-26 22:45:50,436.12135503131105,9089.123282906014,15.891497640017787,later,near field (<=25 km)
19749,-8.11,116.45,10,3.33364,2023-03-27 03:50:34,439.4059045903959,9103.500416525196,29.098569708847364,later,intermediate (25-75 km)
19768,-8.51,116.51,35,2.84152,2023-03-27 23:18:57,446.0709967902059,9059.286024886733,15.913160023651388,later,near field (<=25 km)
19781,-8.81,115.86,10,3.38832,2023-03-28 09:58:52,374.62542045348454,9025.962536570325,83.90777372024286,later,far field (>75 km)
19794,-8.87,116.88,10,3.472923959,2023-03-29 04:26:46,486.8056371199501,9019.518079500662,70.8866270351449,later,intermediate (25-75 km)
19799,-8.28,116.76,10,4.778308558,2023-03-29 18:10:21,473.570479646664,9084.739532212183,32.39122482955404,later,intermediate (25-75 km)
19803,-8.39,116.72,12,3.38832,2023-03-29 22:17:56,469.17414323304916,9072.57564242968,26.495351045666204,later,intermediate (25-75 km)
19804,-8.33,115.75,27,3.665544943,2023-03-30 01:10:25,362.35352394806387,9079.002290222374,80.43488005412105,later,far field (>75 km)
19826,-8.86,116.88,10,3.33364,2023-03-31 05:41:12,486.8052802861068,9020.6236459275,70.0182753149846,later,intermediate (25-75 km)
19827,-8.36,116.75,16,3.566977525,2023-03-31 05:42:53,472.4748271993713,9075.89450966189,29.724036170092333,later,intermediate (25-75 km)
19835,-8.35,117.25,13,3.550288203,2023-03-31 10:25:27,527.5258737395683,9077.000054653448,84.73947403512612,later,far field (>75 km)
19849,-8.53,116.04,16,3.568034345,2023-03-31 21:58:18,394.34514797649007,9056.97776402147,51.56129294361311,later,intermediate (25-75 km)
19852,-8.31,116.75,10,3.974507615,2023-04-01 02:05:43,472.471330838406,9081.42222906821,30.445137269759456,later,intermediate (25-75 km)
19854,-8.28,116.77,15,3.443,2023-04-01 05:07:11,474.6717154935487,9084.740182675883,33.439356488859964,later,intermediate (25-75 km)
19858,-8.35,116.78,11,3.49768,2023-04-01 16:46:58,475.7772478297867,9077.00202207641,33.07885365754028,later,intermediate (25-75 km)
19860,-8.2,116.36,13,3.730994539,2023-04-01 20:48:27,429.5059034420539,9093.535574984391,23.05813551339337,later,near field (<=25 km)
19863,-8.27,116.26,13,3.22428,2023-04-02 05:26:21,418.50496726402486,9085.777333104632,26.63729182420449,later,intermediate (25-75 km)
19864,-8.34,116.7,20,3.33364,2023-04-02 06:09:34,466.96806691020635,9078.101766362219,24.432055333941317,later,near field (<=25 km)
19865,-8.32,116.73,13,3.33364,2023-04-02 06:16:57,470.2697755775277,9080.315240209398,28.06069873520343,later,intermediate (25-75 km)
19901,-8.7,117.16,49,3.33364,2023-04-03 03:45:44,517.6005092367124,9038.31100272082,83.29334731840979,later,far field (>75 km)
19919,-8.51,116.11,14,3.22428,2023-04-03 22:57:02,402.0446779628892,9059.20756047951,43.5723461020658,later,intermediate (25-75 km)
19922,-8.9,116.77,15,3.38832,2023-04-04 04:59:00,474.71281349012247,9016.195661853373,67.00392622138376,later,intermediate (25-75 km)
19934,-8.41,116.21,17,3.161409802,2023-04-04 16:54:47,413.0291785933928,9070.287861669933,30.03250538575002,later,intermediate (25-75 km)
19972,-8.9,116.87,10,3.356266991,2023-04-06 04:32:32,485.7072674476657,9016.201005585539,72.87894343770868,later,intermediate (25-75 km)
19973,-8.45,116.65,30,3.206429702,2023-04-06 04:38:50,461.47352935834516,9065.936110158087,20.70788784620041,later,near field (<=25 km)
20021,-8.28,116.77,10,4.253705666,2023-04-08 17:12:56,474.6717154935487,9084.740182675883,33.439356488859964,later,intermediate (25-75 km)
20024,-8.24,116.77,10,3.596837338,2023-04-08 21:19:37,474.6691651814318,9089.162335387258,35.029989191587,later,intermediate (25-75 km)
20025,-8.31,116.75,15,3.38832,2023-04-08 21:20:47,472.471330838406,9081.42222906821,30.445137269759456,later,intermediate (25-75 km)
20027,-8.28,116.78,14,3.682355682,2023-04-09 00:23:45,475.7729505959037,9084.74080545956,34.490733538267335,later,intermediate (25-75 km)
20030,-8.21,116.19,14,3.33364,2023-04-09 04:12:45,410.78206150578603,9092.39614349556,36.5341917333277,later,intermediate (25-75 km)
20066,-8.29,116.02,15,3.49768,2023-04-11 02:39:37,392.0774103403704,9083.508886599351,51.385864712101636,later,intermediate (25-75 km)
20071,-8.9,116.9,11,3.443,2023-04-11 05:03:55,489.00559403617194,9016.202029795388,74.86666899683786,later,intermediate (25-75 km)
20081,-8.28,116.76,10,3.766971912,2023-04-11 16:57:10,473.570479646664,9084.739532212183,32.39122482955404,later,intermediate (25-75 km)
20093,-8.29,116.76,13,4.362120067,2023-04-12 02:51:38,473.5711469466896,9083.633991893745,32.06474566553502,later,intermediate (25-75 km)
20124,-8.26,116.82,10,3.60704,2023-04-13 22:48:35,480.1768850640199,9086.954090589095,39.357718337060355,later,intermediate (25-75 km)
20132,-8.3,116.44,16,3.27896,2023-04-14 15:12:35,438.33346184500317,9082.492937166386,8.94160577703782,later,near field (<=25 km)
20139,-8.35,116.42,12,3.443,2023-04-15 03:33:00,436.1391165982783,9076.961835037873,6.965365754155232,later,near field (<=25 km)
20146,-8.38,116.08,10,3.22428,2023-04-15 15:56:09,398.708646109428,9073.573644913266,44.017701658462826,later,intermediate (25-75 km)
20147,-8.3,116.44,24,3.22428,2023-04-15 16:09:17,438.33346184500317,9082.492937166386,8.94160577703782,later,near field (<=25 km)
20171,-8.85,116.85,16,3.33364,2023-04-17 06:29:33,483.5061483093822,9021.728015968823,67.10785517832778,later,intermediate (25-75 km)
20184,-8.38,116.86,8,3.49768,2023-04-18 06:59:05,484.5867220444569,9073.689424869932,41.818258156365545,later,intermediate (25-75 km)
20187,-8.34,117.12,10,3.778916778,2023-04-18 13:28:38,513.2127243290898,9078.112302813704,70.48843428087747,later,intermediate (25-75 km)
20190,-8.36,116.22,18,3.38832,2023-04-18 17:20:31,414.1191658836723,9075.818244320813,28.624716196872942,later,intermediate (25-75 km)
20195,-8.82,116.89,10,3.49768,2023-04-19 04:33:05,487.9035368888325,9025.046244177607,67.34820373820271,later,intermediate (25-75 km)
20211,-8.26,116.78,10,3.830441982,2023-04-20 05:12:14,475.77172941577487,9086.95188145296,35.20118527937646,later,intermediate (25-75 km)
20213,-8.29,116.76,9,3.60704,2023-04-20 06:25:08,473.5711469466896,9083.633991893745,32.06474566553502,later,intermediate (25-75 km)
20218,-8.16,116.77,10,3.38832,2023-04-20 09:19:47,474.66410136884895,9098.006614507543,39.54258089457917,later,intermediate (25-75 km)
20279,-8.56,116.08,17,3.708145177,2023-04-25 02:20:44,398.7557202377096,9053.671430619534,48.80339282648365,later,intermediate (25-75 km)
20280,-8.84,116.85,10,3.38832,2023-04-25 05:16:54,483.5057032649366,9022.833582525369,66.22724069125731,later,intermediate (25-75 km)
20281,-8.31,117.09,21,3.33364,2023-04-25 06:25:11,509.91029449379846,9081.429784315744,67.44239683638637,later,intermediate (25-75 km)
20287,-8.49,116.24,13,3.33364,2023-04-25 17:08:54,416.34929994075515,9061.449325278907,29.57911408800073,later,intermediate (25-75 km)
20297,-8.7,116.91,10,3.27896,2023-04-27 04:41:49,490.099722004535,9038.313543801232,59.852081345541045,later,intermediate (25-75 km)
20299,-8.39,116.04,15,3.1696,2023-04-27 10:35:52,394.3069869597831,9072.457427062995,48.45445917106804,later,intermediate (25-75 km)
20312,-8.25,116.41,11,3.49768,2023-04-28 14:07:23,435.02159451638346,9088.016085818277,15.406675633396807,later,near field (<=25 km)
20318,-8.23,116.4,10,3.476246555,2023-04-28 19:17:35,433.91690832455197,9090.225618580453,17.88359758678729,later,near field (<=25 km)
20346,-8.86,116.87,22,3.38832,2023-04-30 08:59:21,485.7057185700845,9020.623276451213,69.3330598223019,later,intermediate (25-75 km)
20349,-8.36,116.9,17,3.38832,2023-04-30 11:20:52,488.9899591748819,9075.901843661657,46.218401650714476,later,intermediate (25-75 km)
20397,-8.45,117.2,13,3.7164,2023-05-03 11:35:59,522.0150372576533,9065.947755635934,79.69743202488142,later,far field (>75 km)
20459,-8.25,116.21,19,3.33364,2023-05-06 10:27:30,412.99383949945195,9087.978018827436,32.56648458117899,later,intermediate (25-75 km)
20463,-8.31,116.83,21,3.33364,2023-05-06 13:55:58,481.280535775267,9081.426895556784,39.08035013680274,later,intermediate (25-75 km)
20476,-8.83,116.8,14,3.33364,2023-05-07 04:25:54,478.00699288170074,9023.93657062885,62.0812012145873,later,intermediate (25-75 km)
20503,-8.35,116.45,13,3.38832,2023-05-09 11:33:42,439.4423662450238,9076.966565537685,3.9797454129024508,later,near field (<=25 km)
20509,-8.5,116.88,8,3.38832,2023-05-09 21:31:32,486.7927004122295,9060.42364965179,46.310673629427484,later,intermediate (25-75 km)
20531,-8.36,116.39,7,3.1696,2023-05-11 15:25:13,432.8375604916022,9075.851258057,9.963320543794655,later,near field (<=25 km)
20586,-8.69,116.6,15,3.1696,2023-05-16 05:59:01,455.99727162636907,9039.397066899348,37.950414183951125,later,intermediate (25-75 km)
20588,-8.05,117.25,16,3.7164,2023-05-16 09:49:52,527.5465143090274,9110.166148866874,91.90969409847534,later,far field (>75 km)
20590,-8.78,115.83,13,3.55236,2023-05-16 12:07:38,371.315295881589,9029.269690993444,84.77145690406566,later,far field (>75 km)
20621,-8.5,116.09,19,3.1696,2023-05-17 19:53:35,399.84066113076165,9060.308120384736,45.2670105569449,later,intermediate (25-75 km)
20635,-8.78,116.91,43,3.443,2023-05-18 10:03:38,490.1018330373575,9029.469079108776,65.67926411617478,later,intermediate (25-75 km)
20644,-8.49,116.97,10,3.33364,2023-05-18 13:19:36,496.69809177066827,9061.531109039714,55.523991032317696,later,intermediate (25-75 km)
20646,-8.31,116.79,16,3.353240181,2023-05-18 19:49:57,476.8759387430633,9081.424784531104,34.75231487636156,later,intermediate (25-75 km)
20648,-8.22,116.84,12,3.443,2023-05-18 20:08:25,482.37768941138336,9091.377160033855,42.97974437998527,later,intermediate (25-75 km)
20656,-8.72,115.81,14,3.439369492,2023-05-19 06:43:31,369.0942907096914,9035.897491976775,83.32111867073394,later,far field (>75 km)
20671,-8.72,116.98,10,3.443,2023-05-20 04:40:41,497.8000559292191,9036.103551679955,67.36060665131716,later,intermediate (25-75 km)
20703,-8.3,116.73,14,3.33364,2023-05-22 07:20:08,470.26826964603526,9082.526328579437,28.585237884366563,later,intermediate (25-75 km)
20709,-8.1,116.84,19,3.55236,2023-05-22 16:41:01,482.3724310804587,9104.643499286598,49.70809831217372,later,intermediate (25-75 km)
20724,-8.35,116.98,16,3.27896,2023-05-23 17:55:55,497.79793679552193,9077.008719634427,55.05162228855668,later,intermediate (25-75 km)
20728,-8.08,116.55,14,3.38832,2023-05-23 18:42:29,450.41958800161984,9106.830641008657,33.153938660250354,later,intermediate (25-75 km)
20761,-8.33,116.0,17,3.27896,2023-05-25 15:20:17,389.8858525002561,9079.080619197046,52.99475006027336,later,intermediate (25-75 km)
20795,-8.88,117.18,18,3.27896,2023-05-28 01:29:46,519.7910258103997,9018.409846436549,95.5937792798604,later,far field (>75 km)
20807,-8.21,116.68,19,3.60704,2023-05-29 14:05:20,464.75436385427844,9092.472149811749,28.29870837377528,later,intermediate (25-75 km)
20808,-8.22,116.7,14,3.49768,2023-05-29 14:37:37,466.9580633314511,9091.36831009637,29.396831081360457,later,intermediate (25-75 km)
20820,-8.48,116.14,13,3.443,2023-05-31 03:25:12,405.33943031765483,9062.53201146245,39.347676088316575,later,intermediate (25-75 km)
20847,-8.9,116.89,11,3.353235465,2023-06-02 05:18:19,487.90615220383455,9016.201718079534,74.1937224450038,later,intermediate (25-75 km)
20848,-8.83,116.85,10,3.33364,2023-06-02 05:21:30,483.50525871989026,9023.939148493777,65.3536794772504,later,intermediate (25-75 km)
20917,-8.32,115.76,34,3.443,2023-06-06 04:42:41,363.45139672841225,9080.111540761396,79.40753603028175,later,far field (>75 km)
20940,-8.72,116.83,14,3.49768,2023-06-08 04:09:06,481.30044941106274,9036.099404131706,54.73400799276922,later,intermediate (25-75 km)
20964,-8.62,115.94,18,3.1696,2023-06-09 11:44:03,383.36573716563043,9046.997417869383,65.57071036135758,later,intermediate (25-75 km)
20991,-7.97,116.47,10,4.097186472,2023-06-11 00:08:30,441.58936258293016,9118.981233604518,44.49158717679611,later,intermediate (25-75 km)
20992,-7.98,116.47,11,3.822732641,2023-06-11 00:24:29,441.59078148682136,9117.875673679457,43.3799865938482,later,intermediate (25-75 km)
20995,-7.99,116.45,10,3.60704,2023-06-11 02:11:07,439.3880699835118,9116.76722562297,42.38288770285896,later,intermediate (25-75 km)
20996,-8.0,116.43,11,3.840230038,2023-06-11 03:05:35,437.1854604711248,9115.65866290218,41.50853412474435,later,intermediate (25-75 km)
21035,-8.49,116.41,11,3.22428,2023-06-13 03:36:02,435.0613693140107,9061.481872856955,15.405489485356025,later,near field (<=25 km)
21044,-8.84,116.87,10,3.443,2023-06-13 09:46:34,485.7049467279893,9022.834408344308,67.60012224797393,later,intermediate (25-75 km)
21060,-8.39,116.93,10,4.5275504,2023-06-14 02:34:37,492.2935635266543,9072.585945836398,49.55340272046287,later,intermediate (25-75 km)
21077,-8.54,116.08,17,3.242042033,2023-06-14 20:55:30,398.7504407191905,9055.882796588463,47.88370258080488,later,intermediate (25-75 km)
21144,-8.27,116.73,10,3.6,2023-06-19 09:23:06,470.2660174998391,9085.842956993238,29.66869889907976,later,intermediate (25-75 km)
21184,-8.77,116.9,10,3.55236,2023-06-21 05:54:53,489.0017413252314,9030.574361195562,64.11639208136098,later,intermediate (25-75 km)
21192,-8.26,116.76,10,3.33364,2023-06-21 17:15:56,473.56914744708956,9086.950611195673,33.14659919066312,later,intermediate (25-75 km)
21195,-8.26,116.7,8,3.22428,2023-06-21 18:08:48,466.96138185427486,9086.946137657567,27.12056944855062,later,intermediate (25-75 km)
21202,-8.3,116.44,25,3.00556,2023-06-21 20:36:58,438.33346184500317,9082.492937166386,8.94160577703782,later,near field (<=25 km)
21210,-8.34,115.8,20,3.33364,2023-06-22 05:16:54,367.86353339297705,9077.913581854962,74.88438319143555,later,intermediate (25-75 km)
21222,-8.58,117.08,40,3.38832,2023-06-23 03:02:22,508.803029112814,9051.580414965105,69.99808737504621,later,intermediate (25-75 km)
21244,-8.4,116.88,10,3.33364,2023-06-23 22:00:56,486.78929795059895,9071.47907469932,44.128787670026725,later,intermediate (25-75 km)
21245,-8.32,115.77,21,3.33364,2023-06-23 22:36:49,364.55275900165975,9080.114976470913,78.3100982620859,later,far field (>75 km)
21251,-8.02,116.38,26,3.920650849,2023-06-24 19:34:41,431.67854766683087,9113.439541519201,40.44451351004814,later,intermediate (25-75 km)
21253,-8.81,116.79,10,3.38832,2023-06-25 04:31:06,476.9060952792713,9026.147103824336,59.62740035304494,later,intermediate (25-75 km)
21255,-8.87,116.84,10,3.33364,2023-06-25 05:12:52,482.4075065679119,9019.516422436624,68.24576973199527,later,intermediate (25-75 km)
21258,-8.25,116.4,18,3.33364,2023-06-25 07:41:12,433.9202270719331,9088.01444457841,15.985140119875656,later,near field (<=25 km)
21268,-8.39,116.91,12,3.38832,2023-06-25 16:07:56,490.09172298269414,9072.58549725665,47.35556825171586,later,intermediate (25-75 km)
21287,-7.95,117.1,16,3.38832,2023-06-26 06:51:34,511.02126265155056,9121.22838927017,82.69298915718677,later,far field (>75 km)
21296,-8.21,116.45,10,3.699819608,2023-06-26 23:25:16,439.4209685639224,9092.444683331702,18.09483121348934,later,near field (<=25 km)
21297,-8.37,116.44,13,3.1696,2023-06-27 01:01:58,438.34442712213394,9074.753844541472,4.400422181832516,later,near field (<=25 km)
21299,-8.85,116.82,12,3.1696,2023-06-27 07:49:15,480.20736843010775,9021.726554437166,65.1614040293351,later,intermediate (25-75 km)
21328,-8.44,116.95,10,3.760705402,2023-06-29 09:36:09,494.49610909354266,9067.05858924584,52.28294056269254,later,intermediate (25-75 km)
21362,-8.57,115.87,26,3.946602878,2023-07-02 00:57:12,375.646245915596,9052.50412607913,70.6789536490831,later,intermediate (25-75 km)
21364,-8.7,116.62,15,3.450359952,2023-07-02 16:57:13,458.1985483540093,9038.29375212123,39.79290666215715,later,intermediate (25-75 km)
21370,-8.59,116.08,10,3.27896,2023-07-03 02:13:42,398.76366250831336,9050.35437749623,50.33587777925918,later,intermediate (25-75 km)
21392,-8.86,116.85,4,3.443,2023-07-04 02:18:44,483.5065938532142,9020.622448823495,67.99524889570009,later,intermediate (25-75 km)
21393,-8.33,116.63,25,3.22428,2023-07-04 03:37:24,459.2594873635444,9079.200785722627,17.091315607795263,later,near field (<=25 km)
21394,-8.42,116.06,10,3.624422501,2023-07-04 04:24:25,396.5170724181853,9069.145712025233,46.534777828284845,later,intermediate (25-75 km)
21395,-8.35,116.03,10,3.27896,2023-07-04 05:22:49,393.19501683389933,9076.87747469255,49.555942677016425,later,intermediate (25-75 km)
21421,-8.42,117.21,14,3.882808902,2023-07-07 08:00:49,523.1175769119391,9069.26381632606,80.49476173573548,later,far field (>75 km)
21429,-8.49,116.53,15,3.49768,2023-07-08 00:47:20,448.2695480729267,9061.49991149403,14.432343061867304,later,near field (<=25 km)
21481,-8.21,116.23,20,3.668698549,2023-07-12 19:08:42,415.1881484363941,9092.404819483336,32.760193860568265,later,intermediate (25-75 km)
21483,-8.0,116.39,14,3.22428,2023-07-12 21:36:11,432.7772667133459,9115.652345172432,42.31778420851695,later,intermediate (25-75 km)
21489,-8.3,116.01,10,3.49768,2023-07-13 03:21:01,390.9788107536399,9082.400465602152,52.29213132746182,later,intermediate (25-75 km)
21490,-8.3,116.11,12,3.60704,2023-07-13 03:36:34,401.99195468293533,9082.42655066728,41.44502263803648,later,intermediate (25-75 km)
21496,-8.47,116.82,16,3.33364,2023-07-13 15:26:20,480.1874957752413,9063.73773644969,39.016801298932926,later,intermediate (25-75 km)
21530,-8.36,116.6,16,3.49768,2023-07-16 12:18:03,455.959513324343,9075.880889120848,13.248182586583876,later,near field (<=25 km)
21536,-8.46,116.18,21,3.33364,2023-07-17 15:19:44,409.7378823290727,9064.752832099806,34.483434204294575,later,intermediate (25-75 km)
21543,-7.98,116.68,24,4.687469649,2023-07-18 04:07:24,464.7343660965547,9117.899506820055,48.63313713298224,later,intermediate (25-75 km)
21551,-7.97,116.71,10,3.443,2023-07-18 16:03:42,468.03977167314935,9119.00747800482,51.17763092514381,later,intermediate (25-75 km)
21559,-8.9,116.88,10,3.60704,2023-07-19 05:03:26,486.80671001836674,9016.201376676267,73.53105380401325,later,intermediate (25-75 km)
21583,-8.83,116.82,10,3.33364,2023-07-21 05:06:35,480.2063009200796,9023.937690160144,63.353248048013015,later,intermediate (25-75 km)
21585,-8.84,116.84,10,3.55236,2023-07-21 09:33:01,482.4060808265599,9022.833125375104,65.55767752038774,later,intermediate (25-75 km)
21604,-8.88,116.89,7,3.33364,2023-07-23 07:01:40,487.9054961778827,9018.412853144313,72.44059323483792,later,intermediate (25-75 km)
21606,-8.32,116.46,12,3.1696,2023-07-23 11:33:39,440.53891431580996,9080.28482980548,5.979325083866408,later,near field (<=25 km)
21625,-8.85,116.17,14,3.38832,2023-07-25 14:58:41,408.7310590474636,9021.629627636008,63.32700635326506,later,intermediate (25-75 km)
21672,-8.3,116.44,35,3.22428,2023-07-29 08:13:18,438.33346184500317,9082.492937166386,8.94160577703782,later,near field (<=25 km)
21675,-8.19,116.36,13,3.60704,2023-07-29 12:27:56,429.5041430255105,9094.641167612257,23.978263441086675,later,near field (<=25 km)
21680,-8.48,115.86,23,3.631919062,2023-07-29 21:11:25,374.5162742058951,9062.452672291554,69.28506333423041,later,intermediate (25-75 km)
21682,-8.26,116.43,14,3.22428,2023-07-29 22:42:45,437.22590294746897,9086.91370342033,13.411654866714773,later,near field (<=25 km)
21690,-8.32,116.45,25,2.84152,2023-07-30 17:51:29,439.43775077108484,9080.283314108485,6.465621774464058,later,near field (<=25 km)
21691,-8.28,116.87,10,3.55236,2023-07-30 18:01:36,485.68403835431417,9084.745164925633,44.060616019429865,later,intermediate (25-75 km)
21725,-8.33,117.15,21,3.33364,2023-08-02 15:16:00,516.5163315204774,9079.216711302544,73.84491281312125,later,intermediate (25-75 km)
21730,-8.22,116.72,30,3.38832,2023-08-02 17:48:53,469.16087664641617,9091.369904195033,31.23391855406604,later,intermediate (25-75 km)
21737,-8.33,116.45,11,4.426448635,2023-08-03 07:41:48,439.4392874288429,9079.177731802214,5.5386014194035615,later,near field (<=25 km)
21738,-8.25,116.48,12,3.38832,2023-08-03 07:57:39,442.7311149399546,9088.026802028897,13.343391197346925,later,near field (<=25 km)
21741,-8.24,116.46,52,3.38832,2023-08-03 11:31:27,440.5269094139205,9089.129454346858,14.621881018641727,later,near field (<=25 km)
21746,-8.45,117.14,17,3.49768,2023-08-03 19:05:07,515.410510705963,9065.950635207928,73.14243249207463,later,intermediate (25-75 km)
21749,-8.43,117.14,18,4.089814509,2023-08-03 23:45:24,515.4113036816698,9068.161720773773,72.9072534917991,later,intermediate (25-75 km)
21759,-8.29,116.47,11,3.582424403,2023-08-04 17:31:24,441.6356444011859,9083.603050782947,8.963374085888123,later,near field (<=25 km)
21760,-8.24,116.51,10,4.55363741,2023-08-04 18:31:50,446.0338132817644,9089.136548663131,14.827426454694345,later,near field (<=25 km)
21761,-8.32,116.46,10,3.615639998,2023-08-04 19:03:43,440.53891431580996,9080.28482980548,5.979325083866408,later,near field (<=25 km)
21765,-8.3,116.46,10,3.719383637,2023-08-05 02:59:00,440.5359022878501,9082.495989227902,8.088691118519211,later,near field (<=25 km)
21767,-8.31,116.49,10,3.821459348,2023-08-05 03:24:22,443.84097141056606,9081.394784876578,6.761800085730278,later,near field (<=25 km)
21769,-8.3,116.47,15,3.49768,2023-08-05 05:21:58,441.6371198715591,9082.49747363356,7.861016253806909,later,near field (<=25 km)
21775,-8.51,116.91,10,3.49768,2023-08-05 15:23:23,490.09478519317327,9059.318999447554,49.79207470974315,later,intermediate (25-75 km)
21790,-8.35,116.05,14,3.846446851,2023-08-06 13:00:46,395.3973780963793,9076.88283394295,47.35799508765441,later,intermediate (25-75 km)
21792,-8.23,116.76,10,4.455880521,2023-08-06 17:49:08,473.5671551492063,9090.267225547157,34.518136520980306,later,intermediate (25-75 km)
21793,-8.32,116.75,10,4.243474879,2023-08-06 17:53:39,472.47202844381246,9080.316686295948,30.220573837979735,later,intermediate (25-75 km)
21794,-8.25,116.75,10,3.33364,2023-08-06 18:04:04,472.46716270876595,9088.055474107146,32.56648458117756,later,intermediate (25-75 km)
21795,-8.27,116.77,10,4.616059311,2023-08-06 18:14:23,474.67107676525563,9085.845721679243,33.78918014650902,later,intermediate (25-75 km)
21796,-8.28,116.76,16,3.60704,2023-08-06 19:02:48,473.570479646664,9084.739532212183,32.39122482955404,later,intermediate (25-75 km)
21797,-8.22,116.74,19,3.66172,2023-08-06 19:03:49,471.3636863329994,9091.371388351694,33.115362326739195,later,intermediate (25-75 km)
21813,-8.27,116.78,10,3.888637475,2023-08-06 21:07:08,475.7723396390947,9085.846343731684,34.830025156881426,later,intermediate (25-75 km)
21815,-8.33,116.75,10,4.232097067,2023-08-06 21:56:42,472.47272688263223,9079.21114296983,30.035522756305994,later,intermediate (25-75 km)
21834,-8.44,116.59,15,3.33364,2023-08-07 23:04:11,454.86772901891334,9067.035240434001,14.387384339560365,later,near field (<=25 km)
21851,-8.45,116.44,53,3.49768,2023-08-08 19:51:09,438.3570708704381,9065.909134073258,9.924279306731412,later,near field (<=25 km)
21869,-8.51,116.79,15,3.55236,2023-08-09 16:48:48,476.88779145279466,9059.313882830784,37.48270488725872,later,intermediate (25-75 km)
21873,-8.32,116.69,28,3.443,2023-08-09 20:07:11,465.8652591032433,9080.312014310452,23.76323975981272,later,near field (<=25 km)
21880,-8.24,116.77,14,3.55236,2023-08-10 20:19:37,474.6691651814318,9089.162335387258,35.029989191587,later,intermediate (25-75 km)
21896,-8.53,116.69,10,3.828377147,2023-08-11 11:50:42,465.8836635872363,9057.095372677715,29.155069858427094,later,intermediate (25-75 km)
21904,-8.26,116.74,9,3.38832,2023-08-11 20:09:48,471.36656236997163,9086.94923047791,31.111978545082344,later,intermediate (25-75 km)
21924,-8.47,116.27,25,4.344148611,2023-08-12 23:31:23,419.6473220408803,9063.666921303024,25.63626169632101,later,intermediate (25-75 km)
21947,-8.27,116.77,10,3.956525995,2023-08-14 09:00:04,474.67107676525563,9085.845721679243,33.78918014650902,later,intermediate (25-75 km)
21952,-8.31,116.7,24,3.38832,2023-08-14 11:46:11,466.9655525131633,9081.418409740307,25.106850345148597,later,intermediate (25-75 km)
21961,-8.22,116.77,16,3.443,2023-08-14 17:46:49,474.66789462661126,9091.37340844736,36.0054437965484,later,intermediate (25-75 km)
21970,-8.46,115.79,19,3.473468817,2023-08-15 04:08:41,366.8031816139043,9064.640921816135,76.55539558902846,later,far field (>75 km)
21985,-8.71,116.29,10,3.93512,2023-08-16 13:03:07,421.8979911471769,9037.135881729724,43.19515798584053,later,intermediate (25-75 km)
21988,-8.56,116.08,18,3.33364,2023-08-16 14:56:14,398.7557202377096,9053.671430619534,48.80339282648365,later,intermediate (25-75 km)
22003,-8.8,116.18,10,3.794975318,2023-08-17 07:39:40,409.81861807452947,9027.160415801072,58.08740828297282,later,intermediate (25-75 km)
22005,-8.36,116.98,10,3.60704,2023-08-17 10:15:39,497.7979928697652,9075.903184725472,55.01721748380326,later,intermediate (25-75 km)
22011,-8.06,116.5,15,3.27896,2023-08-17 18:05:06,444.90781602041193,9109.035341295703,34.54062956522891,later,intermediate (25-75 km)
22032,-8.24,116.71,16,3.38832,2023-08-19 19:54:36,468.0610724751085,9089.158037683897,29.144164344774143,later,intermediate (25-75 km)
22033,-8.19,116.67,10,3.49768,2023-08-19 20:11:25,463.6511097484371,9094.682345609477,28.94301345022452,later,intermediate (25-75 km)
22034,-8.19,116.71,10,3.55236,2023-08-19 21:10:32,468.0570746865593,9094.685741594429,32.26624150442463,later,intermediate (25-75 km)
22039,-8.27,116.4,10,4.244577289,2023-08-20 02:52:32,433.92355382198787,9085.803268398988,14.181600394010404,later,near field (<=25 km)
22041,-8.24,116.39,26,3.27896,2023-08-20 03:30:03,432.8171696322576,9089.118364989494,17.521935785099515,later,near field (<=25 km)
22042,-8.24,116.42,11,3.93512,2023-08-20 03:54:55,436.12135503131105,9089.123282906014,15.891497640017787,later,near field (<=25 km)
22046,-8.88,116.87,10,3.33364,2023-08-20 05:28:35,485.7064921433395,9018.41214220001,71.09332697617701,later,intermediate (25-75 km)
22055,-8.25,116.75,10,3.683634209,2023-08-20 18:22:07,472.46716270876595,9088.055474107146,32.56648458117756,later,intermediate (25-75 km)
22061,-8.3,116.74,10,3.689501141,2023-08-21 02:28:20,471.36945227694963,9082.527063806014,29.645382905223016,later,intermediate (25-75 km)
22062,-8.37,116.64,19,3.60704,2023-08-21 04:57:20,460.3646315450924,9074.77957952993,17.60168861371512,later,near field (<=25 km)
22080,-8.26,116.75,15,3.443,2023-08-21 21:09:19,472.4678553132731,9086.9499346444,32.12655523310019,later,intermediate (25-75 km)
22081,-8.24,116.42,14,3.60704,2023-08-21 21:38:10,436.12135503131105,9089.123282906014,15.891497640017787,later,near field (<=25 km)
22134,-8.51,116.13,13,3.27896,2023-08-26 13:15:28,404.2460858961508,9059.212564330355,41.52516021853116,later,intermediate (25-75 km)
22143,-8.44,116.1,21,3.27896,2023-08-27 12:40:37,400.92605072557484,9066.944726443982,42.51876407589682,later,intermediate (25-75 km)
22161,-8.89,116.92,21,3.33364,2023-08-28 21:14:38,491.2042380821595,9017.30813107313,75.38651186324557,later,far field (>75 km)
22186,-8.42,116.58,10,3.883216859,2023-08-30 06:18:48,453.76454693225764,9069.245205466983,12.325519465611032,later,near field (<=25 km)
22190,-8.89,116.17,15,3.443,2023-08-30 13:25:06,408.74093863943466,9017.206925087565,67.11749409831484,later,intermediate (25-75 km)
22199,-8.42,116.2,13,3.443,2023-08-31 00:36:00,411.9304729340095,9069.179985227387,31.29873362588549,later,intermediate (25-75 km)
22203,-8.88,116.84,10,3.38832,2023-08-31 06:05:43,482.4079828803515,9018.410853611289,69.15434005738767,later,intermediate (25-75 km)
22268,-8.1,116.76,10,3.33364,2023-09-04 19:08:08,473.55860509072414,9104.639164291964,43.02128747609099,later,intermediate (25-75 km)
22279,-7.98,116.61,27,3.55236,2023-09-05 20:14:03,457.0199037069288,9117.89287103325,45.66555299170213,later,intermediate (25-75 km)
22294,-8.28,116.74,10,3.57094149,2023-09-07 13:40:29,471.3680055897927,9084.738148244316,30.306043569514504,later,intermediate (25-75 km)
22321,-8.28,116.47,13,3.38832,2023-09-09 11:09:23,441.6341706978679,9084.708627384092,10.067841664539754,later,near field (<=25 km)
22364,-8.31,116.47,11,3.38832,2023-09-12 10:46:01,441.6385971089449,9081.391895935292,6.761800085730532,later,near field (<=25 km)
22369,-8.39,116.6,10,3.46265958,2023-09-12 17:54:59,455.96288591344154,9072.564203323423,13.38694155999129,later,near field (<=25 km)
22370,-8.38,116.58,10,3.414262709,2023-09-12 17:56:56,453.75981128873116,9073.667469409473,11.056968061118942,later,near field (<=25 km)
22371,-8.41,116.6,10,3.592821051,2023-09-12 17:59:51,455.9651409725626,9070.353076675925,13.929766928008327,later,near field (<=25 km)
22388,-8.34,116.44,15,3.55236,2023-09-14 00:05:44,438.3397165163557,9078.07060182771,5.522054499507211,later,near field (<=25 km)
22390,-8.36,116.44,17,3.1696,2023-09-14 01:57:23,438.3428550534155,9075.859430855524,4.538793187807623,later,near field (<=25 km)
22391,-8.35,116.42,10,3.38832,2023-09-14 01:59:00,436.1391165982783,9076.961835037873,6.965365754155232,later,near field (<=25 km)
22393,-8.76,115.78,10,3.965939473,2023-09-14 07:28:04,365.80798697197474,9031.463776595103,88.34431173270464,later,far field (>75 km)
22394,-8.37,116.41,12,3.38832,2023-09-14 11:21:50,435.0413403091186,9074.749019099152,7.700738811372057,later,near field (<=25 km)
22415,-8.46,116.45,10,3.670036794,2023-09-16 10:09:41,439.4594308184197,9064.805111496098,10.537575076227412,later,near field (<=25 km)
22416,-8.33,116.44,15,3.27896,2023-09-16 11:08:28,438.33815004810424,9079.176186487128,6.256884205899988,later,near field (<=25 km)
22425,-8.9,116.82,10,3.22428,2023-09-17 05:54:41,480.21004769204984,9016.19870481785,69.78695802910013,later,intermediate (25-75 km)
22432,-8.76,116.63,23,3.33364,2023-09-17 17:23:07,459.30510327810646,9031.661371191994,46.39652077755103,later,intermediate (25-75 km)
22435,-8.57,116.65,25,3.443,2023-09-17 19:32:55,461.4855222721964,9052.66934913222,29.05423412406293,later,intermediate (25-75 km)
22436,-8.57,116.7,21,3.1696,2023-09-17 19:38:05,466.9876429221362,9052.67399999192,32.86368252298251,later,intermediate (25-75 km)
22470,-8.5,115.96,10,3.33364,2023-09-20 15:13:17,385.5307656769169,9060.272123606012,58.99428968434091,later,intermediate (25-75 km)
22486,-8.33,116.43,9,3.33364,2023-09-21 13:12:52,437.23701085564505,9079.174613324114,7.074023387861221,later,near field (<=25 km)
22507,-8.56,116.88,10,3.443,2023-09-22 02:38:59,486.7947610830654,9053.79036748125,48.803392826482245,later,intermediate (25-75 km)
22519,-8.33,116.43,9,3.33364,2023-09-22 13:12:52,437.23701085564505,9079.174613324114,7.074023387861221,later,near field (<=25 km)
22522,-8.31,116.03,12,3.27896,2023-09-22 15:01:02,393.1841682102577,9081.30021979026,49.95606258715814,later,intermediate (25-75 km)
22546,-8.56,116.88,10,3.443,2023-09-23 02:38:59,486.7947610830654,9053.79036748125,48.803392826482245,later,intermediate (25-75 km)
22562,-8.24,116.12,18,3.339477554,2023-09-23 15:01:00,403.07859587075023,9089.062942401602,42.165609431016215,later,intermediate (25-75 km)
22572,-8.35,116.75,10,3.49768,2023-09-23 22:23:32,472.4741262604318,9077.000054653448,29.786746193847023,later,intermediate (25-75 km)
22589,-8.35,116.75,10,3.49768,2023-09-24 22:23:32,472.4741262604318,9077.000054653448,29.786746193847023,later,intermediate (25-75 km)
22608,-8.68,116.63,14,3.38832,2023-09-25 17:54:17,459.2964440240774,9040.505993231567,38.21378250457977,later,intermediate (25-75 km)
22609,-8.65,116.59,16,3.22428,2023-09-25 18:43:03,454.8924151754089,9043.818211683929,33.402001088201814,later,intermediate (25-75 km)
22611,-8.28,116.16,17,3.38832,2023-09-25 19:38:03,407.4937419347758,9084.649843927664,36.6021042923211,later,intermediate (25-75 km)
22631,-8.66,116.55,19,3.387607327,2023-09-26 17:54:17,450.49289880086286,9042.707659643094,33.15260660737751,later,intermediate (25-75 km)
22633,-8.65,116.59,16,3.22428,2023-09-26 18:43:03,454.8924151754089,9043.818211683929,33.402001088201814,later,intermediate (25-75 km)
22635,-8.28,116.16,17,3.38832,2023-09-26 19:38:03,407.4937419347758,9084.649843927664,36.6021042923211,later,intermediate (25-75 km)
22637,-7.95,117.06,11,3.60704,2023-09-26 22:05:47,506.61275551054996,9121.2292406224,79.09869202370398,later,far field (>75 km)
22658,-7.95,117.06,11,3.60704,2023-09-27 22:05:47,506.61275551054996,9121.2292406224,79.09869202370398,later,far field (>75 km)
22690,-8.86,116.91,20,3.443,2023-09-29 08:10:32,490.1039632499727,9020.62457700672,72.13542894973867,later,intermediate (25-75 km)
22712,-8.28,116.57,17,3.27896,2023-09-30 01:05:23,452.6468140386417,9084.721914042404,14.0784341778305,later,near field (<=25 km)
22715,-8.79,116.96,10,3.33364,2023-09-30 04:15:38,495.6009339555097,9028.364471684214,70.47256157840899,later,intermediate (25-75 km)
22718,-8.86,116.91,20,3.443,2023-09-30 08:10:32,490.1039632499727,9020.62457700672,72.13542894973867,later,intermediate (25-75 km)
22731,-8.41,116.09,22,3.06024,2023-09-30 18:21:44,399.81742095131875,9070.259193336262,43.13185092572377,later,intermediate (25-75 km)
22732,-8.64,116.61,18,3.33364,2023-09-30 18:35:21,457.0916874918714,9044.926097989357,33.25273285919976,later,intermediate (25-75 km)
22733,-8.63,116.59,12,3.27896,2023-09-30 18:36:48,454.89003815912986,9046.029368078705,31.339540387343533,later,intermediate (25-75 km)
22740,-8.28,116.57,17,3.27896,2023-10-01 01:05:23,452.6468140386417,9084.721914042404,14.0784341778305,later,near field (<=25 km)
22745,-8.79,116.96,10,3.33364,2023-10-01 04:15:38,495.6009339555097,9028.364471684214,70.47256157840899,later,intermediate (25-75 km)
22762,-8.41,116.09,22,3.06024,2023-10-01 18:21:44,399.81742095131875,9070.259193336262,43.13185092572377,later,intermediate (25-75 km)
22763,-8.64,116.61,18,3.33364,2023-10-01 18:35:21,457.0916874918714,9044.926097989357,33.25273285919976,later,intermediate (25-75 km)
22764,-8.63,116.59,12,3.27896,2023-10-01 18:36:48,454.89003815912986,9046.029368078705,31.339540387343533,later,intermediate (25-75 km)
22777,-8.89,116.86,10,3.38832,2023-10-02 04:43:16,484.6074067547638,9017.306173846084,71.33374717920489,later,intermediate (25-75 km)
22793,-8.44,115.84,26,3.7164,2023-10-02 15:55:15,372.30134210887434,9066.869190633637,70.82938395397314,later,intermediate (25-75 km)
22799,-8.51,115.94,28,3.27896,2023-10-02 20:34:52,383.33222048506394,9059.160433984089,61.40115083702366,later,intermediate (25-75 km)
22803,-8.44,116.95,14,3.22428,2023-10-03 02:31:06,494.49610909354266,9067.05858924584,52.28294056269254,later,intermediate (25-75 km)
22808,-8.89,116.86,10,3.38832,2023-10-03 04:43:16,484.6074067547638,9017.306173846084,71.33374717920489,later,intermediate (25-75 km)
22813,-8.87,116.9,10,3.443,2023-10-03 08:03:26,489.0046999551397,9019.518730488839,72.27123949985345,later,intermediate (25-75 km)
22823,-8.45,115.84,27,3.740498929,2023-10-03 15:55:15,372.30463031785104,9065.763432449101,70.95928443055152,later,intermediate (25-75 km)
22828,-8.37,116.04,25,3.38832,2023-10-03 21:57:44,394.3015865876753,9074.668798756811,48.404641500677364,later,intermediate (25-75 km)
22831,-8.44,116.95,14,3.22428,2023-10-04 02:31:06,494.49610909354266,9067.05858924584,52.28294056269254,later,intermediate (25-75 km)
22837,-8.87,116.9,10,3.443,2023-10-04 08:03:26,489.0046999551397,9019.518730488839,72.27123949985345,later,intermediate (25-75 km)
22840,-8.24,116.69,11,3.7164,2023-10-04 12:59:58,465.8583677378007,9089.15638471212,27.255210797650406,later,intermediate (25-75 km)
22845,-8.45,117.2,11,3.33364,2023-10-04 17:51:55,522.0150372576533,9065.947755635934,79.69743202488142,later,far field (>75 km)
22852,-8.37,116.04,25,3.38832,2023-10-04 21:57:44,394.3015865876753,9074.668798756811,48.404641500677364,later,intermediate (25-75 km)
22855,-8.28,116.77,11,3.9898,2023-10-05 02:20:55,474.6717154935487,9084.740182675883,33.439356488859964,later,intermediate (25-75 km)
22863,-8.24,116.69,11,3.7164,2023-10-05 12:59:58,465.8583677378007,9089.15638471212,27.255210797650406,later,intermediate (25-75 km)
22871,-8.45,117.2,11,3.33364,2023-10-05 17:51:55,522.0150372576533,9065.947755635934,79.69743202488142,later,far field (>75 km)
22886,-8.32,116.74,12,3.990193664,2023-10-06 02:20:56,471.37090243127676,9080.315977157821,29.139879225378113,later,intermediate (25-75 km)
22889,-8.46,117.0,8,3.27896,2023-10-06 04:38:12,500.0,9064.847861393508,58.06771339385441,later,intermediate (25-75 km)
22924,-8.46,117.0,8,3.27896,2023-10-07 04:38:12,500.0,9064.847861393508,58.06771339385441,later,intermediate (25-75 km)
22928,-8.69,115.82,33,3.38832,2023-10-07 09:05:50,370.18414715968885,9039.218282207743,80.83000005445473,later,far field (>75 km)
22957,-8.69,115.82,33,3.38832,2023-10-08 09:05:50,370.18414715968885,9039.218282207743,80.83000005445473,later,far field (>75 km)
22972,-8.52,116.07,16,3.27896,2023-10-08 18:57:29,397.6444849807698,9058.091527421948,48.08127384115591,later,intermediate (25-75 km)
22983,-8.9,116.94,10,3.27896,2023-10-09 04:46:56,493.40335847627586,9016.202979785558,77.6558293253314,later,far field (>75 km)
23001,-8.52,116.07,16,3.27896,2023-10-09 18:57:29,397.6444849807698,9058.091527421948,48.08127384115591,later,intermediate (25-75 km)
23011,-8.9,116.94,10,3.27896,2023-10-10 04:46:56,493.40335847627586,9016.202979785558,77.6558293253314,later,far field (>75 km)
23020,-8.36,116.23,10,3.443,2023-10-10 12:13:05,415.22026654792614,9075.820409902937,27.525460114052756,later,intermediate (25-75 km)
23034,-8.89,116.91,11,3.49768,2023-10-11 04:40:49,490.10476702369675,9017.307879006372,74.68587201854076,later,intermediate (25-75 km)
23045,-8.36,116.23,10,3.443,2023-10-11 12:13:05,415.22026654792614,9075.820409902937,27.525460114052756,later,intermediate (25-75 km)
23050,-8.02,116.73,17,3.7164,2023-10-11 14:22:33,470.24756473835635,9113.481336116783,47.66228820252634,later,intermediate (25-75 km)
23062,-8.89,116.91,11,3.49768,2023-10-12 04:40:49,490.10476702369675,9017.307879006372,74.68587201854076,later,intermediate (25-75 km)
23066,-8.31,116.73,12,3.9898,2023-10-12 08:59:33,470.26902216172635,9081.420784670932,28.302347883454328,later,intermediate (25-75 km)
23093,-8.28,116.74,10,3.899843725,2023-10-13 08:59:33,471.3680055897927,9084.738148244316,30.306043569514504,later,intermediate (25-75 km)
23155,-8.31,116.07,11,3.27896,2023-10-15 18:03:20,397.5893260067727,9081.310777209352,45.59851310867395,later,intermediate (25-75 km)
23166,-8.77,116.86,10,3.443,2023-10-16 08:35:23,484.6024306513868,9030.572956365751,61.024925943372814,later,intermediate (25-75 km)
23175,-8.31,116.07,11,3.27896,2023-10-16 18:03:20,397.5893260067727,9081.310777209352,45.59851310867395,later,intermediate (25-75 km)
23177,-8.06,116.32,13,3.55236,2023-10-16 18:17:17,425.0738483367574,9109.00670384034,38.707536861392576,later,intermediate (25-75 km)
23191,-8.77,116.86,10,3.443,2023-10-17 08:35:23,484.6024306513868,9030.572956365751,61.024925943372814,later,intermediate (25-75 km)
23206,-8.57,116.07,22,3.27896,2023-10-17 20:40:43,397.65781955572044,9052.563098893135,50.27842004341924,later,intermediate (25-75 km)
23229,-8.57,116.08,22,3.229120826,2023-10-18 20:40:43,398.7583645956102,9052.56574680172,49.29443655391954,later,intermediate (25-75 km)
23277,-8.6,116.07,20,3.22428,2023-10-20 18:11:33,397.6658574892479,9049.246035107848,51.83878616557166,later,intermediate (25-75 km)
23289,-8.39,115.87,21,3.27896,2023-10-21 02:55:18,375.58835257664157,9072.407607066283,67.14154762204629,later,intermediate (25-75 km)
23296,-8.33,115.76,17,3.27896,2023-10-21 07:29:40,363.4548622650007,9079.005757818419,79.33642518143114,later,far field (>75 km)
23316,-8.6,116.07,20,3.22428,2023-10-21 18:11:33,397.6658574892479,9049.246035107848,51.83878616557166,later,intermediate (25-75 km)
23327,-8.39,115.87,21,3.27896,2023-10-22 02:55:18,375.58835257664157,9072.407607066283,67.14154762204629,later,intermediate (25-75 km)
23330,-8.78,116.87,29,3.33364,2023-10-22 04:28:07,485.70264158954757,9029.467789926497,62.58781317332947,later,intermediate (25-75 km)
23335,-8.33,115.76,17,3.27896,2023-10-22 07:29:40,363.4548622650007,9079.005757818419,79.33642518143114,later,far field (>75 km)
23339,-8.79,116.82,8,3.33364,2023-10-22 09:04:50,480.20417309169494,9028.359954563452,59.821057928744736,later,intermediate (25-75 km)
23348,-8.01,117.25,19,3.55236,2023-10-22 16:54:55,527.5492096882117,9114.588257907892,93.72522812710133,later,far field (>75 km)
23359,-8.45,116.95,10,3.27896,2023-10-23 01:30:26,494.4962507790575,9065.953048955482,52.459348856876076,later,intermediate (25-75 km)
23364,-8.78,116.87,29,3.33364,2023-10-23 04:28:07,485.70264158954757,9029.467789926497,62.58781317332947,later,intermediate (25-75 km)
23370,-8.79,116.82,8,3.33364,2023-10-23 09:04:50,480.20417309169494,9028.359954563452,59.821057928744736,later,intermediate (25-75 km)
23373,-8.8,116.86,10,3.33364,2023-10-23 09:51:12,484.6036683844843,9027.256268658992,63.496251062185124,later,intermediate (25-75 km)
23392,-8.45,116.95,10,3.27896,2023-10-24 01:30:26,494.4962507790575,9065.953048955482,52.459348856876076,later,intermediate (25-75 km)
23402,-8.8,116.86,10,3.33364,2023-10-24 09:51:12,484.6036683844843,9027.256268658992,63.496251062185124,later,intermediate (25-75 km)
23424,-8.83,116.8,13,3.443,2023-10-25 04:36:30,478.00699288170074,9023.93657062885,62.0812012145873,later,intermediate (25-75 km)
23442,-8.44,116.96,15,3.49768,2023-10-25 14:18:46,495.5968874686538,9067.058716138914,53.37093948768132,later,intermediate (25-75 km)
23454,-8.83,116.8,13,3.443,2023-10-26 04:36:30,478.00699288170074,9023.93657062885,62.0812012145873,later,intermediate (25-75 km)
23466,-8.41,116.96,12,3.548907962,2023-10-26 14:18:47,495.59654822334085,9070.375333198685,52.98934515687012,later,intermediate (25-75 km)
23467,-8.47,116.9,15,3.60704,2023-10-26 16:14:30,488.99306526361914,9063.740905591594,47.51780876697801,later,intermediate (25-75 km)
23487,-8.89,116.89,10,3.33364,2023-10-27 04:29:48,487.90582400776947,9017.307285907696,73.31396585042629,later,intermediate (25-75 km)
23500,-8.49,116.88,11,3.569387171,2023-10-27 16:14:31,486.7923583665394,9061.529194694313,45.976275722909016,later,intermediate (25-75 km)
23503,-8.31,116.66,12,3.443,2023-10-27 18:11:38,462.5609125733578,9081.414854269598,20.8970577956905,later,near field (<=25 km)
23519,-8.89,116.89,10,3.33364,2023-10-28 04:29:48,487.90582400776947,9017.307285907696,73.31396585042629,later,intermediate (25-75 km)
23534,-8.31,116.66,12,3.443,2023-10-28 18:11:38,462.5609125733578,9081.414854269598,20.8970577956905,later,near field (<=25 km)
23582,-8.54,116.49,14,3.11492,2023-10-30 12:49:48,443.8741347647195,9055.966422466774,18.93510783692346,later,near field (<=25 km)
23599,-8.54,116.49,14,3.11492,2023-10-31 12:49:48,443.8741347647195,9055.966422466774,18.93510783692346,later,near field (<=25 km)
23609,-8.43,117.15,26,3.66172,2023-11-01 00:07:13,516.5121134298078,9068.1613123646,74.00272670452249,later,intermediate (25-75 km)
23622,-8.45,116.53,14,3.684741235,2023-11-02 05:09:52,448.26420474296623,9065.922219964681,10.458545068304039,later,near field (<=25 km)
23629,-8.72,116.91,11,3.443,2023-11-02 08:54:36,490.1002479644225,9036.102431117197,61.23976047770223,later,intermediate (25-75 km)
23682,-8.83,116.83,10,3.38832,2023-11-05 08:13:32,481.3059540555858,9023.938205733051,64.00812146660571,later,intermediate (25-75 km)
23714,-8.37,116.56,26,3.33364,2023-11-07 02:55:07,451.55662013583327,9074.770628364058,8.800844352302294,later,near field (<=25 km)
23725,-8.52,116.05,14,3.33364,2023-11-08 01:02:38,395.44309897666517,9058.086176157729,50.15026505777302,later,intermediate (25-75 km)
23726,-8.49,116.11,16,3.22428,2023-11-08 03:19:16,402.0396003317808,9061.418903303953,42.829206048225444,later,intermediate (25-75 km)
23728,-8.65,116.27,13,3.49768,2023-11-08 05:59:58,419.6850655031175,9043.765531793688,38.764499612727576,later,intermediate (25-75 km)
23736,-8.35,116.4,22,3.33364,2023-11-08 17:43:06,433.93694084129277,9076.95854180486,9.077695789294925,later,near field (<=25 km)
23739,-8.83,116.82,10,3.38832,2023-11-09 02:50:02,480.2063009200796,9023.937690160144,63.353248048013015,later,intermediate (25-75 km)
23766,-8.53,116.52,22,2.8962,2023-11-10 14:57:47,447.17435824823923,9057.07624066405,18.327086208059626,later,near field (<=25 km)
23777,-8.24,116.45,11,3.55236,2023-11-11 05:09:39,439.42552352281166,9089.127952819637,14.827426454694345,later,near field (<=25 km)
23790,-8.34,116.01,13,3.55236,2023-11-12 02:22:11,390.98986996495944,9077.977697188797,51.81444036788072,later,intermediate (25-75 km)
23793,-8.69,115.95,14,3.27896,2023-11-12 04:52:21,384.48752730395046,9039.260343052621,68.28483272001873,later,intermediate (25-75 km)
23823,-8.25,116.47,12,3.33364,2023-11-13 17:21:50,441.62976019066656,9088.025353904517,13.38867775490113,later,near field (<=25 km)
23824,-8.54,116.04,11,3.443,2023-11-13 18:04:32,394.3478977608709,9055.87206968027,51.95486701150208,later,intermediate (25-75 km)
23841,-8.23,116.73,27,3.38832,2023-11-14 21:01:09,470.263027241094,9090.26512050849,31.60705688160075,later,intermediate (25-75 km)
23847,-8.29,116.97,12,3.55236,2023-11-14 23:23:57,496.69640254428026,9083.641848138539,54.63967261490989,later,intermediate (25-75 km)
23855,-8.9,116.84,11,3.22428,2023-11-15 09:56:04,482.408937103132,9016.199714187997,70.98884817463134,later,intermediate (25-75 km)
23860,-8.61,116.2,10,3.11492,2023-11-15 16:02:24,411.97390679523517,9048.1726809359,40.74820307579112,later,intermediate (25-75 km)
23869,-8.41,116.53,24,3.27896,2023-11-16 01:40:41,448.2588864751287,9070.34451948252,7.073584047846456,later,near field (<=25 km)
23880,-8.87,116.43,12,3.443,2023-11-16 18:53:10,437.32582895387515,9019.472138643541,55.86854318426706,later,intermediate (25-75 km)
23886,-8.79,116.78,10,3.06024,2023-11-17 03:37:27,475.8050815830631,9028.357607993503,57.17586258095004,later,intermediate (25-75 km)
23903,-8.72,116.64,17,3.27896,2023-11-18 18:14:45,460.40075724609295,9036.084749224752,42.71024834287582,later,intermediate (25-75 km)
23915,-8.38,116.08,13,3.278181628,2023-11-19 19:19:20,398.708646109428,9073.573644913266,44.017701658462826,later,intermediate (25-75 km)
23947,-8.56,116.03,11,3.82576,2023-11-22 05:58:05,393.25282093821977,9053.65791999991,53.81325950379828,later,intermediate (25-75 km)
23948,-8.51,116.09,11,3.82576,2023-11-22 08:06:13,399.8432585381537,9059.20244285921,45.63373874492146,later,intermediate (25-75 km)
23993,-8.02,116.88,13,3.49768,2023-11-23 05:23:38,486.7767334383726,9113.489184818154,58.759814918194685,later,intermediate (25-75 km)
23995,-8.54,116.03,12,3.80601792,2023-11-23 05:58:05,393.2472543577883,9055.869316598159,52.980859869408086,later,intermediate (25-75 km)
23998,-8.52,116.09,10,3.818277202,2023-11-23 08:06:13,399.84585897831903,9058.096764780743,46.024415301849686,later,intermediate (25-75 km)
24046,-8.9,116.85,15,3.445411444,2023-11-24 04:10:46,483.5083810221514,9016.200174341464,71.6075466857343,later,intermediate (25-75 km)
24052,-8.02,116.86,18,3.472815352,2023-11-24 05:23:38,484.5728517374687,9113.488487160474,57.12925971864144,later,intermediate (25-75 km)
24083,-8.28,117.19,10,3.49768,2023-11-25 04:00:37,520.9233482405328,9084.742507731358,78.7549035412817,later,far field (>75 km)
24084,-8.86,116.86,10,3.38832,2023-11-25 04:40:40,484.6061564364939,9020.622877416567,68.65861088799703,later,intermediate (25-75 km)
24127,-8.29,117.17,10,3.494622409,2023-11-26 04:00:37,518.7204112599011,9083.637968525425,76.43445330222805,later,far field (>75 km)
24129,-8.86,116.86,10,3.38832,2023-11-26 04:40:40,484.6061564364939,9020.622877416567,68.65861088799703,later,intermediate (25-75 km)
24137,-8.88,116.87,8,3.27896,2023-11-26 09:18:42,485.7064921433395,9018.41214220001,71.09332697617701,later,intermediate (25-75 km)
24158,-8.34,116.46,10,3.1696,2023-11-26 17:08:47,440.54193354485267,9078.0736681831,3.9961458785001747,later,near field (<=25 km)
24184,-8.88,116.87,8,3.27896,2023-11-27 09:18:42,485.7064921433395,9018.41214220001,71.09332697617701,later,intermediate (25-75 km)
24204,-8.34,116.46,10,3.1696,2023-11-27 17:08:47,440.54193354485267,9078.0736681831,3.9961458785001747,later,near field (<=25 km)
24228,-8.18,116.7,10,3.7164,2023-11-28 19:31:03,466.9547608140883,9095.790473784486,32.130790142614934,later,intermediate (25-75 km)
24241,-8.87,116.89,10,3.38832,2023-11-29 09:53:10,487.90516871418373,9019.518419790025,71.57383829821907,later,intermediate (25-75 km)
24262,-8.14,116.68,14,3.676053742,2023-11-29 19:31:04,464.74821781081596,9100.210940857258,33.74089924780119,later,intermediate (25-75 km)
24279,-8.87,116.89,10,3.38832,2023-11-30 09:53:10,487.90516871418373,9019.518419790025,71.57383829821907,later,intermediate (25-75 km)
24376,-8.29,116.06,8,3.1696,2023-12-03 22:07:30,396.48280348493074,9083.519530242062,47.05760515215504,later,intermediate (25-75 km)
24392,-8.34,116.02,7,3.27896,2023-12-04 12:27:27,392.0910864811061,9077.980443429775,50.716624498341496,later,intermediate (25-75 km)
24409,-8.29,116.06,8,3.1696,2023-12-04 22:07:30,396.48280348493074,9083.519530242062,47.05760515215504,later,intermediate (25-75 km)
24413,-8.89,116.87,10,3.38832,2023-12-05 04:45:04,485.7068795791243,9017.306574188504,71.98308381897547,later,intermediate (25-75 km)
24418,-8.34,116.02,7,3.27896,2023-12-05 12:27:27,392.0910864811061,9077.980443429775,50.716624498341496,later,intermediate (25-75 km)
24426,-8.33,116.14,17,3.7164,2023-12-05 18:20:13,405.30304072165796,9079.116876553999,37.66901547754271,later,intermediate (25-75 km)
24448,-8.33,116.14,17,3.7164,2023-12-06 18:20:13,405.30304072165796,9079.116876553999,37.66901547754271,later,intermediate (25-75 km)
24459,-8.83,116.82,10,3.38832,2023-12-07 03:44:49,480.2063009200796,9023.937690160144,63.353248048013015,later,intermediate (25-75 km)
24486,-8.83,116.82,10,3.38832,2023-12-08 03:44:49,480.2063009200796,9023.937690160144,63.353248048013015,later,intermediate (25-75 km)
24508,-8.38,116.01,15,3.49768,2023-12-08 17:25:55,391.0009819903072,9073.554920141294,51.71624881332691,later,intermediate (25-75 km)
24509,-8.35,116.01,11,3.49768,2023-12-08 17:29:27,390.9926430201804,9076.872003737944,51.75408736255883,later,intermediate (25-75 km)
24544,-8.29,116.03,10,3.578413459,2023-12-09 17:25:54,393.1787633045016,9083.511589106154,50.30261853973408,later,intermediate (25-75 km)
24545,-8.33,116.02,12,3.54838841,2023-12-09 17:29:27,392.08834471760537,9079.086133141105,50.802525509793156,later,intermediate (25-75 km)
24584,-8.52,116.87,14,3.753304199,2023-12-11 06:39:16,485.692832763862,9058.212202142235,46.024415301849686,later,intermediate (25-75 km)
24588,-8.47,117.13,10,3.443,2023-12-11 08:50:23,514.3090199847317,9063.739929384597,72.35713370902936,later,intermediate (25-75 km)
24620,-8.47,117.13,10,3.443,2023-12-12 08:50:23,514.3090199847317,9063.739929384597,72.35713370902936,later,intermediate (25-75 km)
24666,-8.46,115.8,9,3.38832,2023-12-13 15:43:57,367.9041374586131,9064.64432878453,75.46499400979663,later,far field (>75 km)
24688,-8.82,116.78,10,3.443,2023-12-14 03:30:10,475.80703100144706,9025.040902814577,59.93080176348188,later,intermediate (25-75 km)
24689,-8.39,117.15,15,3.77108,2023-12-14 03:37:35,516.513806665678,9072.583478643342,73.7387114818298,later,intermediate (25-75 km)
24705,-8.46,115.8,9,3.38832,2023-12-14 15:43:57,367.9041374586131,9064.64432878453,75.46499400979663,later,far field (>75 km)
24713,-8.28,115.93,20,3.1696,2023-12-14 19:28:04,382.16211115120893,9084.589033079485,61.334703603408194,later,intermediate (25-75 km)
24723,-8.82,116.78,10,3.443,2023-12-15 03:30:10,475.80703100144706,9025.040902814577,59.93080176348188,later,intermediate (25-75 km)
24724,-8.39,117.15,15,3.77108,2023-12-15 03:37:35,516.513806665678,9072.583478643342,73.7387114818298,later,intermediate (25-75 km)
24747,-8.28,115.93,20,3.1696,2023-12-15 19:28:04,382.16211115120893,9084.589033079485,61.334703603408194,later,intermediate (25-75 km)
24765,-8.78,116.76,10,3.38832,2023-12-16 08:22:43,473.6048244305307,9029.461827421608,55.01134104063065,later,intermediate (25-75 km)
24798,-8.78,116.76,10,3.38832,2023-12-17 08:22:43,473.6048244305307,9029.461827421608,55.01134104063065,later,intermediate (25-75 km)
24808,-8.71,116.61,18,3.38832,2023-12-17 15:30:28,457.0996330121111,9037.187054663973,40.41859350044289,later,intermediate (25-75 km)
24836,-8.71,116.61,18,3.38832,2023-12-18 15:30:28,457.0996330121111,9037.187054663973,40.41859350044289,later,intermediate (25-75 km)
24856,-8.67,115.8,28,3.22428,2023-12-19 18:44:00,367.9765805855378,9041.422948403726,81.88124373302878,later,far field (>75 km)
24865,-8.87,116.88,11,3.443,2023-12-20 04:57:15,486.8056371199501,9019.518079500662,70.8866270351449,later,intermediate (25-75 km)
24881,-8.67,115.8,28,3.22428,2023-12-20 18:44:00,367.9765805855378,9041.422948403726,81.88124373302878,later,far field (>75 km)
24891,-8.48,117.05,15,3.22428,2023-12-20 21:02:20,505.5033231646473,9062.636424702072,63.87907641607758,later,intermediate (25-75 km)
24902,-8.87,116.88,11,3.443,2023-12-21 04:57:15,486.8056371199501,9019.518079500662,70.8866270351449,later,intermediate (25-75 km)
24904,-8.5,115.99,13,3.27896,2023-12-21 06:46:04,388.8330970251452,9060.280856762069,55.800976720659385,later,intermediate (25-75 km)
24929,-8.48,117.05,15,3.22428,2023-12-21 21:02:20,505.5033231646473,9062.636424702072,63.87907641607758,later,intermediate (25-75 km)
24944,-7.97,116.97,18,3.60704,2023-12-22 01:21:37,496.69378300262366,9119.018572808618,69.9070424564504,later,intermediate (25-75 km)
24947,-8.53,116.11,13,3.346111801,2023-12-22 03:37:43,402.0497674583726,9056.996215440822,44.41451467413468,later,intermediate (25-75 km)
24950,-8.52,115.98,10,3.258249804,2023-12-22 06:46:04,387.7381496811982,9058.066549680776,57.46829378761624,later,intermediate (25-75 km)
24984,-7.97,116.97,18,3.60704,2023-12-23 01:21:37,496.69378300262366,9119.018572808618,69.9070424564504,later,intermediate (25-75 km)
25029,-8.79,116.94,10,3.49768,2023-12-24 04:22:46,493.4014002902334,9028.364178365737,68.84117811214807,later,intermediate (25-75 km)
25055,-8.57,116.09,23,3.1696,2023-12-24 17:14:30,399.85890666812963,9052.56836607221,48.31544927315365,later,intermediate (25-75 km)
25062,-8.49,115.83,19,3.9898,2023-12-24 22:47:56,371.2169666889747,9061.33708916771,72.73027480659623,later,intermediate (25-75 km)
25071,-8.79,116.94,10,3.49768,2023-12-25 04:22:46,493.4014002902334,9028.364178365737,68.84117811214807,later,intermediate (25-75 km)
25076,-8.82,116.9,10,3.38832,2023-12-25 08:55:02,489.00321647832527,9025.0465531806,68.08899807495582,later,intermediate (25-75 km)
25082,-8.57,116.09,22,3.27896,2023-12-25 10:46:27,399.85890666812963,9052.56836607221,48.31544927315365,later,intermediate (25-75 km)
25089,-8.53,116.02,13,3.27896,2023-12-25 14:58:58,392.1438007259445,9056.972235603407,53.63132115479073,later,intermediate (25-75 km)
25101,-8.46,115.85,21,3.999639804,2023-12-25 22:47:57,373.40885917835334,9064.660939228257,70.01747959770279,later,intermediate (25-75 km)
25113,-8.82,116.9,10,3.38832,2023-12-26 08:55:02,489.00321647832527,9025.0465531806,68.08899807495582,later,intermediate (25-75 km)
25118,-8.57,116.09,22,3.27896,2023-12-26 10:46:27,399.85890666812963,9052.56836607221,48.31544927315365,later,intermediate (25-75 km)
25129,-8.53,116.04,14,3.376892478,2023-12-26 14:58:58,394.34514797649007,9056.97776402147,51.56129294361311,later,intermediate (25-75 km)
25134,-8.57,116.09,23,3.1696,2023-12-26 17:14:30,399.85890666812963,9052.56836607221,48.31544927315365,later,intermediate (25-75 km)
25140,-8.26,116.73,12,3.49768,2023-12-26 21:46:10,470.2652685848046,9086.948498696092,30.10342192309885,later,intermediate (25-75 km)
25144,-8.29,116.73,13,3.77108,2023-12-26 23:16:46,470.267518030476,9083.631871935557,28.90815803673958,later,intermediate (25-75 km)
25164,-8.33,115.85,9,3.1696,2023-12-27 12:20:34,373.36673042607475,9079.035711934597,69.45276195315425,later,intermediate (25-75 km)
25177,-8.26,116.73,12,3.49768,2023-12-27 21:46:10,470.2652685848046,9086.948498696092,30.10342192309885,later,intermediate (25-75 km)
25180,-8.22,116.76,11,3.819898849,2023-12-27 23:16:46,473.56649265038226,9091.372762567242,35.034016879122625,later,intermediate (25-75 km)
25199,-8.33,115.85,9,3.1696,2023-12-28 12:20:34,373.36673042607475,9079.035711934597,69.45276195315425,later,intermediate (25-75 km)
25219,-8.34,117.24,14,3.38832,2023-12-29 07:05:11,526.4255045515645,9078.106282008708,83.67774408717973,later,far field (>75 km)
25221,-8.39,117.25,10,3.27896,2023-12-29 07:34:06,527.5230649838923,9072.577871345977,84.73512496084747,later,far field (>75 km)
25226,-8.9,116.87,10,3.443,2023-12-29 09:31:07,485.7072674476657,9016.201005585539,72.87894343770868,later,intermediate (25-75 km)
25246,-8.33,116.42,9,3.27896,2023-12-30 03:36:54,436.13586981910805,9079.173012312936,7.959631050114872,later,near field (<=25 km)
25247,-8.63,116.58,15,3.60704,2023-12-30 03:52:21,453.7897764661863,9046.028172236205,30.93168373381583,later,intermediate (25-75 km)
25252,-8.34,117.24,14,3.38832,2023-12-30 07:05:11,526.4255045515645,9078.106282008708,83.67774408717973,later,far field (>75 km)
25253,-8.39,117.25,10,3.27896,2023-12-30 07:34:06,527.5230649838923,9072.577871345977,84.73512496084747,later,far field (>75 km)
25255,-8.9,116.87,10,3.443,2023-12-30 09:31:07,485.7072674476657,9016.201005585539,72.87894343770868,later,intermediate (25-75 km)
25262,-8.75,115.93,14,3.49768,2023-12-30 18:32:20,382.305832199835,9032.619746729273,73.77487601579872,later,intermediate (25-75 km)
25269,-8.33,116.42,9,3.27896,2023-12-31 03:36:54,436.13586981910805,9079.173012312936,7.959631050114872,later,near field (<=25 km)
25270,-8.61,116.58,13,3.60240124,2023-12-31 03:52:22,453.7873470652894,9048.239329030526,28.864030903381853,later,intermediate (25-75 km)
