no,lat,lon,depth,mw,dt,east_km,north_km,t_days,g
732,-8.62,116.18,56,3.826539573,2009-12-30 07:10:42,409.77548222222214,9047.06236432783,0.0,1
739,-8.29,117.23,29,4.579502161,2010-01-04 18:07:44,525.3276450113464,9083.634643121099,5.456273148148148,2
787,-8.62,116.82,30,3.755315428,2010-02-10 16:00:28,480.195236817969,9047.15447440064,42.36789351851852,2
845,-8.41,116.51,46,3.74441322,2010-03-01 17:49:04,446.0570862902903,9070.3418216211,61.44331018518518,2
853,-8.53,116.09,10,3.704407145,2010-03-07 23:13:54,399.8484624511832,9056.991086148704,67.66888888888889,1
950,-8.68,116.57,10,4.650744172,2010-04-01 20:09:43,452.69575660934083,9040.499038691774,92.5409837962963,1
951,-8.87,116.83,38,3.896958172,2010-04-02 01:13:47,481.30797272554395,9019.515934193656,92.7521412037037,1
965,-8.35,116.55,32,4.10719675,2010-04-08 02:18:56,450.4530876783184,9076.980519580493,98.79738425925926,2
1091,-8.35,117.19,11,3.920794715,2010-05-25 22:55:54,520.9196370045205,9077.003738333324,146.6563888888889,2
1105,-8.27,115.93,11,3.918985026,2010-05-29 20:08:48,382.1591388631056,9085.69474955194,150.5403472222222,0
1124,-8.38,116.07,16,3.728088123,2010-06-12 11:43:52,397.6075604185664,9073.571054013595,164.18969907407407,0
1329,-8.25,116.11,12,4.329594841,2010-11-11 08:05:42,401.9795943907138,9087.95484632673,316.03819444444446,0
1330,-8.23,116.07,10,4.281031718,2010-11-11 08:06:55,397.5686727382471,9090.156142778738,316.03903935185184,0
1337,-8.18,116.06,18,4.034166124,2010-11-15 12:52:54,396.4542204386623,9095.68192072415,320.2376388888889,0
1338,-8.3,116.09,10,3.941301191,2010-11-15 13:12:09,399.789349979597,9082.4215557499,320.25100694444444,0
1339,-8.24,116.1,10,4.425265091,2010-11-15 23:26:42,400.87566371798306,9089.058037722561,320.6777777777778,0
1352,-8.62,116.3,14,3.706690144,2010-11-22 05:08:58,422.9797560144088,9047.088617199981,326.915462962963,1
1519,-8.28,116.11,23,4.253963445,2011-03-30 13:09:15,401.9870016627248,9084.637870547473,455.24899305555556,0
1524,-8.3,116.01,15,3.80399654,2011-04-05 17:02:01,390.9788107536399,9082.400465602152,461.4106365740741,0
1529,-8.79,115.88,10,3.781446453,2011-04-12 11:16:56,376.8186312579622,9028.180708296726,468.17099537037035,1
1530,-8.18,116.06,10,4.269562198,2011-04-12 12:35:05,396.4542204386623,9095.68192072415,468.2252662037037,0
1531,-8.01,116.08,10,4.131386048,2011-04-12 17:14:59,398.6150038564346,9114.48320219865,468.4196412037037,0
1532,-8.25,116.02,25,4.229091327,2011-04-12 20:42:03,392.0665282497308,9087.931631468493,468.5634375,0
1547,-8.32,115.83,26,3.897688751,2011-04-19 11:36:12,371.1608501744885,9080.135006095137,475.184375,0
1548,-8.31,116.02,20,4.279798144,2011-04-25 16:11:20,392.08287099347706,9081.297510946386,481.3754398148148,0
1560,-8.61,115.97,14,3.932056826,2011-05-04 23:13:41,386.66407593516914,9048.1121647914,490.66873842592594,1
1578,-8.74,115.77,13,3.746973283,2011-05-22 22:26:53,364.70066725463505,9033.671797983565,508.6362384259259,1
1584,-8.36,116.96,10,4.052483646,2011-05-31 00:42:18,495.5959854808334,9075.903017092673,516.7302777777778,2
1589,-8.89,116.56,12,3.8200998,2011-06-05 16:58:48,451.62286867894034,9017.280373432448,522.4084027777777,1
1600,-8.9,116.15,30,3.878988301,2011-06-24 04:09:12,406.5443087776299,9016.096259685411,540.8739583333333,1
1700,-7.98,116.3,10,3.816551943,2011-09-16 05:12:55,422.8549564026849,9117.84775349974,624.9182060185185,0
1718,-8.69,116.91,31,3.755775451,2011-09-25 20:07:37,490.09945947420476,9039.419099273884,634.539525462963,2
1800,-8.56,117.23,20,3.739803149,2011-10-20 19:33:29,525.3100888561088,9053.78486433835,659.5158217592592,2
2039,-7.96,116.51,11,3.995339522,2011-12-29 04:08:32,445.9965106951294,9120.092227369712,728.8734953703704,0
2070,-8.49,117.2,17,3.983427703,2012-01-12 06:13:58,522.0127636031335,9061.525564510464,742.9606018518518,2
2131,-8.3,116.79,10,3.753819219,2012-01-24 01:16:24,476.875353457303,9082.530323761153,754.7539583333333,2
2481,-8.77,117.02,20,3.779094229,2012-05-02 19:03:21,502.1996507058212,9030.575766022006,854.4948958333333,2
2672,-8.4,115.83,13,3.848998402,2012-07-27 08:17:01,371.18711751732246,9071.288946872775,940.0460532407408,0
2744,-8.49,116.07,12,3.730522838,2012-09-03 04:45:50,397.63652142772753,9061.408577898952,977.8993981481482,1
2976,-8.3,116.72,10,3.828908522,2012-09-24 05:15:08,469.1670861413173,9082.525565607428,998.9197453703704,2
3029,-8.36,116.23,17,4.165794755,2012-10-08 13:18:27,415.22026654792614,9075.820409902937,1013.2553819444445,0
3064,-8.17,116.4,14,3.912447825,2012-10-19 14:15:33,433.9070001022554,9096.859127573694,1024.2950347222222,0
3074,-8.31,115.77,15,3.989638877,2012-10-23 15:00:22,364.5493255360196,9081.22075487152,1028.3261574074074,0
3094,-8.72,116.78,19,3.817781955,2012-10-27 21:15:21,475.80055858028294,9036.096566318525,1032.5865625,1
3120,-8.34,116.95,10,3.762338305,2012-11-05 00:23:44,494.4947014038176,9078.113961311048,1040.7173842592592,2
3125,-8.63,116.43,57,3.862437062,2012-11-06 07:51:32,437.28567062154895,9046.006776321608,1042.0283564814815,1
3171,-8.27,116.02,10,3.77211286,2012-11-18 08:49:00,392.071962758913,9085.72026010504,1054.0682638888889,0
3406,-8.87,116.87,10,3.796002609,2013-02-20 09:10:02,485.70610514032256,9019.517709620697,1148.0828703703703,1
3516,-8.3,116.74,10,3.995298936,2013-04-02 00:33:09,471.36945227694963,9082.527063806014,1188.723923611111,2
3643,-8.44,116.04,16,5.072359857,2013-06-22 05:42:37,394.3205438960182,9066.928988301383,1269.9388310185186,0
3644,-8.27,116.07,10,3.792259628,2013-06-22 09:23:57,397.57897456242887,9085.73346429133,1270.0925347222221,0
3653,-8.3,116.04,10,3.825800986,2013-07-01 09:38:32,394.28278610743223,9082.408582629068,1279.1026620370371,0
3660,-8.43,117.2,10,4.406022159,2013-07-18 08:09:37,522.0161700858747,9068.158847820196,1296.0409143518518,2
3661,-8.44,117.19,10,4.908308171,2013-07-18 15:43:10,520.9148198153022,9067.053851884002,1296.3558796296297,2
3662,-8.46,117.23,10,4.50538924,2013-07-18 19:33:00,525.3166562901799,9064.840385694482,1296.5154861111112,2
3676,-8.09,116.16,11,5.805703489,2013-08-21 04:43:14,407.44989153880164,9105.657008618726,1329.8975925925927,0
3689,-8.32,117.25,11,4.221043185,2013-09-05 17:51:56,527.5279715561875,9080.316686295948,1345.445300925926,2
3727,-8.81,115.89,10,3.775230039,2013-09-24 08:33:41,377.92515294768657,9025.972461012665,1364.057627314815,1
3733,-8.43,116.92,17,3.832915674,2013-09-29 20:09:39,491.19354643946406,9068.16357973592,1369.5409375,2
3881,-7.97,117.2,23,4.183989493,2013-12-07 15:12:46,522.041489004853,9119.01335881309,1438.3347685185186,2
3903,-8.31,116.06,10,4.224239521,2013-12-15 14:19:37,396.48804115347673,9081.308179547243,1446.2978587962964,0
3950,-8.06,116.6,10,3.768768435,2014-01-30 07:31:23,455.9264475905319,9109.047475350475,1492.014363425926,0
3966,-8.28,115.98,14,3.778517135,2014-02-18 15:50:41,387.66912971014443,9084.603499276014,1511.361099537037,0
4035,-8.62,116.85,10,3.797112064,2014-03-21 11:08:05,483.4960386575982,9047.155899112602,1542.164849537037,2
4069,-8.25,117.2,10,4.14167065,2014-03-31 12:20:31,522.0262455454127,9088.058577056358,1552.215150462963,2
4070,-8.36,117.22,10,4.346800306,2014-03-31 12:24:09,524.222135346127,9075.896479374152,1552.2176736111112,2
4089,-8.4,117.2,10,3.801709158,2014-04-06 09:13:55,522.0178643290428,9071.475481888054,1558.0855671296297,2
4132,-8.48,117.14,14,3.888581138,2014-04-25 10:38:48,515.4093177432325,9062.634002635068,1577.144513888889,2
4288,-8.28,116.15,10,4.417725629,2014-08-21 10:22:11,406.39239944910213,9084.647504640252,1695.132974537037,0
4326,-8.33,116.02,14,4.430118054,2014-09-17 16:41:32,392.08834471760537,9079.086133141105,1722.396412037037,0
4335,-8.33,116.94,10,4.272189143,2014-09-22 18:42:34,493.393473505924,9079.219342320348,1727.480462962963,2
4663,-8.44,117.19,10,3.942205036,2015-03-04 16:04:39,520.9148198153022,9067.053851884002,1890.370798611111,2
4803,-8.38,116.55,13,3.911061637,2015-04-16 02:50:11,450.4568773813846,9073.663814749798,1932.819085648148,2
4851,-8.51,116.02,16,3.965021043,2015-05-02 18:43:13,392.13819632644555,9059.183635208692,1949.4809143518519,1
4856,-8.43,116.03,13,4.570052285,2015-05-04 10:21:24,393.2168693122148,9068.031958492338,1951.1324305555556,0
4904,-8.34,116.59,10,3.946661077,2015-05-25 23:08:20,454.8561854846575,9078.09088127364,1972.665023148148,2
4915,-8.73,115.82,24,3.899626611,2015-06-02 15:29:52,370.19794376714054,9034.795161069937,1980.3466435185185,1
4958,-8.29,116.1,10,4.534863105,2015-06-28 11:37:42,400.8881479400416,9083.529730207512,2006.1854166666667,0
5077,-8.89,116.3,10,3.912790821,2015-09-03 05:54:22,423.0352716711704,9017.236421182937,2072.9469907407406,1
5082,-8.28,116.04,10,3.919033466,2015-09-08 13:26:32,394.2774433505187,9084.61994459734,2078.2609953703704,0
5127,-8.13,116.88,29,3.774904695,2015-09-30 02:05:42,486.78031110970664,9101.328444518635,2099.7881944444443,2
5141,-8.42,117.1,15,3.912350852,2015-10-08 18:46:27,511.00835159414737,9069.268613129383,2108.4831597222224,2
5211,-8.25,116.06,10,3.727769711,2015-11-14 01:34:23,396.47236576209,9087.942225179428,2144.7664467592595,0
5236,-8.24,116.22,10,4.125052159,2015-11-24 21:42:21,414.0930907825557,9089.085811956562,2155.6053125,0
5349,-8.66,116.26,13,3.953613209,2016-01-14 19:28:15,418.58695152802323,9042.657768419795,2206.5121875,1
5350,-8.4,115.94,13,3.74219047,2016-01-15 22:05:07,383.29913128866895,9071.323383809655,2207.621122685185,0
5381,-8.21,116.81,10,4.130200957,2016-02-03 14:42:50,479.07297156254424,9092.481250095812,2226.3139814814813,2
5407,-8.35,117.17,10,3.768873434,2016-02-14 12:00:35,518.7175633537522,9077.004742969064,2237.2013078703703,2
5408,-8.6,117.05,10,3.910566004,2016-02-14 12:04:55,505.5016039451661,9049.369876642802,2237.2043171296295,2
5410,-8.47,115.85,26,3.960819069,2016-02-15 17:39:35,373.41212668903825,9063.55518370988,2238.436724537037,1
5449,-8.47,116.06,21,3.952795134,2016-02-29 17:11:53,396.53039379313753,9063.61729589502,2252.417488425926,1
5465,-8.78,116.95,10,3.745842042,2016-03-05 10:58:25,494.5010198546999,9029.469899496024,2257.158136574074,2
5539,-8.51,116.71,10,3.983878651,2016-03-30 00:00:54,468.0830781818972,9059.308197647004,2281.7015277777778,2
5544,-8.5,116.06,13,4.623892592,2016-03-31 09:34:44,396.53842421596755,9060.300239628368,2283.100023148148,1
5671,-8.33,117.14,14,4.190283733,2016-05-23 07:19:19,515.4152405634367,9079.217115004496,2336.0059837962963,2
5710,-8.45,116.04,15,3.875799042,2016-06-08 09:13:41,394.3232648836649,9065.823298910811,2352.0854050925927,0
5827,-7.97,117.19,10,3.781860089,2016-07-24 12:45:51,520.9394105410995,9119.013878881438,2398.2327430555556,2
5875,-8.73,115.91,10,4.065430375,2016-08-18 21:03:36,380.0992950848072,9034.824934967228,2423.5784027777777,1
5894,-8.29,116.03,10,4.07158269,2016-08-28 16:46:58,393.1787633045016,9083.511589106154,2433.4001851851854,0
5912,-8.25,116.78,10,3.952749589,2016-09-03 11:36:38,475.77111992596167,9088.057418624032,2439.184675925926,2
6010,-8.78,115.92,11,3.780815334,2016-10-20 22:42:49,381.21529156935185,9029.299366135278,2486.6473032407407,1
6067,-8.48,115.92,21,4.557088001,2016-11-23 16:21:33,381.12145505630934,9062.471544687705,2520.3825347222223,1
6098,-8.59,116.93,10,3.997656662,2016-12-08 07:50:13,492.2975517157721,9050.475081233704,2535.0274421296294,2
6170,-8.53,116.85,23,4.020784119,2017-01-29 02:04:03,483.4921546518792,9057.105857261464,2586.787048611111,2
6172,-8.48,116.86,14,4.139075686,2017-01-29 19:41:10,484.5906822567676,9062.634002635068,2587.5211574074074,2
6426,-8.23,115.96,26,3.828319253,2017-05-29 07:41:39,385.4519225690451,9090.126321492357,2707.0214930555558,0
6429,-8.41,117.13,10,3.971546914,2017-06-01 04:54:13,514.3112289869093,9070.373183459418,2709.9052199074076,2
6471,-8.06,116.43,25,3.714341789,2017-06-23 09:19:29,437.1946792745726,9109.025242856827,2732.0894328703703,0
7138,-8.26,115.96,10,4.055226734,2017-11-13 17:09:18,385.46055807525005,9086.809207736287,2875.4156944444444,0
7265,-8.41,116.96,10,4.216292843,2017-12-30 01:18:54,495.59654822334085,9070.375333198685,2921.7556944444445,2
7266,-8.4,116.96,10,3.962447221,2017-12-30 02:53:13,495.59643540819593,9071.480871096319,2921.8211921296297,2
7286,-8.89,116.87,10,4.061628511,2018-01-03 05:16:20,485.7068795791243,9017.306574188504,2925.9205787037035,1
7337,-8.62,116.28,57,3.811355049,2018-01-13 01:11:03,420.7790677809318,9047.084529660407,2935.7502430555555,1
7392,-8.29,116.73,13,4.484906106,2018-02-01 22:02:41,470.267518030476,9083.631871935557,2955.6194328703705,2
7393,-7.95,115.84,21,4.650714764,2018-02-02 05:59:14,372.14495887990444,9121.050692774716,2955.9503703703704,0
7630,-8.16,116.4,14,3.894084546,2018-04-02 21:18:19,433.9053557352646,9097.96471051493,3015.5886226851853,0
7637,-8.79,116.97,10,4.155271963,2018-04-05 02:41:45,496.7007005791627,9028.364574345645,3017.8132291666666,2
7706,-8.69,116.14,17,3.824070994,2018-04-29 17:13:13,405.3914591551459,9039.312990985549,3042.418414351852,1
7710,-8.48,115.84,28,4.00615668,2018-05-02 16:11:36,372.3145181463773,9062.446154651268,3045.375625,1
7744,-7.97,117.23,18,4.380052539,2018-05-21 11:57:47,525.3477284258818,9119.011638583392,3064.199363425926,2
7804,-8.34,116.09,12,4.28699463,2018-06-13 11:23:41,399.79951513028715,9077.998886108287,3087.1756828703706,0
7806,-8.54,116.92,26,4.297474123,2018-06-13 15:47:35,491.19605183678,9056.002604723157,3087.358946759259,2
7884,-8.02,117.2,22,3.82576,2018-07-14 20:13:05,522.0388053170955,9113.485750186943,3118.5433217592595,2
7891,-8.61,117.07,12,3.77108,2018-07-16 05:32:44,507.70204433418405,9048.26398226806,3119.9319675925926,2
7926,-8.35,116.5,13,6.43545,2018-07-28 22:47:38,444.9477471762118,9076.973891453725,3132.6506481481483,0
7927,-8.3,116.58,13,4.79814,2018-07-28 22:55:38,453.75040720238457,9082.511970657251,3132.656203703704,2
7928,-8.32,116.52,11,5.19544,2018-07-28 22:56:46,447.1458600248577,9080.29333988058,3132.6569907407406,2
7929,-8.34,116.55,12,4.2632,2018-07-28 23:03:41,450.4518274440859,9078.08608674968,3132.6617939814814,2
7930,-8.34,116.51,13,5.03652,2018-07-28 23:05:39,446.04744611359854,9078.08084617625,3132.663159722222,2
7931,-8.31,116.49,10,5.43382,2018-07-28 23:06:49,443.84097141056606,9081.394784876578,3132.6639699074076,0
7932,-8.42,116.66,10,4.9,2018-07-28 23:15:55,462.571411224621,9069.253758379728,3132.670289351852,2
7933,-8.43,116.46,10,5.2,2018-07-28 23:16:01,440.5556091796347,9068.123413520065,3132.670358796296,0
7934,-8.34,116.58,16,4.71868,2018-07-28 23:19:36,453.75509804471903,9078.08972445914,3132.672847222222,2
7935,-8.59,116.44,21,3.88044,2018-07-28 23:24:52,438.3794848367133,9050.430804629985,3132.6765046296296,1
7938,-8.36,116.55,12,3.88044,2018-07-28 23:29:38,450.4543494126366,9075.874951857877,3132.679814814815,2
7939,-8.29,116.28,26,3.77108,2018-07-28 23:33:21,420.71165102808845,9083.570140178728,3132.6823958333334,0
7940,-8.87,116.24,10,3.93512,2018-07-28 23:36:39,416.4334105478758,9019.434747112246,3132.6846875,1
7941,-8.3,116.57,10,4.31788,2018-07-28 23:38:04,452.6492067069309,9082.510791487684,3132.6856712962963,2
7942,-8.26,116.48,11,4.8776,2018-07-28 23:39:20,442.73255563236785,9086.921228775267,3132.686550925926,0
7943,-8.36,116.43,27,3.82576,2018-07-28 23:46:32,437.241799892459,9075.85785218753,3132.691550925926,0
7945,-8.26,116.64,10,3.77108,2018-07-28 23:51:45,460.3535812913455,9086.940669950573,3132.695173611111,2
7946,-8.54,116.51,10,3.88044,2018-07-28 23:57:42,446.0752017816933,9055.96927491563,3132.6993055555554,1
7948,-8.49,116.45,10,3.77108,2018-07-29 00:03:30,439.4641232883086,9061.488339604177,3132.7033333333334,1
7949,-8.32,116.48,12,4.5366,2018-07-29 00:05:30,442.74123619591876,9080.287777754758,3132.7047222222222,0
7950,-8.42,116.54,13,3.88044,2018-07-29 00:09:32,449.3610832485535,9069.240253721171,3132.707523148148,2
7951,-8.48,116.46,10,3.77108,2018-07-29 00:12:10,440.5632697492594,9062.59547479582,3132.709351851852,1
7952,-8.34,116.58,10,3.82576,2018-07-29 00:14:02,453.75509804471903,9078.08972445914,3132.7106481481483,2
7953,-8.35,116.57,16,4.48192,2018-07-29 00:18:33,452.655213464726,9076.982975455867,3132.713784722222,2
7954,-8.24,116.58,10,3.88044,2018-07-29 00:22:13,453.74341294673553,9089.145323448074,3132.7163310185183,2
7955,-8.28,116.61,10,4.15384,2018-07-29 00:26:09,457.0518305858967,9084.726453577427,3132.7190625,2
7956,-8.2,116.6,10,4.31788,2018-07-29 00:32:02,455.9417288748727,9093.569796137512,3132.723148148148,2
7957,-8.74,116.39,23,3.82576,2018-07-29 00:36:02,432.904062944505,9033.838223862924,3132.725925925926,1
7958,-8.31,116.49,11,4.5366,2018-07-29 00:37:34,443.84097141056606,9081.394784876578,3132.726990740741,0
7959,-8.3,116.62,16,4.42724,2018-07-29 00:43:54,458.15519591511463,9082.516409861348,3132.731388888889,2
7960,-8.52,116.39,12,3.93512,2018-07-29 00:46:14,432.86520378914247,9058.16165848786,3132.7330092592592,1
7961,-8.27,116.5,14,4.20852,2018-07-29 00:49:11,444.93659163412997,9085.818475094262,3132.7350578703704,0
7963,-8.72,116.31,15,3.77108,2018-07-29 00:52:37,424.10016894744274,9036.034320139363,3132.7374421296295,1
7964,-8.63,116.34,12,3.9898,2018-07-29 01:04:51,427.3830157043931,9045.990826123147,3132.7459375,1
7965,-8.65,116.34,15,3.7164,2018-07-29 01:07:35,427.38684237667337,9043.779583122247,3132.7478356481483,1
7967,-8.66,116.3,11,3.7164,2018-07-29 01:12:13,422.9878733082837,9042.666095970355,3132.751053240741,1
7968,-8.65,116.37,13,4.31788,2018-07-29 01:14:20,430.6875713553736,9043.78517178796,3132.752523148148,1
7969,-8.88,116.28,10,3.82576,2018-07-29 01:17:07,420.8340239375998,9018.337858639217,3132.7544560185183,1
7971,-8.59,116.41,19,3.9898,2018-07-29 01:22:53,435.0782764343623,9050.425856109208,3132.7584606481482,1
7972,-8.8,116.32,10,3.77108,2018-07-29 01:26:13,425.21620454154,9027.191252524219,3132.760775462963,1
7976,-8.7,116.4,24,3.7164,2018-07-29 01:39:09,433.997013862406,9038.262444169763,3132.7697569444445,1
7977,-8.75,116.32,18,4.15384,2018-07-29 01:43:14,425.206195012331,9032.719420321035,3132.7725925925924,1
7978,-8.28,116.55,12,4.79814,2018-07-29 01:44:24,450.4442975425084,9084.719478178966,3132.773402777778,2
7979,-8.32,116.44,10,5.11598,2018-07-29 01:50:31,438.3365854467651,9080.281770596284,3132.777650462963,0
7980,-8.61,116.36,15,4.37256,2018-07-29 01:53:16,429.5799175866166,9048.205804681786,3132.7795601851853,1
7981,-8.63,116.34,17,4.15384,2018-07-29 01:54:29,427.3830157043931,9045.990826123147,3132.7804050925924,1
7982,-8.86,116.23,15,4.09916,2018-07-29 01:55:31,415.33149708086466,9020.538142969295,3132.781122685185,1
7986,-8.65,116.37,11,3.82576,2018-07-29 02:16:23,430.6875713553736,9043.78517178796,3132.795613425926,1
7987,-8.28,116.52,12,4.8776,2018-07-29 02:20:08,447.14051179173634,9084.715616759804,3132.7982175925927,0
7988,-8.4,116.49,10,4.64596,2018-07-29 02:21:49,443.8538412849881,9071.444591181942,3132.799386574074,2
7989,-8.1,116.54,10,4.15384,2018-07-29 02:29:53,449.32027668147066,9104.618301643752,3132.804988425926,0
7990,-8.51,116.36,18,4.09916,2018-07-29 02:33:44,429.5615347270138,9059.261932349113,3132.807662037037,1
7991,-8.2,116.42,15,3.7164,2018-07-29 02:37:01,436.1149542968925,9093.545611217489,3132.8099421296297,0
7993,-8.84,116.23,15,3.88044,2018-07-29 02:43:19,415.3269247434721,9022.749460920782,3132.8143171296297,1
7994,-8.79,116.22,24,3.7164,2018-07-29 02:48:17,414.21567578121346,9028.275472139048,3132.8177662037037,1
7996,-8.73,116.31,17,3.88044,2018-07-29 02:53:24,424.1021888100475,9034.92868723755,3132.8213194444443,1
7997,-8.51,116.45,13,4.2632,2018-07-29 02:56:08,439.4672607659281,9059.277155540361,3132.8232175925928,1
7998,-8.31,116.5,13,4.48192,2018-07-29 03:03:23,444.94215606964417,9081.396187674372,3132.828252314815,0
7999,-8.34,116.5,11,4.64596,2018-07-29 03:04:28,444.94634689929876,9078.079466336208,3132.8290046296297,0
8000,-8.87,116.15,10,3.7164,2018-07-29 03:14:39,406.5367077375631,9019.413305475138,3132.836076388889,1
8001,-8.2,116.45,10,4.20852,2018-07-29 03:27:34,439.4194539124253,9093.550259082733,3132.8450462962965,0
8005,-8.16,116.43,10,3.7164,2018-07-29 03:40:40,437.2101960598173,9097.969500095804,3132.8541435185184,0
8006,-8.64,116.36,19,3.7164,2018-07-29 03:53:35,429.5854740248193,9044.888955363005,3132.863113425926,1
8010,-8.73,116.32,12,3.77108,2018-07-29 04:03:52,425.202207053115,9034.930683413497,3132.8702546296295,1
8012,-8.73,116.32,12,3.82576,2018-07-29 04:16:20,425.202207053115,9034.930683413497,3132.878912037037,1
8013,-8.44,116.55,12,3.7164,2018-07-29 04:21:02,450.464497285908,9067.030390076347,3132.882175925926,2
8014,-8.31,116.49,13,4.37256,2018-07-29 04:22:51,443.84097141056606,9081.394784876578,3132.8834375,0
8015,-8.59,116.37,11,3.77108,2018-07-29 04:27:17,430.6766384491819,9050.418856389539,3132.8865162037036,1
8016,-8.33,116.56,10,3.77108,2018-07-29 04:28:00,451.5516882972842,9079.192892368375,3132.8870138888888,2
8018,-8.86,116.28,10,3.7164,2018-07-29 04:35:47,420.8297389956421,9020.549154846602,3132.8924189814816,1
8020,-8.72,116.32,11,3.77108,2018-07-29 04:45:04,425.2002164706936,9036.036314099501,3132.898865740741,1
8021,-8.86,116.37,18,4.09916,2018-07-29 04:47:31,430.7264314249241,9020.567113375037,3132.9005671296295,1
8029,-8.81,116.29,11,3.77108,2018-07-29 05:38:04,421.9188581472335,9026.079487332148,3132.9356712962963,1
8030,-8.31,116.47,12,3.82576,2018-07-29 05:58:27,441.6385971089449,9081.391895935292,3132.949826388889,0
8031,-8.49,116.43,10,3.82576,2018-07-29 06:11:51,437.26274998158374,9061.485162965637,3132.9591319444444,1
8032,-8.86,116.28,32,4.09916,2018-07-29 06:25:17,420.8297389956421,9020.549154846602,3132.9684606481483,1
8033,-8.24,116.47,11,3.7164,2018-07-29 06:32:39,441.62829355599104,9089.130928319133,3132.973576388889,0
8035,-8.42,116.44,12,4.09916,2018-07-29 06:52:09,438.35231546580405,9069.22590466592,3132.9871180555556,0
8036,-8.27,116.45,10,3.9898,2018-07-29 07:19:14,439.4300949873825,9085.811217405608,3133.005925925926,0
8037,-8.25,116.49,10,4.04448,2018-07-29 07:24:46,443.8324680052082,9088.028222566252,3133.0097685185187,0
8041,-8.81,116.37,28,3.88044,2018-07-29 07:52:09,430.7170951067354,9026.095245608638,3133.028784722222,1
8042,-8.37,116.55,10,4.31788,2018-07-29 07:54:10,450.45561264700405,9074.769383581195,3133.030185185185,2
8046,-8.88,116.22,15,3.88044,2018-07-29 08:35:44,414.2364835302936,9018.32452660753,3133.059050925926,1
8048,-8.82,116.27,25,3.7164,2018-07-29 09:09:43,419.72143559302634,9024.969606433786,3133.082650462963,1
8052,-8.57,116.48,13,3.7164,2018-07-29 09:45:03,442.7780768719603,9052.648183665653,3133.1071875,1
8053,-8.27,116.46,10,3.88044,2018-07-29 09:58:28,440.5313977486967,9085.812724247866,3133.1165046296296,0
8054,-8.34,116.47,11,4.5366,2018-07-29 10:05:01,441.64303942275455,9078.075159540751,3133.121053240741,0
8065,-8.83,116.3,10,3.7164,2018-07-29 11:00:38,423.0227879966696,9023.870278805658,3133.159675925926,1
8069,-8.85,116.27,10,3.9898,2018-07-29 11:31:55,419.7279267775853,9021.652661185799,3133.1814004629628,1
8070,-8.2,116.5,10,4.04448,2018-07-29 11:32:39,444.92691805687906,9093.557457026196,3133.1819097222224,0
8098,-8.77,116.31,12,3.7164,2018-07-29 14:00:21,424.11029124112156,9030.506149893656,3133.2844791666666,1
8099,-8.71,116.4,35,3.93512,2018-07-29 14:10:19,433.9987662169548,9037.156831193703,3133.291400462963,1
8100,-8.88,116.27,10,4.04448,2018-07-29 14:10:45,419.73443983789394,9018.335710721014,3133.2917013888887,1
8120,-8.85,116.29,11,3.82576,2018-07-29 16:04:46,421.92727115022336,9021.656913435381,3133.3708796296296,1
8123,-8.44,116.44,10,3.93512,2018-07-29 16:42:27,438.35548386913,9067.01472482792,3133.397048611111,0
8124,-8.64,116.37,10,3.93512,2018-07-29 17:05:22,430.68574395736255,9044.890787307802,3133.412962962963,1
8125,-8.58,116.34,10,3.77108,2018-07-29 17:23:26,427.37348750252977,9051.51892370761,3133.4255092592593,1
8129,-8.27,116.61,10,4.09916,2018-07-29 17:55:42,457.05074749796387,9085.832008700621,3133.4479166666665,2
8130,-8.32,116.5,10,4.59128,2018-07-29 18:03:15,444.9435513459748,9080.29061444589,3133.453159722222,0
8131,-8.29,116.44,10,3.7,2018-07-29 18:07:56,438.33190284466997,9083.598519628613,3133.456412037037,0
8132,-8.71,116.37,19,3.82576,2018-07-29 18:42:11,430.69857981365703,9037.151466690791,3133.4801967592593,1
8135,-8.52,116.57,10,3.82576,2018-07-29 19:20:28,452.67590446272544,9058.188296919427,3133.5067824074076,2
8136,-8.39,116.57,10,4.2632,2018-07-29 19:48:26,452.66004467253174,9072.560712667266,3133.5262037037037,2
8137,-8.16,116.47,10,4.20852,2018-07-29 20:09:46,441.6166241036853,9097.97550406928,3133.5410185185187,0
8142,-8.75,116.31,10,3.88044,2018-07-29 20:45:06,424.1062354295698,9032.717419714207,3133.5655555555554,1
8144,-8.81,116.29,10,3.9898,2018-07-29 21:10:17,421.9188581472335,9026.079487332148,3133.5830439814813,1
8145,-8.77,116.38,26,3.7164,2018-07-29 21:22:32,431.809551961564,9030.519570337327,3133.5915509259257,1
8146,-8.8,116.33,11,3.77108,2018-07-29 21:30:20,426.31601470435584,9027.193234829683,3133.5969675925926,1
8149,-8.88,116.36,14,4.04448,2018-07-29 21:48:34,429.63061619018293,9018.35397518442,3133.6096296296296,1
8152,-8.78,116.29,12,4.09916,2018-07-29 22:14:54,421.91257321963144,9029.396411687503,3133.627916666667,1
8155,-8.44,116.45,12,4.04448,2018-07-29 22:34:06,439.4563116700442,9067.016289962332,3133.64125,0
8160,-8.53,116.42,10,4.04448,2018-07-29 23:52:01,436.16868559669547,9057.06113973783,3133.695358796296,1
8163,-8.34,116.47,10,4.09916,2018-07-30 00:42:47,441.64303942275455,9078.075159540751,3133.730613425926,0
8164,-8.83,116.33,13,3.77108,2018-07-30 00:56:40,426.3219588562233,9023.876333767852,3133.74025462963,1
8165,-8.43,116.55,10,4.09916,2018-07-30 01:57:43,450.46322355221236,9068.135962249555,3133.782650462963,2
8167,-8.77,116.41,13,3.7164,2018-07-30 02:18:18,435.1092045722346,9030.524882816271,3133.7969444444443,1
8168,-8.84,116.26,13,3.7164,2018-07-30 02:26:08,418.62605524883907,9022.756142124197,3133.8023842592593,1
8173,-8.68,116.43,10,3.82576,2018-07-30 05:16:45,437.29394676689986,9040.478754140957,3133.9208680555557,1
8189,-8.5,116.53,13,3.82576,2018-07-30 10:02:27,448.2708878210864,9060.394332972664,3134.1192708333333,1
8193,-8.37,116.41,17,3.7164,2018-07-30 12:19:47,435.0413403091186,9074.749019099152,3134.2146412037036,0
8195,-8.31,116.35,17,3.82576,2018-07-30 13:13:05,428.42419816886854,9081.372228511947,3134.2516550925925,0
8198,-8.04,116.4,10,3.9898,2018-07-30 14:07:15,433.88577943023665,9111.231663985574,3134.2892708333334,0
8202,-8.22,116.4,10,4.04448,2018-07-30 15:13:41,433.91525195198307,9091.331204766564,3134.3354050925927,0
8210,-8.33,116.48,10,4.2632,2018-07-30 16:59:26,442.74268902430174,9079.182200662211,3134.4088425925925,0
8211,-8.3,116.66,10,3.93512,2018-07-30 17:10:55,462.5599649508718,9082.520405114614,3134.4168171296296,2
8213,-8.24,116.5,11,3.7164,2018-07-30 18:12:59,444.9324358119104,9089.13518490847,3134.4599189814817,0
8224,-8.68,116.37,10,3.77108,2018-07-30 20:10:46,430.69306614121297,9040.468321809944,3134.541712962963,1
8227,-8.44,116.4,11,3.82576,2018-07-30 22:02:17,433.9521542511974,9067.008182236998,3134.619155092593,0
8228,-8.25,116.56,13,3.93512,2018-07-30 22:43:03,451.54189502969405,9088.037393908518,3134.647465277778,2
8230,-8.8,116.49,16,3.77108,2018-07-30 23:27:06,443.91270622012667,9027.220957038558,3134.6780555555556,1
8235,-8.3,116.59,10,3.9898,2018-07-31 04:18:01,454.85160633856356,9082.513122079232,3134.8800810185185,2
8239,-8.28,116.46,13,3.82576,2018-07-31 05:51:50,440.53289746131884,9084.70714645551,3134.9452314814816,0
8242,-8.5,116.43,14,3.77108,2018-07-31 06:16:20,437.26437482481623,9060.379567582639,3134.9622453703705,1
8252,-8.76,116.48,22,3.7164,2018-07-31 10:51:52,442.80680001753336,9031.641855937283,3135.153587962963,1
8277,-8.78,116.37,10,3.7164,2018-07-31 20:36:49,430.71151848925683,9029.412117989337,3135.5598032407406,1
8282,-8.43,116.51,13,3.9898,2018-08-01 00:03:15,446.05985532591626,9068.130666748004,3135.703159722222,2
8287,-8.61,116.58,16,3.88044,2018-08-01 02:38:28,453.7873470652894,9048.239329030526,3135.810949074074,1
8291,-8.34,116.64,10,3.88044,2018-08-01 08:34:56,460.36160343802965,9078.09624718898,3136.0584953703706,2
8292,-8.38,116.57,10,3.82576,2018-08-01 08:49:01,452.65883472058783,9073.666279197258,3136.068275462963,2
8293,-8.25,116.68,10,4.42724,2018-08-01 10:04:01,464.7578993549713,9088.049971500866,3136.1203587962964,2
8294,-8.36,116.63,11,3.9898,2018-08-01 10:06:33,459.2625958902273,9075.884116171397,3136.1221180555553,2
8296,-8.26,116.67,10,4.15384,2018-08-01 10:12:20,463.65748638122136,9086.943528076907,3136.1261342592593,2
8297,-8.24,116.68,10,4.48192,2018-08-01 10:44:02,464.75701387929786,9089.155516899948,3136.1481481481483,2
8300,-8.23,116.67,10,3.93512,2018-08-01 11:33:35,463.65474693642165,9090.260167444498,3136.18255787037,2
8303,-8.67,116.36,10,3.88044,2018-08-01 15:00:27,429.59104965139306,9041.572100928073,3136.326215277778,1
8325,-8.28,116.67,10,3.7164,2018-08-01 20:55:56,463.6593181791768,9084.732432420302,3136.5730787037037,2
8341,-8.26,116.69,10,4.09916,2018-08-02 11:17:00,465.86008437782374,9086.945295413308,3137.1710416666665,2
8351,-8.26,116.48,10,4.15384,2018-08-02 15:49:24,442.73255563236785,9086.921228775267,3137.3602083333335,0
8352,-8.59,116.36,17,3.9898,2018-08-02 16:16:18,429.5762239553967,9050.41703472718,3137.378888888889,1
8353,-8.48,116.85,10,4.09916,2018-08-02 16:31:30,483.490014362922,9062.633591874137,3137.3894444444445,2
8356,-8.45,116.86,10,3.7164,2018-08-02 17:15:30,484.589489294037,9065.950635207928,3137.42,2
8361,-8.29,116.63,11,4.8776,2018-08-02 19:07:21,459.2553599296527,9083.623004048532,3137.497673611111,2
8362,-8.25,116.64,10,4.42724,2018-08-02 19:17:43,460.3525839240889,9088.046220319187,3137.504872685185,2
8375,-8.33,116.64,10,3.9898,2018-08-03 06:04:54,460.3605964691233,9079.201801966441,3137.9543055555555,2
8377,-8.26,116.49,10,3.77108,2018-08-03 07:49:03,443.83388098835184,9086.922650986766,3138.0266319444445,0
8380,-8.26,116.46,10,3.77108,2018-08-03 15:48:09,440.52989983656096,9086.918301493448,3138.359340277778,0
8382,-8.16,116.39,10,3.7164,2018-08-03 17:18:43,432.80373844619646,9097.963059396086,3138.4222337962965,0
8392,-8.58,116.49,17,3.88044,2018-08-03 23:56:38,443.87999408275635,9051.544068297451,3138.6985648148147,1
8394,-8.28,116.64,10,4.79814,2018-08-04 05:44:54,460.35557962675034,9084.729567566164,3138.940416666667,2
8395,-8.28,116.64,10,4.09916,2018-08-04 07:00:10,460.35557962675034,9084.729567566164,3138.992685185185,2
8405,-8.27,116.7,10,3.77108,2018-08-04 15:14:17,466.96221398565575,9085.840593175719,3139.335821759259,2
8420,-8.37,116.48,15,6.79469,2018-08-05 11:46:35,442.7485176728523,9074.759886775691,3140.1915856481482,0
8421,-8.29,116.01,10,4.8776,2018-08-05 12:03:23,390.97605420359815,9083.506156361125,3140.203252314815,0
8422,-8.31,116.16,24,4.5366,2018-08-05 12:07:05,407.50075812509016,9081.33290546334,3140.2058217592594,0
8423,-8.37,116.01,10,4.64596,2018-08-05 12:08:41,390.99819903293405,9074.660615214823,3140.2069328703706,0
8425,-8.11,116.15,10,4.79814,2018-08-05 12:18:03,406.3526494407588,9103.443444626724,3140.2134375,0
8426,-8.16,116.23,11,4.5366,2018-08-05 12:21:36,415.17757078455674,9097.932929009003,3140.215902777778,0
8427,-8.11,116.15,10,4.4,2018-08-05 12:24:07,406.3526494407588,9103.443444626724,3140.217650462963,0
8428,-8.34,116.38,12,4.48192,2018-08-05 12:25:02,431.73302091991275,9078.060733623892,3140.218287037037,0
8429,-8.15,116.46,10,4.59128,2018-08-05 12:27:12,440.5135416474252,9099.079615291714,3140.219791666667,0
8430,-8.3,116.04,29,4.20852,2018-08-05 12:33:30,394.28278610743223,9082.408582629068,3140.224166666667,0
8431,-8.26,116.04,10,4.64596,2018-08-05 12:35:18,394.2721133986749,9086.831304418247,3140.2254166666667,0
8432,-8.35,116.2,10,3.9898,2018-08-05 12:40:08,411.9147136258713,9076.919468063566,3140.2287731481483,0
8433,-8.26,116.21,10,4.95706,2018-08-05 12:42:31,412.99602843766417,9086.872388081589,3140.230428240741,0
8434,-8.17,116.05,20,4.09916,2018-08-05 12:46:21,395.34996548244436,9096.785006950195,3140.2330902777776,0
8435,-8.21,116.16,10,4.04448,2018-08-05 12:48:07,407.477468860945,9092.389348124361,3140.2343171296297,0
8436,-8.41,116.16,17,5.35436,2018-08-05 12:49:53,407.5243274655434,9070.276408565163,3140.2355439814814,0
8437,-8.22,116.22,15,4.31788,2018-08-05 12:58:04,414.08878134465215,9091.297065645742,3140.241226851852,0
8438,-8.21,116.47,10,4.8776,2018-08-05 13:07:35,441.62390425572823,9092.447648295414,3140.2478356481483,0
8439,-8.28,116.2,11,4.79814,2018-08-05 13:12:13,411.8990850054028,9084.658924144736,3140.251053240741,0
8440,-8.34,116.3,10,4.09916,2018-08-05 13:24:36,422.9239799360543,9078.046014621928,3140.259652777778,0
8441,-8.22,116.27,10,4.04448,2018-08-05 13:30:21,419.59620835099565,9091.307442294139,3140.263645833333,0
8442,-8.33,116.0,10,4.04448,2018-08-05 13:32:07,389.8858525002561,9079.080619197046,3140.2648726851853,0
8443,-8.14,116.63,10,3.9898,2018-08-05 13:39:33,459.24005785053413,9100.206244639283,3140.270034722222,2
8444,-8.36,116.13,11,4.31788,2018-08-05 13:45:21,404.20914250347266,9075.797496220925,3140.2740625,0
8445,-8.59,116.35,13,3.9898,2018-08-05 13:50:17,428.47580739811673,9050.4151843713,3140.277488425926,1
8446,-8.12,116.28,10,4.09916,2018-08-05 13:51:18,420.6779413351721,9102.365524967137,3140.2781944444446,0
8447,-8.22,116.48,10,4.15384,2018-08-05 13:56:24,442.7268032661342,9091.3435185173,3140.281736111111,0
8448,-8.17,116.07,21,4.5366,2018-08-05 14:00:29,397.5533130501284,9096.790144483497,3140.284571759259,0
8449,-8.09,116.43,10,4.48192,2018-08-05 14:10:40,437.1993143467336,9105.708525651262,3140.2916435185184,0
8450,-8.16,116.21,10,4.04448,2018-08-05 14:13:53,412.9742576101073,9097.928671319822,3140.293877314815,0
8451,-8.2,116.5,10,3.7,2018-08-05 14:19:16,444.92691805687906,9093.557457026196,3140.2976157407406,0
8452,-8.2,116.28,10,4.59128,2018-08-05 14:24:39,420.69371827836994,9093.520657401528,3140.3013541666664,0
8453,-8.37,116.0,10,4.20852,2018-08-05 14:26:50,389.8970634877574,9074.65783138433,3140.3028703703703,0
8454,-8.18,116.19,10,4.20852,2018-08-05 14:35:12,410.7753770113161,9095.713041658388,3140.3086805555554,0
8455,-8.19,116.51,10,4.64596,2018-08-05 14:42:16,446.0270581335896,9094.66437940237,3140.313587962963,0
8456,-8.38,116.11,10,4.2,2018-08-05 14:45:36,402.01188546238956,9073.58124948462,3140.315902777778,0
8457,-8.11,116.41,10,4.42724,2018-08-05 14:51:41,434.998915815681,9103.494231295155,3140.3201273148147,0
8458,-8.25,116.19,10,4.5366,2018-08-05 14:53:01,410.79101198367243,9087.97360509298,3140.3210532407406,0
8459,-8.16,116.22,10,3.88044,2018-08-05 14:59:45,414.0759154619131,9097.930813815015,3140.325729166667,0
8460,-8.17,116.01,10,4.64596,2018-08-05 15:11:29,390.94323312501103,9096.774403802827,3140.333877314815,0
8461,-8.3,116.49,10,4.20852,2018-08-05 15:16:39,443.8395499253926,9082.500359195798,3140.337465277778,0
8463,-8.22,116.17,10,4.20852,2018-08-05 15:20:43,408.58129115761653,9091.286001585819,3140.340289351852,0
8464,-8.7,116.42,10,4.09916,2018-08-05 15:21:43,436.1971868425813,9038.265871281897,3140.3409837962963,1
8465,-8.26,116.47,10,4.59128,2018-08-05 15:26:52,441.631228592566,9086.919778944233,3140.3445601851854,0
8466,-8.43,116.38,10,3.82576,2018-08-05 15:30:21,431.7487229394379,9068.110343389832,3140.3469791666666,0
8468,-8.21,116.23,10,4.20852,2018-08-05 15:34:02,415.1881484363941,9092.404819483336,3140.349537037037,0
8469,-8.25,116.22,11,3.77108,2018-08-05 15:37:09,414.0952494031652,9087.980184302964,3140.351701388889,0
8470,-8.23,116.5,10,4.15384,2018-08-05 15:45:04,444.9310538722238,9090.2407537546,3140.3571990740743,0
8471,-8.24,116.03,10,4.09916,2018-08-05 15:46:55,393.1653076461135,9089.040003006845,3140.3584837962962,0
8472,-8.37,116.4,10,4.04448,2018-08-05 15:49:04,433.9403075989696,9074.747354661555,3140.359976851852,0
8473,-8.23,116.02,13,3.88044,2018-08-05 15:59:18,392.0611068134483,9090.14300069475,3140.3670833333335,0
8474,-8.13,116.49,10,3.88044,2018-08-05 16:02:43,443.8156448601964,9101.295039115119,3140.3694560185186,0
8475,-8.19,116.21,10,3.9898,2018-08-05 16:12:57,412.9807611943292,9094.611791986368,3140.3765625,0
8476,-8.1,116.25,10,4.15384,2018-08-05 16:29:56,417.3685931269422,9104.570761600015,3140.3883564814814,0
8477,-8.32,116.22,10,3.82576,2018-08-05 16:33:33,414.11043257258416,9080.240775566821,3140.3908680555555,0
8478,-8.24,116.2,10,4.09916,2018-08-05 16:40:13,411.8902130497012,9089.08145854832,3140.395497685185,0
8479,-8.32,116.27,10,4.95706,2018-08-05 16:49:41,419.61647129643353,9080.25127492137,3140.4020717592593,0
8480,-8.75,116.08,11,3.93512,2018-08-05 16:57:02,398.8064871915405,9032.663342324802,3140.407175925926,1
8481,-8.1,116.27,10,4.04448,2018-08-05 16:57:48,419.5722141649589,9104.574771979003,3140.407708333333,0
8482,-8.46,116.17,10,3.77108,2018-08-05 17:04:33,408.63705107661985,9064.75049997831,3140.4123958333334,1
8484,-8.36,116.57,10,4.2632,2018-08-05 17:09:56,452.65641911665034,9075.877410590912,3140.4161342592593,2
8485,-8.3,116.41,10,4.2632,2018-08-05 17:11:08,435.02978750661896,9082.488150945139,3140.4169675925928,0
8486,-8.27,116.18,15,3.82576,2018-08-05 17:22:58,409.6941412210822,9085.760079099324,3140.425185185185,0
8487,-8.17,116.15,25,4.09916,2018-08-05 17:24:45,406.36658530210093,9096.80960108554,3140.426423611111,0
8488,-8.23,116.19,10,3.82576,2018-08-05 17:28:45,410.7865313422868,9090.184875370505,3140.429201388889,0
8489,-8.05,116.48,10,4.31788,2018-08-05 17:30:40,442.70266526019833,9110.138153331025,3140.4305324074076,0
8490,-8.26,116.05,10,4.59128,2018-08-05 17:42:35,395.37354348308673,9086.833942150473,3140.4388078703705,0
8491,-8.3,116.41,10,3.9898,2018-08-05 17:48:02,435.02978750661896,9082.488150945139,3140.4425925925925,0
8492,-8.23,116.61,10,4.09916,2018-08-05 17:59:41,457.0464281496245,9090.254223708731,3140.45068287037,2
8494,-8.21,116.19,10,3.7164,2018-08-05 18:23:44,410.78206150578603,9092.39614349556,3140.4673842592592,0
8495,-8.16,116.08,10,4.04448,2018-08-05 18:28:33,398.6524606245655,9097.898334320433,3140.470729166667,0
8496,-8.16,116.51,10,4.31788,2018-08-05 18:36:03,446.02302465315887,9097.981071330965,3140.4759375,0
8497,-8.14,116.25,10,4.42724,2018-08-05 18:41:13,417.37677035045766,9100.148307663801,3140.479525462963,0
8498,-8.39,116.19,12,4.5,2018-08-05 18:47:18,410.8226789667589,9072.49465245366,3140.48375,0
8499,-8.26,116.18,10,3.93512,2018-08-05 18:55:23,409.6918663967538,9086.865718236233,3140.489363425926,0
8500,-8.13,116.2,10,4.20852,2018-08-05 18:57:12,411.8660352771256,9101.24338381129,3140.490625,0
8501,-8.49,116.17,17,4.09916,2018-08-05 19:20:03,408.644133124914,9061.433540094284,3140.5064930555554,1
8502,-8.09,116.27,10,4.15384,2018-08-05 19:43:50,419.57023047630247,9105.680379313706,3140.523009259259,0
8503,-8.23,116.25,10,4.31788,2018-08-05 19:44:55,417.39531544164413,9090.197755009845,3140.523761574074,0
8504,-8.13,116.42,10,3.82576,2018-08-05 20:05:42,436.1038274800537,9101.284664938565,3140.5381944444443,0
8505,-8.19,116.21,13,3.93512,2018-08-05 20:18:37,412.9807611943292,9094.611791986368,3140.5471643518517,0
8506,-8.16,116.37,17,3.82576,2018-08-05 20:24:24,430.60049790216107,9097.959675269083,3140.5511805555557,0
8507,-8.25,116.2,15,3.93512,2018-08-05 20:27:09,411.892427037087,9087.975825757552,3140.5530902777778,0
8508,-8.28,116.19,15,3.9898,2018-08-05 20:32:55,410.79775320378354,9084.656695629668,3140.557094907407,0
8509,-8.28,116.22,10,4.42724,2018-08-05 20:35:13,414.10174087088103,9084.663298098485,3140.5586921296294,0
8510,-8.14,116.22,10,4.31788,2018-08-05 20:37:10,414.07164764629886,9100.14205892235,3140.560046296296,0
8511,-8.24,116.26,10,4.79814,2018-08-05 20:41:26,418.4988161885247,9089.094188037478,3140.563009259259,0
8512,-8.19,116.22,22,4.20852,2018-08-05 20:49:06,414.082336697013,9094.613942144024,3140.568333333333,0
8513,-8.51,116.01,10,3.82576,2018-08-05 21:10:12,391.0374607576652,9059.180834620944,3140.582986111111,1
8514,-8.19,116.22,11,4.42724,2018-08-05 21:17:40,414.082336697013,9094.613942144024,3140.5881712962964,0
8519,-7.99,116.02,46,4.20852,2018-08-05 22:24:44,391.99706948950603,9116.679266544466,3140.63474537037,0
8520,-8.24,116.06,11,4.31788,2018-08-05 22:28:09,396.46976416811964,9089.047897573231,3140.6371180555557,0
8521,-8.29,116.02,19,4.2632,2018-08-05 22:44:03,392.0774103403704,9083.508886599351,3140.6481597222223,0
8522,-8.4,116.21,10,3.93512,2018-08-05 23:23:27,413.02695014708195,9071.393500591039,3140.6755208333334,0
8523,-8.69,116.1,10,3.88044,2018-08-05 23:34:12,400.99072188508603,9039.302778036981,3140.682986111111,1
8524,-8.18,116.12,24,4.2,2018-08-05 23:46:40,403.06404469248014,9095.69685899407,3140.6916435185185,0
8525,-8.04,116.28,11,4.15384,2018-08-06 00:00:48,420.6623180963145,9111.210358396153,3140.7014583333334,0
8526,-8.36,116.27,20,5.11598,2018-08-06 00:28:20,419.6246446253586,9075.828792722248,3140.7205787037037,0
8527,-8.12,116.3,10,3.8,2018-08-06 00:31:54,422.88143933564527,9102.369381967575,3140.7230555555557,0
8528,-8.29,116.25,12,4.31788,2018-08-06 00:34:59,417.4077913868051,9083.564028983637,3140.7251967592592,0
8529,-8.19,116.27,12,4.09916,2018-08-06 00:52:54,419.590176935923,9094.624281955965,3140.737638888889,0
8530,-8.47,116.41,10,3.93512,2018-08-06 00:55:12,435.0580114825158,9063.693069466779,3140.739236111111,1
8531,-8.25,116.28,10,3.7164,2018-08-06 01:00:00,420.70365690798747,9087.992597692564,3140.7425694444446,0
8532,-8.17,116.06,19,3.77108,2018-08-06 01:17:32,396.4516407901747,9096.787589386551,3140.7547453703705,0
8534,-8.22,116.3,10,4.5366,2018-08-06 01:53:45,422.90063591333814,9091.313338341983,3140.7798958333333,0
8535,-8.3,116.21,10,3.93512,2018-08-06 02:03:32,413.0048105330432,9082.4498596862,3140.786689814815,0
8536,-8.04,116.27,10,4.09916,2018-08-06 02:21:29,419.56034856164837,9111.208408031589,3140.7991550925926,0
8537,-8.39,116.17,10,3.7164,2018-08-06 02:26:19,408.62062312456464,9072.490053744621,3140.8025115740743,0
8538,-8.23,116.3,15,4.2632,2018-08-06 02:34:31,422.902568410955,9090.207731018598,3140.8082060185184,0
8539,-8.16,116.32,10,3.88044,2018-08-06 02:37:42,425.0923602276079,9097.950737251844,3140.8104166666667,0
8540,-8.24,116.2,12,3.77108,2018-08-06 02:45:47,411.8902130497012,9089.08145854832,3140.8160300925924,0
8541,-8.22,116.01,18,4.15384,2018-08-06 03:15:22,390.9568507933963,9091.245976687533,3140.836574074074,0
8543,-8.08,116.24,10,4.42724,2018-08-06 03:33:47,416.26265104234966,9106.779944447853,3140.8493634259257,0
8544,-8.19,116.19,10,3.77108,2018-08-06 03:38:42,410.77760247468314,9094.60740947323,3140.8527777777776,0
8545,-8.25,116.7,10,4.2632,2018-08-06 03:48:45,466.9605507231401,9088.051681589912,3140.8597569444446,2
8546,-8.33,116.01,14,3.9898,2018-08-06 04:03:05,390.98710021061544,9079.083390100013,3140.869710648148,0
8547,-8.21,116.5,10,4.09916,2018-08-06 04:21:07,444.92829499466865,9092.45188981282,3140.882233796296,0
8548,-8.6,116.11,10,3.77108,2018-08-06 04:25:26,402.06767411606376,9049.256490295267,3140.8852314814817,1
8549,-8.73,116.11,16,3.77108,2018-08-06 04:31:53,402.10131482451425,9034.882642159148,3140.889710648148,1
8550,-8.42,116.17,10,3.9898,2018-08-06 04:43:31,408.6276470755349,9069.173105429567,3140.8977893518518,0
8551,-8.63,116.14,20,3.77108,2018-08-06 05:20:56,405.3764648282726,9045.947022043229,3140.923773148148,1
8553,-8.35,116.39,10,3.88044,2018-08-06 05:38:33,432.83585006800587,9076.956853317672,3140.9360069444447,0
8555,-8.17,116.26,10,3.77108,2018-08-06 05:55:28,418.48455004985584,9096.83349732404,3140.94775462963,0
8557,-8.37,116.11,15,3.7164,2018-08-06 07:09:14,402.00938372957984,9074.686914034512,3140.9989814814817,0
8558,-8.72,116.3,23,3.88044,2018-08-06 07:22:59,423.0001192033556,9036.03229706334,3141.0085300925925,1
8559,-8.21,116.46,10,3.88044,2018-08-06 07:24:13,440.52243728468073,9092.446179542247,3141.009386574074,0
8560,-8.77,116.86,10,3.7,2018-08-06 08:50:34,484.6024306513868,9030.572956365751,3141.069351851852,1
8561,-8.27,116.18,15,3.9898,2018-08-06 09:22:06,409.6941412210822,9085.760079099324,3141.09125,0
8563,-8.12,116.1,10,4.09916,2018-08-06 10:14:53,400.846007744299,9102.325921218782,3141.1279050925928,0
8564,-8.2,116.26,10,3.93512,2018-08-06 10:21:10,418.4906493020366,9093.516653716304,3141.1322685185187,0
8565,-8.57,116.08,10,3.9898,2018-08-06 10:33:05,398.7583645956102,9052.56574680172,3141.1405439814816,1
8566,-8.15,116.03,14,4.37256,2018-08-06 10:38:24,393.1412912685448,9098.991114439394,3141.1442361111112,0
8567,-8.02,116.15,41,3.88044,2018-08-06 11:14:06,406.33193704694577,9113.394174247822,3141.169027777778,0
8568,-8.62,116.01,10,3.77108,2018-08-06 11:30:04,391.06876294921636,9047.01807428611,3141.180115740741,1
8569,-8.73,116.31,14,3.7164,2018-08-06 11:37:43,424.1021888100475,9034.92868723755,3141.1854282407407,1
8571,-8.23,116.22,14,3.9898,2018-08-06 12:59:02,414.09093476303065,9090.191439070608,3141.2418981481483,0
8572,-8.31,116.16,16,3.93512,2018-08-06 13:10:40,407.50075812509016,9081.33290546334,3141.249976851852,0
8573,-8.41,116.65,16,3.77108,2018-08-06 13:16:27,461.46956904365317,9070.3583458188,3141.2539930555554,2
8574,-8.76,116.29,10,3.7164,2018-08-06 13:17:32,421.9083950900568,9031.60769171145,3141.2547453703705,1
8577,-8.26,116.15,12,4.2632,2018-08-06 14:18:14,406.38768045629956,9086.85879973993,3141.296898148148,0
8578,-8.37,116.12,11,3.9898,2018-08-06 14:24:28,403.1104858355034,9074.68938997665,3141.301226851852,0
8579,-8.24,116.2,10,4.20852,2018-08-06 14:52:07,411.8902130497012,9089.08145854832,3141.320428240741,0
8580,-8.23,116.43,12,4.37256,2018-08-06 15:22:10,437.2211709230917,9090.23044812225,3141.341296296296,0
8581,-8.43,116.03,21,4.8776,2018-08-06 15:50:55,393.2168693122148,9068.031958492338,3141.361261574074,0
8582,-8.37,116.44,10,4.04448,2018-08-06 15:57:11,438.34442712213394,9074.753844541472,3141.365613425926,0
8583,-8.21,116.15,10,3.88044,2018-08-06 16:05:07,406.3759325784719,9092.387028069232,3141.371122685185,0
8584,-8.22,116.35,10,3.82576,2018-08-06 16:10:24,428.4079702567848,9091.32261521201,3141.3747916666666,0
8586,-8.13,116.34,20,3.82576,2018-08-06 16:41:12,427.2902083786824,9101.271176852633,3141.3961805555555,0
8587,-8.07,116.41,10,3.93512,2018-08-06 17:00:22,434.9925070282415,9107.916539217447,3141.4094907407407,0
8588,-8.3,116.24,17,4.04448,2018-08-06 17:37:31,416.30861595334005,9082.456311116333,3141.4352893518517,0
8589,-8.28,116.25,12,4.37256,2018-08-06 17:49:28,417.4057058104705,9084.669651343054,3141.4435879629627,0
8590,-8.23,116.36,27,3.9898,2018-08-06 17:51:50,429.51119749743214,9090.218793856371,3141.4452314814816,0
8591,-8.46,116.3,10,3.88044,2018-08-06 18:19:47,422.94766000884385,9064.778612001344,3141.4646412037036,1
8592,-8.32,116.4,10,5.03652,2018-08-06 18:21:19,433.93190570631396,9080.275318390717,3141.4657060185186,0
8593,-8.15,116.34,10,4.48192,2018-08-06 18:32:59,427.29381504819247,9099.05998905497,3141.4738078703704,0
8594,-8.19,116.33,10,4.42724,2018-08-06 18:36:56,426.19950749824545,9094.635785622748,3141.476550925926,0
8595,-8.12,116.33,10,4.37256,2018-08-06 18:43:06,426.1866693861146,9102.374963704788,3141.4808333333335,0
8596,-8.34,116.21,16,3.82576,2018-08-06 18:49:16,413.0136347734426,9078.027322601069,3141.4851157407406,0
8597,-8.22,116.31,10,3.77108,2018-08-06 18:59:48,424.0021071883247,9091.315248702864,3141.4924305555555,0
8598,-8.23,116.3,10,3.77108,2018-08-06 19:03:01,422.902568410955,9090.207731018598,3141.494664351852,0
8599,-8.27,116.28,13,3.88044,2018-08-06 19:07:36,420.70764916648216,9085.78137002159,3141.4978472222224,0
8600,-8.23,116.07,10,3.77108,2018-08-06 19:18:25,397.5686727382471,9090.156142778738,3141.505358796296,0
8601,-8.11,116.27,10,3.9898,2018-08-06 19:20:53,419.57420028872446,9103.469164112437,3141.5070717592594,0
8602,-8.19,116.32,10,4.2632,2018-08-06 19:22:38,425.0979580225689,9094.633936835493,3141.508287037037,0
8603,-8.2,116.33,10,4.42724,2018-08-06 19:27:30,426.2013504524673,9093.530186602951,3141.5116666666668,0
8604,-8.21,116.26,15,3.82576,2018-08-06 19:49:39,418.49268732196344,9092.411038105214,3141.5270486111112,0
8605,-8.59,116.18,11,3.77108,2018-08-06 19:51:13,409.76837896020345,9050.379337927461,3141.528136574074,1
8607,-8.29,116.27,11,3.93512,2018-08-06 19:56:41,419.6103668548411,9083.56813083632,3141.5319328703704,0
8608,-8.32,116.1,11,4.09916,2018-08-06 20:04:38,400.89567448629134,9080.212739231374,3141.5374537037037,0
8609,-8.24,116.3,10,4.04448,2018-08-06 20:13:00,422.90450324286815,9089.102123154322,3141.5432638888888,0
8610,-8.37,116.21,10,4.48192,2018-08-06 20:28:25,413.02028060897385,9074.710414060082,3141.5539699074075,0
8611,-8.11,116.33,20,4.15384,2018-08-06 21:00:17,426.1848443089307,9103.480558430405,3141.576099537037,0
8612,-8.1,116.4,12,3.88044,2018-08-06 21:28:30,433.89553155796636,9104.598196874993,3141.5956944444442,0
8613,-8.17,116.38,10,3.88044,2018-08-06 22:01:56,431.7038183689192,9096.855794069965,3141.6189120370373,0
8614,-7.96,116.46,10,3.93512,2018-08-06 22:35:33,440.485799909976,9120.085367803164,3141.6422569444444,0
8615,-8.21,116.38,10,4.37256,2018-08-06 23:16:03,431.7106358045145,9092.433441031828,3141.6703819444447,0
8616,-8.13,116.19,10,3.93512,2018-08-07 00:03:50,410.76429021887753,9101.241194572856,3141.703564814815,0
8617,-8.29,116.18,10,4.20852,2018-08-07 00:13:26,409.69869907263165,9083.548799203705,3141.7102314814815,0
8618,-8.05,116.33,10,3.82576,2018-08-07 01:15:32,426.17394077984477,9110.114115594899,3141.7533564814817,0
8619,-7.9,116.3,10,4.04448,2018-08-07 01:26:38,422.8400288269345,9126.69249092989,3141.7610648148147,0
8620,-8.16,116.24,10,4.09916,2018-08-07 01:45:03,416.2792236104726,9097.935016902105,3141.7738541666668,0
8621,-8.62,115.93,10,3.7164,2018-08-07 02:21:15,382.2652915014171,9046.994351731826,3141.7989930555555,1
8622,-8.16,116.31,10,4.5366,2018-08-07 03:01:10,423.99072620792174,9097.94886775487,3141.826712962963,0
8623,-8.25,116.25,10,4.09916,2018-08-07 03:18:07,417.3994640863666,9087.986515166636,3141.8384837962963,0
8626,-8.35,116.17,10,3.82576,2018-08-07 03:41:50,408.61129659318016,9076.912643832748,3141.854953703704,0
8627,-8.67,116.19,22,3.93512,2018-08-07 03:47:05,410.8876004587503,9041.536423039712,3141.858599537037,1
8628,-8.52,116.1,12,3.82576,2018-08-07 04:23:49,400.9465415553568,9058.099340746594,3141.8841087962965,1
8629,-8.76,116.09,19,3.88044,2018-08-07 04:29:58,399.9091791787888,9031.56032337567,3141.8883796296295,1
8631,-8.58,116.08,13,3.7164,2018-08-07 04:40:06,398.7610120191701,9051.460062427495,3141.8954166666667,1
8633,-8.84,116.05,23,3.7164,2018-08-07 04:47:57,395.53164369057504,9022.703796633747,3141.9008680555557,1
8634,-8.22,116.33,10,3.93512,2018-08-07 04:50:18,426.2050430640353,9091.318986943752,3141.9025,0
8635,-8.32,116.11,15,3.88044,2018-08-07 04:57:29,401.99691957357817,9080.215228625962,3141.9074884259257,0
8636,-8.51,116.18,13,3.82576,2018-08-07 05:24:37,409.7495571493732,9059.224576235638,3141.9263310185183,1
8637,-8.06,116.37,10,4.20852,2018-08-07 05:41:31,430.5833474614548,9109.015535233397,3141.9380671296294,0
8638,-8.25,116.18,10,4.04448,2018-08-07 05:47:15,409.6895943068102,9087.971356833386,3141.942048611111,0
8639,-8.33,116.04,11,4.71868,2018-08-07 06:01:11,394.2908242509644,9079.09153563932,3141.951724537037,0
8642,-8.21,116.52,11,3.77108,2018-08-07 07:44:00,447.13121399951916,9092.454580208132,3142.023125,0
8643,-8.71,116.03,10,3.88044,2018-08-07 07:56:29,393.29498238103486,9037.072374513255,3142.0317939814813,1
8644,-8.39,116.14,25,3.9898,2018-08-07 08:40:01,405.3175191551595,9072.482945299951,3142.062025462963,0
8645,-8.18,116.71,10,4.5366,2018-08-07 09:49:01,468.0562780299498,9095.791280738724,3142.1099421296294,2
8646,-8.2,116.26,12,4.09916,2018-08-07 10:09:06,418.4906493020366,9093.516653716304,3142.123888888889,0
8647,-8.31,116.46,12,3.77108,2018-08-07 10:16:59,440.537407401673,9081.390409791366,3142.129363425926,0
8648,-8.08,116.25,11,4.31788,2018-08-07 10:51:18,417.36451952600277,9106.781985377282,3142.1531944444446,0
8649,-8.76,116.02,14,3.88044,2018-08-07 11:02:59,392.209190133258,9031.540980203075,3142.1613078703704,1
8650,-8.6,116.11,10,3.9898,2018-08-07 12:02:44,402.06767411606376,9049.256490295267,3142.202800925926,1
8651,-8.56,116.03,10,3.93512,2018-08-07 12:12:01,393.25282093821977,9053.65791999991,3142.2092476851853,1
8653,-8.07,116.37,10,4.04448,2018-08-07 12:31:22,430.5850530488625,9107.909951639458,3142.222685185185,0
8654,-8.27,116.21,15,4.48192,2018-08-07 14:04:39,412.99822001019237,9085.766756795176,3142.2874652777778,0
8655,-8.44,116.16,11,3.77108,2018-08-07 14:07:55,407.531452872462,9066.95944882461,3142.2897337962963,0
8656,-8.05,116.32,24,3.9898,2018-08-07 14:17:01,425.072009623518,9110.112297571075,3142.2960532407405,0
8657,-8.51,115.97,10,3.9898,2018-08-07 14:30:01,386.63448620153633,9059.169347801917,3142.3050810185186,1
8659,-8.69,116.05,10,3.77108,2018-08-07 15:10:20,395.4897348476155,9039.289358761856,3142.333078703704,1
8660,-8.22,116.23,12,4.09916,2018-08-07 16:26:56,415.19027167073773,9091.299195967058,3142.386273148148,0
8661,-8.67,116.34,17,3.77108,2018-08-07 16:58:16,427.390677843458,9041.568337846771,3142.4080324074075,1
8665,-8.5,116.09,10,3.7164,2018-08-07 19:52:08,399.84066113076165,9060.308120384736,3142.528773148148,1
8668,-8.35,116.06,10,3.88044,2018-08-07 20:29:36,396.4985541018114,9076.885471680082,3142.5547916666665,0
8669,-8.27,116.17,14,3.82576,2018-08-07 20:53:46,408.5927763575737,9085.75779788036,3142.571574074074,0
8672,-8.42,116.16,11,3.7164,2018-08-07 22:02:28,407.52669980118685,9069.170755867874,3142.6192824074074,0
8673,-8.21,116.09,12,4.42724,2018-08-08 00:50:04,399.76665590544684,9092.372530934177,3142.7356712962965,0
8674,-8.51,116.53,11,3.77108,2018-08-08 00:59:34,448.272229135437,9059.288753888535,3142.7422685185184,1
8676,-8.31,116.16,13,4.59128,2018-08-08 02:10:54,407.50075812509016,9081.33290546334,3142.7918055555556,0
8677,-8.16,116.27,10,3.7164,2018-08-08 03:21:35,419.584167432192,9097.941116779215,3142.840891203704,0
8679,-8.75,116.05,17,3.77108,2018-08-08 06:34:28,395.5064129524741,9032.655149229753,3142.9748379629627,1
8680,-8.21,116.3,10,3.77108,2018-08-08 07:58:10,422.8987057500733,9092.418945125117,3143.0329629629628,0
8681,-7.96,116.43,10,3.82576,2018-08-08 08:41:54,437.17935263625645,9120.080932346913,3143.0633333333335,0
8682,-8.56,116.35,11,3.77108,2018-08-08 09:11:40,428.4701966060223,9053.732031470803,3143.08400462963,1
8683,-8.72,116.5,20,3.93512,2018-08-08 11:30:07,445.00072882581543,9036.067226885887,3143.180150462963,1
8684,-8.29,116.14,10,4.15384,2018-08-08 11:41:31,405.2934457784088,9083.539486520238,3143.1880671296294,0
8685,-8.41,116.07,11,3.9898,2018-08-08 12:08:32,397.6154216745633,9070.254021637857,3143.2068287037036,0
8686,-8.51,116.15,12,3.93512,2018-08-08 12:34:46,406.4474825962672,9059.217454414746,3143.225046296296,1
8688,-8.0,116.56,14,4.15384,2018-08-08 15:00:49,451.51189632771724,9115.676237040714,3143.3264699074075,0
8693,-8.01,116.53,10,3.9898,2018-08-08 18:08:06,448.20708274489436,9114.567031324767,3143.456527777778,0
8694,-8.45,116.14,10,3.88044,2018-08-08 18:20:09,405.33210079770106,9065.84899435861,3143.4648958333332,0
8695,-8.08,116.42,20,3.9898,2018-08-08 21:33:42,436.0959377883554,9106.81254433,3143.5993055555555,0
8697,-8.22,116.13,21,3.9898,2018-08-08 23:30:58,404.1752507954035,9091.276655373716,3143.680740740741,0
8698,-8.15,116.18,11,4.2,2018-08-08 23:32:49,409.66702381284676,9099.027713258363,3143.682025462963,0
8699,-8.59,116.12,15,3.7164,2018-08-09 03:14:48,403.16558288157324,9050.364706082235,3143.8361805555555,1
8700,-8.53,116.14,20,4.04448,2018-08-09 03:27:13,405.3517035090797,9057.003695575704,3143.844803240741,1
8701,-8.44,116.21,14,5.51328,2018-08-09 05:25:32,413.0358797322545,9066.97094160344,3143.9269675925925,0
8703,-8.25,116.24,10,3.77108,2018-08-09 05:39:59,416.29806166422566,9087.984432472243,3143.937002314815,0
8705,-8.26,116.15,10,3.93512,2018-08-09 05:50:39,406.38768045629956,9086.85879973993,3143.944409722222,0
8711,-8.23,116.25,10,3.93512,2018-08-09 06:33:57,417.39531544164413,9090.197755009845,3143.9744791666667,0
8714,-8.19,116.38,35,4.2632,2018-08-09 08:17:36,431.70722295138904,9094.644618631068,3144.0464583333332,0
8715,-8.28,116.07,10,4.2632,2018-08-09 08:29:20,397.5815577718101,9084.627793328156,3144.0546064814816,0
8717,-8.35,116.15,10,3.77108,2018-08-09 09:05:01,406.40900520146624,9076.907954742275,3144.079386574074,0
8718,-8.27,116.5,10,4.09916,2018-08-09 09:06:54,444.93659163412997,9085.818475094262,3144.0806944444444,0
8722,-8.7,116.03,11,3.7164,2018-08-09 10:00:18,393.29214899666704,9038.178081467173,3144.117777777778,1
8729,-8.51,116.13,18,3.77108,2018-08-09 12:13:47,404.2460858961508,9059.212564330355,3144.210474537037,1
8731,-8.08,116.46,16,4.2632,2018-08-09 14:27:10,440.503245350037,9106.818599148986,3144.303101851852,0
8737,-8.19,116.2,11,4.09916,2018-08-09 17:35:25,411.8791831310268,9094.609614429546,3144.4338310185185,0
8751,-8.33,116.58,10,4.71868,2018-08-09 20:33:03,453.75392323389383,9079.195286836888,3144.5571875,2
8752,-8.21,116.2,10,4.42724,2018-08-09 20:55:23,411.88358709459203,9092.398353689036,3144.572696759259,0
8754,-8.29,116.43,19,3.7164,2018-08-09 21:09:51,437.23065207701035,9083.596953808243,3144.5827430555555,0
8755,-8.28,116.03,11,3.9898,2018-08-09 21:11:54,393.17606570341167,9084.617272958065,3144.5841666666665,0
8766,-8.23,116.19,14,3.9898,2018-08-10 02:05:00,410.7865313422868,9090.184875370505,3144.7877083333333,0
8767,-8.2,116.51,12,4.37256,2018-08-10 02:10:34,446.0284058952487,9093.558814342066,3144.791574074074,0
8768,-8.1,116.35,13,3.88044,2018-08-10 02:39:20,428.3866061618712,9104.589729346177,3144.811550925926,0
8770,-8.22,116.08,32,3.7164,2018-08-10 06:03:24,398.6676366736086,9091.264353866487,3144.953263888889,0
8771,-8.25,116.16,13,3.88044,2018-08-10 06:11:59,407.486750953148,9087.966777527781,3144.9592245370372,0
8772,-8.59,116.13,10,3.93512,2018-08-10 06:22:33,404.26605580038193,9050.367216474357,3144.9665625,1
8775,-8.29,116.04,10,3.93512,2018-08-10 07:04:58,394.2801131283801,9083.514263881938,3144.9960185185187,0
8779,-8.34,116.66,10,3.77108,2018-08-10 09:14:20,462.5637622416088,9078.098198418096,3145.0858564814816,2
8780,-8.3,116.46,10,3.77108,2018-08-10 09:22:26,440.5359022878501,9082.495989227902,3145.0914814814814,0
8781,-8.31,116.41,15,3.82576,2018-08-10 09:36:44,435.03143200610424,9081.38256232982,3145.101412037037,0
8782,-8.31,116.44,14,3.82576,2018-08-10 09:38:05,438.33502271238314,9081.387354155824,3145.102349537037,0
8783,-8.2,116.45,14,4.2632,2018-08-10 09:59:44,439.4194539124253,9093.550259082733,3145.1173842592593,0
8784,-8.42,116.57,10,4.37256,2018-08-10 10:40:00,452.66368312784726,9069.244009736905,3145.1453472222224,2
8788,-8.3,116.02,13,3.7164,2018-08-10 13:36:09,392.08013903300673,9082.403199041593,3145.267673611111,0
8793,-8.08,116.48,10,4.79814,2018-08-10 15:57:37,442.7068884854483,9106.821464352117,3145.3659143518516,0
8794,-8.58,116.14,10,3.9898,2018-08-10 16:08:51,405.3640483489069,9051.47536579565,3145.3737152777776,1
8795,-8.58,116.13,10,3.7164,2018-08-10 16:35:45,404.2635494156504,9051.47288690701,3145.3923958333335,1
8797,-8.32,116.0,10,3.93512,2018-08-10 17:37:01,389.88305808896763,9080.186314801984,3145.4349421296297,0
8798,-8.4,115.96,10,3.7164,2018-08-10 17:59:47,385.50126980005103,9071.32927985261,3145.450752314815,0
8800,-8.25,116.26,10,3.9898,2018-08-10 19:16:37,418.50086407944326,9087.98857026795,3145.5041087962964,0
8805,-8.41,116.1,16,4.20852,2018-08-10 20:59:39,400.9184161615305,9070.2617370074,3145.575659722222,0
8808,-8.65,116.04,11,3.82576,2018-08-10 22:08:01,394.3783565216734,9043.709395276466,3145.623136574074,1
8809,-8.29,116.27,10,3.7164,2018-08-10 22:09:07,419.6103668548411,9083.56813083632,3145.623900462963,0
8810,-8.36,116.59,10,4.37256,2018-08-10 22:21:04,454.8584832584342,9075.87975755325,3145.632199074074,2
8811,-8.26,116.08,11,3.9898,2018-08-10 23:14:02,398.67781540591625,9086.84168955277,3145.6689814814813,0
8812,-8.74,116.11,10,3.77108,2018-08-10 23:30:08,402.10392332467575,9033.776957578839,3145.680162037037,1
8814,-8.6,116.08,12,3.7164,2018-08-10 23:36:30,398.7663160629639,9049.248692007299,3145.684583333333,1
8817,-8.2,116.21,10,4.09916,2018-08-11 01:50:59,412.9829343253282,9093.506164470524,3145.777974537037,0
8818,-8.29,116.16,18,3.7164,2018-08-11 01:56:25,407.4960778640048,9083.544198314203,3145.781747685185,0
8819,-8.26,116.37,10,3.7164,2018-08-11 04:29:20,430.6178584596572,9086.903761509477,3145.8879398148147,0
8820,-8.29,116.69,10,4.15384,2018-08-11 04:59:59,465.86266708971556,9083.628657342937,3145.909224537037,2
8822,-8.59,116.14,16,3.7164,2018-08-11 09:08:58,405.3665259139015,9050.369698165483,3146.0821296296294,1
8823,-8.6,116.07,10,3.82576,2018-08-11 10:56:40,397.6658574892479,9049.246035107848,3146.1569212962963,1
8830,-8.01,116.46,10,4.09916,2018-08-11 15:31:03,440.4930373160511,9114.557556813654,3146.3474652777777,0
8831,-8.19,116.32,10,4.48192,2018-08-11 15:42:08,425.0979580225689,9094.633936835493,3146.355162037037,0
8832,-8.64,116.19,12,3.77108,2018-08-11 15:57:29,410.8805433716364,9044.853397172437,3146.3658217592592,1
8835,-8.62,116.08,10,3.7164,2018-08-11 18:29:44,398.7716323684815,9047.03731935391,3146.471550925926,1
8836,-8.85,116.2,10,3.82576,2018-08-11 18:39:37,412.03014590557126,9021.636847864465,3146.478414351852,1
8837,-8.28,116.45,12,4.31788,2018-08-11 18:53:54,439.4316224766315,9084.705637841938,3146.4883333333332,0
8842,-8.2,116.45,10,3.93512,2018-08-11 20:38:24,439.4194539124253,9093.550259082733,3146.5609027777778,0
8843,-8.27,116.27,10,3.88044,2018-08-11 20:52:59,419.60630939708545,9085.779365391862,3146.5710300925925,0
8847,-8.32,116.65,15,4.15384,2018-08-12 00:59:16,461.4607265810355,9080.308343437126,3146.742060185185,2
8850,-8.37,116.02,15,3.7164,2018-08-12 05:06:02,392.0993313764092,9074.663371053459,3146.913425925926,0
8853,-8.27,116.16,10,3.9898,2018-08-12 07:15:32,407.491408806512,9085.755489000658,3147.0033564814817,0
8855,-8.19,116.43,10,4.2632,2018-08-12 13:45:44,437.2148881674001,9094.652766783442,3147.2743287037038,0
8856,-8.17,116.69,10,3.7164,2018-08-12 15:00:30,465.8523920586189,9096.895180026457,3147.32625,2
8859,-8.39,116.54,10,3.93512,2018-08-12 15:29:16,449.35719092150555,9072.556969650343,3147.346226851852,2
8862,-8.37,116.35,28,3.9898,2018-08-12 16:38:35,428.4351142992893,9074.73861278603,3147.394363425926,0
8871,-8.29,116.15,13,4.59128,2018-08-13 01:42:23,406.3947631970194,9083.541856280453,3147.772002314815,0
8876,-8.71,116.29,10,3.9898,2018-08-13 11:06:53,421.8979911471769,9037.135881729724,3148.164016203704,1
8877,-8.4,116.55,10,3.88044,2018-08-13 11:57:28,450.4594113500398,9071.452675420283,3148.1991435185187,2
8881,-8.54,116.9,17,4.04448,2018-08-13 14:01:42,488.99506286034256,9056.002091313423,3148.2854166666666,2
8882,-8.37,116.12,25,3.93512,2018-08-13 14:22:41,403.1104858355034,9074.68938997665,3148.299988425926,0
8884,-8.37,116.1,32,4.09916,2018-08-13 14:33:21,400.9082787454871,9074.68441010447,3148.3073958333334,0
8885,-8.12,117.1,19,3.7164,2018-08-13 15:08:08,511.01667773329035,9102.43456655246,3148.331550925926,2
8887,-8.34,116.03,40,3.88044,2018-08-13 15:46:04,393.1922998266673,9077.983161776794,3148.3578935185187,0
8888,-8.53,116.08,26,3.88044,2018-08-13 15:48:47,398.74780555872366,9056.988478740837,3148.3597800925927,1
8890,-8.51,116.09,29,3.88044,2018-08-13 16:07:05,399.8432585381537,9059.20244285921,3148.372488425926,1
8891,-8.53,116.1,42,3.82576,2018-08-13 16:21:04,400.9491164069717,9056.993665048569,3148.382199074074,1
8896,-8.49,116.18,23,3.77108,2018-08-13 21:57:33,409.7448790225986,9061.435880243745,3148.6158680555554,1
8897,-8.47,116.07,15,4.09916,2018-08-13 23:29:34,397.6312278902747,9063.619942127341,3148.6797685185184,1
8899,-8.23,116.05,10,3.7164,2018-08-14 00:37:08,395.36565563430105,9090.150968550748,3148.726689814815,0
8910,-8.35,116.69,10,4.04448,2018-08-14 15:41:24,465.8678604177379,9076.99536629839,3149.3546527777776,2
8914,-8.6,115.93,10,3.77108,2018-08-14 20:31:48,382.2591079455251,9049.205821075026,3149.5563194444444,1
8919,-8.55,116.11,10,3.82576,2018-08-15 02:03:25,402.0548688176464,9054.784868182833,3149.786608796296,1
8922,-8.25,116.23,10,3.9898,2018-08-15 03:10:56,415.19665678062404,9087.982322184458,3149.83349537037,0
8924,-8.39,116.59,10,3.77108,2018-08-15 04:43:10,454.86194016927016,9072.563067811157,3149.8975462962962,2
8925,-8.21,116.6,10,4.71868,2018-08-15 09:04:10,455.9428304002589,9092.464243559865,3150.0787962962963,2
8926,-8.4,116.65,10,4.0,2018-08-15 09:08:43,461.46858188126333,9071.46390333573,3150.0819560185187,2
8927,-8.26,116.59,10,4.31788,2018-08-15 09:17:17,454.84704906283264,9086.93535407232,3150.087905092593,2
8928,-8.32,116.6,18,4.2632,2018-08-15 09:23:35,455.95503520612056,9080.303129086704,3150.092280092593,2
8931,-8.14,116.45,10,4.04448,2018-08-15 15:15:41,439.4104045218753,9100.183702227556,3150.3367939814816,0
8935,-8.14,116.46,10,3.9898,2018-08-15 16:18:55,440.51206534446385,9100.185186026183,3150.3807060185186,0
8940,-8.25,116.63,10,4.2632,2018-08-15 19:48:23,459.2512522327566,9088.045213563873,3150.5261689814815,2
8943,-8.31,116.64,10,4.42724,2018-08-15 22:12:12,460.35858613165595,9081.41290986191,3150.626041666667,2
8945,-8.57,116.18,18,3.7164,2018-08-16 00:09:26,409.76365711301577,9052.59065085601,3150.707453703704,1
8947,-8.38,116.16,10,3.77108,2018-08-16 08:23:28,407.5172272594066,9073.593363367276,3151.0505324074074,0
8958,-8.67,116.01,11,3.77108,2018-08-17 02:22:09,391.0831231690597,9041.489524622433,3151.7996180555556,1
8959,-8.25,116.0,23,3.93512,2018-08-17 03:18:17,389.86359057750667,9087.926169006634,3151.838599537037,0
8960,-8.41,116.02,32,3.7164,2018-08-17 03:20:54,392.1103703117317,9070.240600296125,3151.8404166666664,0
8978,-8.25,116.6,10,4.59128,2018-08-17 15:21:09,455.94724983991017,9088.042027791766,3152.3405902777777,2
8987,-8.69,116.09,10,3.88044,2018-08-18 01:57:25,399.89053040274075,9039.30015223566,3152.7824421296295,1
8991,-8.79,116.27,12,3.7164,2018-08-18 06:05:03,419.71496628589455,9028.286546482115,3152.9544097222224,1
8997,-8.37,116.67,10,3.7164,2018-08-18 10:15:46,463.66761572797736,9074.782474641946,3153.1285185185184,2
8998,-8.36,116.19,10,4.04448,2018-08-18 12:39:07,410.81584862554774,9075.811579863741,3153.22806712963,0
9001,-8.56,116.11,10,3.9898,2018-08-18 14:15:50,402.0574239460216,9053.67919372002,3153.2952314814816,1
9002,-8.15,116.13,10,3.82576,2018-08-18 14:59:01,404.1585181860601,9099.016195459964,3153.3252199074072,0
9004,-8.27,116.03,10,4.20852,2018-08-18 15:12:37,393.1733713369506,9085.72295627346,3153.3346643518516,0
9005,-8.6,116.1,16,3.7164,2018-08-18 16:04:47,400.9672243441183,9049.253919600616,3153.3708912037036,1
9006,-8.25,116.23,14,4.09916,2018-08-18 16:06:45,415.19665678062404,9087.982322184458,3153.3722569444444,0
9007,-8.28,116.59,10,3.93512,2018-08-18 16:24:16,454.84932496677175,9084.724239174757,3153.3844212962963,2
9009,-8.78,116.24,25,4.15384,2018-08-18 17:39:07,416.4131592628544,9029.38564266483,3153.436400462963,1
9010,-8.67,116.09,11,3.77108,2018-08-18 19:32:52,399.88522946260605,9041.511526821903,3153.5153935185185,1
9011,-8.3,116.06,11,4.31788,2018-08-18 20:12:57,396.4854207520059,9082.413855164023,3153.5432291666666,0
9012,-8.29,116.22,15,4.09916,2018-08-18 23:47:36,414.10390989520823,9083.557668280311,3153.6922916666667,0
9013,-8.32,116.61,10,5.19544,2018-08-19 04:06:12,457.0561759400879,9080.304227580596,3153.871875,2
9014,-8.44,116.59,18,6.43545,2018-08-19 04:10:23,454.86772901891334,9067.035240434001,3153.8747800925926,2
9015,-8.42,116.55,10,4.48192,2018-08-19 04:19:35,450.4619513183114,9069.241533864186,3153.8811689814816,2
9016,-8.36,116.64,10,4.04448,2018-08-19 04:27:49,460.3636209760431,9075.88513597137,3153.886886574074,2
9017,-8.38,116.58,10,4.31788,2018-08-19 04:45:34,453.75981128873116,9073.667469409473,3153.899212962963,2
9018,-8.35,116.62,10,3.9898,2018-08-19 04:48:45,458.160504158863,9076.988626718894,3153.901423611111,2
9019,-8.31,116.58,10,3.93512,2018-08-19 05:04:34,453.751577812693,9081.4064099353,3153.9124074074075,2
9020,-8.4,116.56,12,3.77108,2018-08-19 05:17:10,451.56033441497067,9071.453924536992,3153.9211574074075,2
9021,-8.31,116.6,10,3.88044,2018-08-19 05:25:36,455.95391901021526,9081.40868769603,3153.9270138888887,2
9022,-8.57,116.48,10,3.77108,2018-08-19 05:28:11,442.7780768719603,9052.648183665653,3153.9288078703703,1
9023,-8.31,116.62,10,3.77108,2018-08-19 05:40:34,458.1562550302385,9081.4108543378,3153.9374074074076,2
9025,-8.61,116.38,15,3.82576,2018-08-19 06:02:43,431.78062909442235,9048.209427475747,3153.952789351852,1
9026,-8.43,116.56,10,4.09916,2018-08-19 06:26:08,451.56406189323616,9068.137215698745,3153.969050925926,2
9029,-8.32,116.61,10,4.04448,2018-08-19 07:26:37,457.0561759400879,9080.304227580596,3154.0110532407407,2
9030,-8.37,116.6,10,3.7164,2018-08-19 07:33:14,455.96063618738845,9074.775327744024,3154.015648148148,2
9031,-8.27,116.61,10,3.82576,2018-08-19 07:37:28,457.05074749796387,9085.832008700621,3154.018587962963,2
9034,-8.29,116.58,11,3.77108,2018-08-19 08:58:25,453.7492379923156,9083.617530828564,3154.074803240741,2
9036,-8.31,116.68,14,4.48192,2018-08-19 09:30:30,464.7632346142347,9081.416687562029,3154.0970833333336,2
9038,-8.84,116.52,17,4.09916,2018-08-19 09:47:36,447.2177160621588,9022.80292318038,3154.1089583333332,1
9039,-8.29,116.69,10,4.79814,2018-08-19 09:50:10,465.86266708971556,9083.628657342937,3154.1107407407408,2
9040,-8.26,116.63,10,4.71868,2018-08-19 10:42:17,459.252277306534,9086.939662008766,3154.14693287037,2
9041,-8.26,116.67,10,4.04448,2018-08-19 11:08:31,463.65748638122136,9086.943528076907,3154.165150462963,2
9043,-8.24,116.66,10,3.82576,2018-08-19 11:35:14,462.5543030206321,9089.153698622382,3154.1837037037035,2
9044,-8.35,116.69,18,4.04448,2018-08-19 12:41:32,465.8678604177379,9076.99536629839,3154.2297453703704,2
9045,-8.63,116.58,28,3.77108,2018-08-19 13:10:14,453.7897764661863,9046.028172236205,3154.249675925926,1
9046,-8.44,116.65,15,3.88044,2018-08-19 13:29:33,461.4725375299589,9067.041669913506,3154.263090277778,2
9047,-8.23,116.59,10,3.93512,2018-08-19 13:31:46,454.84364545971897,9090.252022308785,3154.26462962963,2
9050,-8.27,116.73,10,4.20852,2018-08-19 14:23:07,470.2660174998391,9085.842956993238,3154.300289351852,2
9051,-8.29,116.7,10,4.2632,2018-08-19 14:34:56,466.9638812490606,9083.62950256091,3154.3084953703706,2
9052,-8.37,116.7,18,6.70488,2018-08-19 14:56:27,466.97059030773903,9074.785117991987,3154.3234375,2
9053,-8.46,116.58,22,5.59274,2018-08-19 15:16:38,453.7693049731248,9064.822932590421,3154.337453703704,2
9054,-8.41,116.57,10,5.51328,2018-08-19 15:29:00,452.6624688761963,9070.349577937734,3154.3460416666667,2
9055,-8.39,116.9,16,4.0,2018-08-19 15:39:50,488.99080229049525,9072.585230912255,3154.353564814815,2
9056,-8.27,116.98,10,4.95706,2018-08-19 15:45:58,497.797490601732,9085.852978914105,3154.357824074074,2
9057,-8.39,116.83,12,4.8776,2018-08-19 15:47:26,481.28434658404404,9072.582581479537,3154.3588425925927,2
9058,-8.52,116.88,21,4.5366,2018-08-19 15:51:40,486.79338570317697,9058.212557867133,3154.361782407407,2
9059,-8.35,117.05,10,4.15384,2018-08-19 15:58:24,505.5051585771687,9077.00842661795,3154.3664583333334,2
9060,-8.46,116.81,10,3.8,2018-08-19 16:01:55,479.0862576368549,9064.842759840247,3154.3689004629628,2
9061,-8.33,116.83,10,3.9898,2018-08-19 16:05:13,481.28148507735295,9079.215820373058,3154.3711921296294,2
9062,-8.41,116.89,10,4.04448,2018-08-19 16:06:51,487.89050139335177,9070.37385788831,3154.3723263888887,2
9063,-8.34,116.86,10,4.31788,2018-08-19 16:09:24,484.585151024796,9078.111578090626,3154.374097222222,2
9064,-8.33,116.96,13,4.48192,2018-08-19 16:18:51,495.59564943527954,9079.219620734202,3154.3806597222224,2
9065,-8.39,116.91,10,5.03652,2018-08-19 16:21:09,490.09172298269414,9072.58549725665,3154.3822569444446,2
9066,-8.3,116.66,10,4.48192,2018-08-19 16:23:58,462.5599649508718,9082.520405114614,3154.384212962963,2
9067,-8.55,116.85,17,4.09916,2018-08-19 16:28:44,483.4930142660631,9054.894759444061,3154.3875231481484,2
9068,-8.29,116.77,10,4.20852,2018-08-19 16:31:40,474.6723549886537,9083.634643121099,3154.389560185185,2
9069,-8.38,116.86,11,5.19544,2018-08-19 16:37:38,484.5867220444569,9073.689424869932,3154.3937037037035,2
9070,-8.38,116.79,10,4.8,2018-08-19 16:40:04,476.88005534470875,9073.685994386045,3154.3953935185186,2
9071,-8.26,116.73,10,4.20852,2018-08-19 16:46:54,470.2652685848046,9086.948498696092,3154.4001388888887,2
9073,-8.28,116.6,10,3.9898,2018-08-19 16:54:07,455.9505784237726,9084.725360217217,3154.405150462963,2
9074,-8.34,116.42,21,4.20852,2018-08-19 16:59:31,436.13749224191736,9078.067423950664,3154.408900462963,0
9075,-8.25,116.78,10,4.5366,2018-08-19 17:01:04,475.77111992596167,9088.057418624032,3154.4099768518518,2
9076,-8.37,116.9,10,4.2632,2018-08-19 17:04:29,488.9902398801014,9074.796306636717,3154.4123495370372,2
9077,-8.27,116.75,10,4.09916,2018-08-19 17:10:57,472.4685487513132,9085.84439463169,3154.4168402777777,2
9078,-8.35,116.72,10,4.0,2018-08-19 17:15:42,469.17099741416973,9076.997836061775,3154.4201388888887,2
9079,-8.41,116.89,10,4.37256,2018-08-19 17:20:18,487.89050139335177,9070.37385788831,3154.423333333333,2
9080,-8.27,116.72,10,4.71868,2018-08-19 17:28:40,469.1647505790815,9085.842196702159,3154.4291435185187,2
9081,-8.28,116.74,10,4.04448,2018-08-19 17:36:56,471.3680055897927,9084.738148244316,3154.4348842592594,2
9082,-8.61,116.58,27,3.9898,2018-08-19 17:40:01,453.7873470652894,9048.239329030526,3154.437025462963,1
9083,-8.24,117.06,10,3.93512,2018-08-19 17:48:28,506.60802789868166,9089.169126241071,3154.4428935185183,2
9084,-8.57,116.91,37,4.20852,2018-08-19 17:50:17,490.09633249307296,9052.685719990737,3154.4441550925926,2
9085,-8.89,116.84,29,4.31788,2018-08-19 18:01:39,482.4084597254294,9017.305284195294,3154.452048611111,1
9086,-8.37,116.95,10,4.09916,2018-08-19 18:08:34,494.4951219608594,9074.797355560671,3154.4568518518518,2
9087,-8.36,116.89,10,3.9898,2018-08-19 18:12:59,487.8889538473888,9075.901550303517,3154.4599189814817,2
9088,-8.2,116.61,10,4.8776,2018-08-19 18:18:36,457.0432022927982,9093.570879223995,3154.4638194444447,2
9089,-8.44,116.93,13,4.95706,2018-08-19 18:23:25,492.29455182646797,9067.058250864175,3154.467164351852,2
9091,-8.42,116.79,11,4.09916,2018-08-19 18:34:02,476.882423088061,9069.26381632606,3154.474537037037,2
9092,-8.38,116.92,10,4.5366,2018-08-19 18:39:18,491.1924182866924,9073.691273121918,3154.4781944444444,2
9093,-8.24,116.87,11,4.15384,2018-08-19 18:45:59,485.6825968865529,9089.167294234005,3154.482835648148,2
9094,-8.66,116.85,34,3.7164,2018-08-19 18:47:39,483.4977778744874,9042.733680596433,3154.4839930555554,2
9095,-8.43,116.88,10,3.82576,2018-08-19 18:49:12,486.7903144899866,9068.162453092928,3154.4850694444444,2
9096,-8.37,116.94,10,3.82576,2018-08-19 18:52:56,493.39414599736915,9074.797201718615,3154.487662037037,2
9097,-8.22,116.44,10,3.88044,2018-08-19 18:56:19,438.3210421233993,9091.337581564854,3154.4900115740743,0
9098,-8.4,116.8,14,3.9898,2018-08-19 19:01:39,477.98213567096,9071.475481888054,3154.493715277778,2
9099,-8.25,116.77,10,4.42724,2018-08-19 19:13:17,474.66980160917893,9088.056798034282,3154.5017939814816,2
9100,-8.3,116.74,10,4.04448,2018-08-19 19:18:41,471.36945227694963,9082.527063806014,3154.5055439814814,2
9101,-8.36,116.72,13,3.93512,2018-08-19 19:21:23,469.1717824689073,9075.892288488656,3154.5074189814814,2
9102,-8.36,116.33,17,3.9898,2018-08-19 19:28:40,426.23114156121966,9075.840528457713,3154.5124768518517,0
9103,-8.58,116.89,25,3.88044,2018-08-19 19:32:36,487.89583160045487,9051.579598372347,3154.5152083333332,2
9104,-8.4,116.87,10,4.5366,2018-08-19 19:38:06,485.68840436246575,9071.478723839859,3154.519027777778,2
9105,-8.41,116.84,10,4.31788,2018-08-19 19:41:04,482.38617221108535,9070.371961054987,3154.521087962963,2
9106,-8.39,116.7,14,3.9898,2018-08-19 19:43:44,466.9722775727113,9072.574016296468,3154.522939814815,2
9108,-8.34,116.8,10,3.9898,2018-08-19 19:49:54,477.9787651832152,9078.108734937125,3154.527222222222,2
9109,-8.2,116.76,10,3.9898,2018-08-19 19:52:47,473.565170053554,9093.583834965688,3154.529224537037,2
9110,-8.66,116.83,35,3.7164,2018-08-19 19:56:44,481.2974757505773,9042.732755427049,3154.5319675925925,2
9111,-8.46,116.8,19,3.77108,2018-08-19 19:59:42,477.98553015624424,9064.842208700155,3154.5340277777777,2
9112,-8.31,116.79,10,4.37256,2018-08-19 20:06:43,476.8759387430633,9081.424784531104,3154.538900462963,2
9113,-8.45,116.68,23,4.04448,2018-08-19 20:11:59,464.7758328955776,9065.938947442115,3154.5425578703703,2
9114,-8.35,116.73,10,4.31788,2018-08-19 20:12:27,470.2720412253768,9076.998603500146,3154.5428819444446,2
9115,-8.38,116.85,13,3.9898,2018-08-19 20:17:29,483.485771275224,9073.689018813753,3154.546377314815,2
9116,-8.33,116.76,10,4.2632,2018-08-19 20:19:36,473.5738241479346,9079.211825093584,3154.547847222222,2
9117,-8.3,116.78,10,4.15384,2018-08-19 20:35:33,475.7741747099188,9082.52972726016,3154.558923611111,2
9118,-8.32,116.91,10,4.5366,2018-08-19 20:39:40,490.0899566407264,9080.32425037959,3154.5617824074075,2
9119,-8.19,116.78,10,4.48192,2018-08-19 20:56:14,475.76747839169815,9094.690630132478,3154.573287037037,2
9120,-8.36,116.93,10,4.95706,2018-08-19 21:21:51,492.2929733464785,9075.90255610221,3154.5910763888887,2
9121,-8.25,116.82,17,3.9898,2018-08-19 21:35:02,480.1763863925353,9088.059625159696,3154.6002314814814,2
9122,-8.26,116.71,10,3.93512,2018-08-19 21:38:40,468.06267835933426,9086.946952286038,3154.6027546296295,2
9123,-8.27,116.58,10,4.64596,2018-08-19 21:44:52,453.7469037730303,9085.82864952184,3154.607060185185,2
9124,-8.62,116.4,10,4.95706,2018-08-19 21:50:01,433.9830669749591,9047.107327398036,3154.610636574074,1
9125,-8.16,116.6,10,4.04448,2018-08-19 22:03:39,455.93733611238224,9097.992001009969,3154.620104166667,2
9126,-8.18,116.79,10,4.09916,2018-08-19 22:16:09,476.8683846405844,9095.79675158345,3154.628784722222,2
9127,-8.17,116.61,10,4.59128,2018-08-19 22:21:31,457.03998814069314,9096.887529837946,3154.632511574074,2
9128,-8.2,116.62,10,4.2632,2018-08-19 22:28:19,458.14467444692406,9093.571934888505,3154.637233796296,2
9129,-8.1,116.89,10,3.9898,2018-08-19 22:40:49,487.8810543979971,9104.645328102024,3154.645914351852,2
9130,-8.41,116.84,10,4.5366,2018-08-19 22:55:06,482.38617221108535,9070.371961054987,3154.6558333333332,2
9131,-8.4,116.94,12,4.15384,2018-08-19 23:12:58,493.39465246588907,9071.480590409667,3154.6682407407407,2
9133,-8.26,116.53,14,4.79814,2018-08-19 23:29:55,448.23916622180934,9086.928063641628,3154.680011574074,0
9134,-8.26,116.59,10,4.09916,2018-08-19 23:38:35,454.84704906283264,9086.93535407232,3154.686030092593,2
9139,-8.8,116.55,30,3.82576,2018-08-20 00:17:11,450.5113502507925,9027.229414401454,3154.712835648148,1
9141,-8.31,116.15,16,3.7164,2018-08-20 00:44:14,406.3994991955467,9081.330557937768,3154.7316203703704,0
9142,-8.41,116.88,11,3.93512,2018-08-20 00:48:01,486.7896363971179,9070.373534724567,3154.734247685185,2
9143,-8.24,116.62,10,4.04448,2018-08-20 00:52:25,458.1488678297798,9089.149731450458,3154.737303240741,2
9144,-8.26,116.73,10,4.2632,2018-08-20 01:06:31,470.2652685848046,9086.948498696092,3154.7470949074072,2
9145,-8.35,116.73,11,3.77108,2018-08-20 01:15:39,470.2720412253768,9076.998603500146,3154.7534375,2
9146,-8.6,116.81,27,3.7164,2018-08-20 01:18:26,479.0938707106381,9049.365052147781,3154.75537037037,2
9149,-8.32,116.73,10,5.03652,2018-08-20 01:30:32,470.2697755775277,9080.315240209398,3154.763773148148,2
9151,-8.35,116.87,13,4.04448,2018-08-20 02:18:18,485.6865776088496,9077.006417357938,3154.7969444444443,2
9152,-8.42,116.88,13,3.9898,2018-08-20 02:31:46,486.7899752435836,9069.267994189318,3154.8062962962963,2
9154,-8.68,116.56,25,3.88044,2018-08-20 03:04:45,451.59563738178537,9040.497778172508,3154.829201388889,1
9155,-8.71,116.72,27,3.7164,2018-08-20 03:10:07,469.1998472242081,9037.197768427372,3154.832928240741,1
9156,-8.35,116.56,17,3.88044,2018-08-20 03:16:10,451.55415128306436,9076.981761473371,3154.8371296296295,2
9157,-8.32,116.8,10,4.2632,2018-08-20 03:40:20,477.97764702068906,9080.319814835686,3154.853912037037,2
9158,-8.29,116.73,10,4.04448,2018-08-20 03:43:55,470.267518030476,9083.631871935557,3154.856400462963,2
9159,-8.34,116.8,10,4.37256,2018-08-20 03:56:37,477.9787651832152,9078.108734937125,3154.865219907407,2
9160,-8.81,116.61,17,3.88044,2018-08-20 04:22:00,457.11109415950176,9026.131229345443,3154.882847222222,1
9161,-8.49,116.57,10,3.82576,2018-08-20 04:28:16,452.6722230160997,9061.505016664454,3154.887199074074,2
9162,-8.42,116.79,23,3.77108,2018-08-20 04:33:47,476.882423088061,9069.26381632606,3154.8910300925927,2
9163,-8.61,116.84,38,3.77108,2018-08-20 04:39:24,482.3953094449919,9048.261006685563,3154.8949305555557,2
9168,-8.38,116.9,10,4.37256,2018-08-20 05:07:46,488.99052091864183,9073.6907690538,3154.9146296296294,2
9171,-8.26,116.19,10,4.15384,2018-08-20 05:46:00,410.7932563560362,9086.867969145447,3154.9411805555555,0
9173,-8.39,116.89,10,4.42724,2018-08-20 06:26:04,487.889881275051,9072.584936531463,3154.9690046296296,2
9174,-8.29,116.72,10,4.37256,2018-08-20 06:29:44,469.16630668707097,9083.631109857099,3154.971550925926,2
9176,-8.83,116.74,21,3.7164,2018-08-20 07:17:32,471.4090523138504,9023.93250494471,3155.0047453703705,1
9181,-8.27,116.45,10,4.2632,2018-08-20 08:12:06,439.4300949873825,9085.811217405608,3155.042638888889,0
9182,-8.19,116.46,10,3.93512,2018-08-20 08:19:28,440.5194648688337,9094.657326956863,3155.0477546296297,0
9184,-8.51,116.87,18,3.7164,2018-08-20 08:55:39,485.69246134778155,9059.317748723264,3155.0728819444444,2
9185,-8.75,116.2,19,3.82576,2018-08-20 09:03:40,412.0065264245621,9032.693484916295,3155.078449074074,1
9187,-8.45,116.98,10,3.82576,2018-08-20 09:11:56,497.7985005377161,9065.953345379907,3155.0841898148146,2
9188,-8.85,116.78,29,3.7164,2018-08-20 09:22:31,475.8089870122775,9021.724192358168,3155.0915393518517,1
9189,-8.3,116.7,12,4.09916,2018-08-20 09:25:13,466.9647163810367,9082.523956426656,3155.093414351852,2
9195,-8.23,116.48,10,4.95706,2018-08-20 10:31:34,442.72823875679654,9090.23794689927,3155.1394907407407,0
9196,-8.37,116.43,15,3.7164,2018-08-20 10:47:26,437.2434000383601,9074.752264038867,3155.1505092592593,0
9199,-8.39,116.93,10,4.42724,2018-08-20 11:38:46,492.2935635266543,9072.585945836398,3155.1861574074073,2
9200,-8.77,116.28,14,3.77108,2018-08-20 11:46:43,420.81057542891955,9030.499959116496,3155.1916782407407,1
9208,-8.26,116.73,10,4.04448,2018-08-20 13:01:11,470.2652685848046,9086.948498696092,3155.2433912037036,2
9210,-8.36,116.94,10,4.1,2018-08-20 13:17:21,493.3939775745073,9075.902737704559,3155.2546180555555,2
9211,-8.31,116.83,10,4.71868,2018-08-20 13:25:13,481.280535775267,9081.426895556784,3155.2600810185186,2
9212,-8.27,116.19,12,3.77108,2018-08-20 13:30:19,410.7955034294281,9085.762332657889,3155.263622685185,0
9218,-8.36,116.93,10,4.31788,2018-08-20 15:15:59,492.2929733464785,9075.90255610221,3155.337002314815,2
9220,-8.82,116.74,29,3.7164,2018-08-20 16:05:49,471.4082826260857,9025.038077611252,3155.371608796296,1
9223,-8.3,116.56,10,4.37256,2018-08-20 16:43:39,451.5480048198361,9082.509584570349,3155.3978819444446,2
9224,-8.48,116.83,10,3.8,2018-08-20 17:01:35,481.2886770900566,9062.632685366205,3155.4103356481482,2
9225,-8.29,116.8,10,3.82576,2018-08-20 17:33:25,477.97597477739305,9083.636430528408,3155.4324421296296,2
9227,-8.35,116.56,10,3.88044,2018-08-20 17:45:48,451.55415128306436,9076.981761473371,3155.4410416666665,2
9228,-8.38,116.96,10,3.93512,2018-08-20 18:07:29,495.5962101778648,9073.691945212035,3155.456099537037,2
9229,-8.28,116.7,10,3.9898,2018-08-20 18:57:49,466.96304711725895,9084.735048143715,3155.4910532407407,2
9230,-8.31,116.74,10,3.93512,2018-08-20 19:30:27,471.3701769207274,9081.421520758478,3155.513715277778,2
9232,-8.18,116.49,10,4.09916,2018-08-20 20:34:07,443.8226247402445,9095.767208370298,3155.5579282407407,0
9233,-8.31,117.01,10,4.31788,2018-08-20 20:58:17,501.10114340120214,9081.430895372878,3155.574710648148,2
9238,-8.16,116.48,10,4.5366,2018-08-20 21:53:52,442.7182267375859,9097.97693682589,3155.613310185185,0
9239,-8.27,116.46,10,4.37256,2018-08-20 21:55:27,440.5313977486967,9085.812724247866,3155.6144097222223,0
9241,-8.21,116.48,13,4.5366,2018-08-20 22:28:36,442.7253695094713,9092.44908959142,3155.6374305555555,0
9242,-8.76,116.28,13,3.7164,2018-08-20 22:35:38,420.80845813203075,9031.605601152789,3155.6423148148147,1
9243,-8.15,116.47,10,4.20852,2018-08-20 23:20:20,441.6151733759122,9099.081073601857,3155.6733564814813,0
9246,-8.32,116.86,10,4.15384,2018-08-21 00:01:33,484.58436831502615,9080.322651363145,3155.7019791666667,2
9247,-8.42,116.93,10,3.9,2018-08-21 01:06:26,492.29415580664835,9069.269330536332,3155.747037037037,2
9248,-8.45,116.91,10,5.1,2018-08-21 01:09:25,490.0932486891849,9065.952258489582,3155.7491087962962,2
9249,-8.35,116.99,10,4.15384,2018-08-21 01:15:48,498.89896841393164,9077.008761493911,3155.7535416666665,2
9250,-8.37,116.85,10,3.8,2018-08-21 01:49:09,483.4853497160941,9074.79455842575,3155.776701388889,2
9252,-8.52,116.81,20,3.93512,2018-08-21 02:08:31,479.08950518903936,9058.20947016761,3155.790150462963,2
9253,-8.4,116.96,10,3.9898,2018-08-21 02:22:39,495.59643540819593,9071.480871096319,3155.7999652777776,2
9254,-8.34,116.78,14,4.04448,2018-08-21 02:28:06,475.7766317390458,9078.107564222637,3155.80375,2
9258,-8.34,116.8,10,3.93512,2018-08-21 03:15:17,477.9787651832152,9078.108734937125,3155.836516203704,2
9259,-8.28,117.01,10,3.82576,2018-08-21 03:45:38,501.1012269125185,9084.74748996014,3155.8575925925925,2
9260,-8.4,116.87,10,4.31788,2018-08-21 03:52:51,485.68840436246575,9071.478723839859,3155.8626041666666,2
9261,-8.25,116.82,10,3.88044,2018-08-21 03:58:13,480.1763863925353,9088.059625159696,3155.8663310185184,2
9262,-8.67,116.8,30,3.82576,2018-08-21 04:06:13,477.9975997845372,9041.625591932188,3155.871886574074,2
9263,-8.38,116.9,10,4.42724,2018-08-21 04:08:01,488.99052091864183,9073.6907690538,3155.873136574074,2
9264,-8.39,116.84,10,3.7164,2018-08-21 04:48:40,482.38527021778174,9072.583044079804,3155.901365740741,2
9266,-8.54,116.4,19,3.7164,2018-08-21 05:38:10,433.96924801485505,9055.952174271115,3155.9357407407406,1
9267,-8.46,116.91,10,3.7,2018-08-21 05:43:03,490.0935040233994,9064.846716727672,3155.9391319444444,2
9269,-8.48,116.92,10,3.9898,2018-08-21 06:46:48,491.19468125768003,9062.635872301738,3155.983402777778,2
9270,-8.46,116.56,10,3.82576,2018-08-21 07:10:17,451.56780256966744,9064.820501831926,3155.9997106481483,2
9271,-8.38,117.0,10,4.20852,2018-08-21 07:21:11,500.0,9073.692169241895,3156.0072800925927,2
9273,-8.84,116.74,30,3.77108,2018-08-21 09:13:42,471.4098228672716,9022.826931691481,3156.085416666667,1
9274,-8.4,116.91,16,4.04448,2018-08-21 09:38:18,490.0919765172161,9071.479958864185,3156.1025,2
9275,-8.86,116.49,24,3.7164,2018-08-21 09:50:19,443.9217703822967,9020.587332696057,3156.110844907407,1
9277,-8.34,116.79,10,4.2632,2018-08-21 10:15:27,476.8776988007623,9078.108163517265,3156.128298611111,2
9280,-8.28,116.78,10,3.77108,2018-08-21 11:58:31,475.7729505959037,9084.74080545956,3156.1998726851853,2
9281,-8.32,117.18,10,3.7,2018-08-21 12:52:02,519.8201103046449,9080.320871582902,3156.237037037037,2
9285,-8.87,116.8,10,3.7164,2018-08-21 13:50:02,478.00936779411325,9019.51429191891,3156.277314814815,1
9286,-8.29,116.98,10,4.15384,2018-08-21 14:09:12,497.79760175013104,9083.641917417095,3156.290625,2
9287,-8.6,116.83,31,3.77108,2018-08-21 14:18:21,481.294522474885,9049.366085971555,3156.2969791666665,2
9288,-8.16,116.36,14,4.20852,2018-08-21 14:52:12,429.49887458233513,9097.957942260418,3156.320486111111,0
9289,-8.24,116.74,10,4.64596,2018-08-21 16:04:11,471.3651226176521,9089.160310511974,3156.370474537037,2
9290,-8.51,116.56,18,4.04448,2018-08-21 16:32:40,451.5740663570185,9059.292634165402,3156.3902546296295,2
9293,-8.28,116.15,12,3.9898,2018-08-21 18:13:32,406.39239944910213,9084.647504640252,3156.460300925926,0
9296,-8.37,116.79,16,3.88044,2018-08-21 18:44:59,476.8794651587355,9074.791537504305,3156.4821412037036,2
9297,-8.28,116.64,10,4.2632,2018-08-21 18:51:41,460.35557962675034,9084.729567566164,3156.4867939814817,2
9298,-8.37,116.55,10,3.82576,2018-08-21 19:31:35,450.45561264700405,9074.769383581195,3156.5145023148148,2
9301,-8.34,116.72,10,3.88044,2018-08-21 20:13:39,469.17021329279123,9078.10338307937,3156.5437152777777,2
9302,-8.44,116.88,14,3.7164,2018-08-21 20:16:14,486.790654136317,9067.056911434745,3156.5455092592592,2
9303,-8.28,116.07,16,3.82576,2018-08-21 20:27:15,397.5815577718101,9084.627793328156,3156.553159722222,0
9308,-8.49,116.9,17,3.9,2018-08-21 23:20:27,488.99363433946263,9061.52981862982,3156.6734375,2
9309,-8.63,116.55,10,3.77108,2018-08-21 23:42:39,450.48898313826777,9046.024411799648,3156.6888541666667,1
9310,-8.38,116.68,10,3.77108,2018-08-22 01:09:06,464.7695076226001,9073.677831149986,3156.748888888889,2
9311,-8.65,116.71,26,3.7164,2018-08-22 01:47:25,468.094765910867,9043.830341241553,3156.775497685185,1
9312,-8.48,116.83,17,3.82576,2018-08-22 02:07:40,481.2886770900566,9062.632685366205,3156.789560185185,2
9313,-8.31,116.89,10,4.5366,2018-08-22 02:36:32,487.8874154679794,9081.429228786345,3156.8096064814813,2
9314,-8.28,116.88,10,4.09916,2018-08-22 03:35:13,486.7852677917512,9084.74551091353,3156.8503587962964,2
9315,-8.34,117.14,12,4.20852,2018-08-22 04:35:41,515.414848975204,9078.111578090626,3156.8923495370373,2
9318,-8.46,116.98,16,4.09916,2018-08-22 05:48:32,497.79855727854334,9064.847804866855,3156.942939814815,2
9319,-8.35,116.82,10,3.88044,2018-08-22 07:11:48,480.1814001119365,9077.004254604693,3157.0007638888887,2
9320,-8.22,116.61,16,3.82576,2018-08-22 07:23:45,457.04535156354245,9091.35977609282,3157.0090625,2
9321,-8.24,116.59,23,3.7164,2018-08-22 08:21:07,454.84477862700743,9089.146466777089,3157.048900462963,2
9323,-8.24,116.75,17,4.15384,2018-08-22 09:02:15,472.4664709378117,9089.161013020572,3157.0774652777777,2
9324,-8.28,116.78,10,4.20852,2018-08-22 09:51:12,475.7729505959037,9084.74080545956,3157.1114583333333,2
9325,-8.41,116.92,18,3.82576,2018-08-22 11:37:29,491.19309437845664,9070.374658771565,3157.1852662037036,2
9326,-8.38,116.7,11,3.7164,2018-08-22 12:12:33,466.97143344024624,9073.679567422863,3157.2096180555554,2
9327,-8.25,116.8,10,4.15384,2018-08-22 13:05:26,477.9737544545901,9088.058577056358,3157.2463425925926,2
9328,-8.15,116.82,10,4.8776,2018-08-22 14:50:22,480.1714326884981,9099.114940732432,3157.319212962963,2
9329,-8.17,116.75,11,3.77108,2018-08-22 15:00:23,472.46165188227627,9096.899770088017,3157.3261689814813,2
9331,-8.28,116.85,10,4.59128,2018-08-22 16:05:37,483.4815781846071,9084.744389911955,3157.3714699074076,2
9334,-8.4,117.07,12,3.9898,2018-08-22 21:19:02,507.7062392799866,9071.480407963269,3157.5891203703704,2
9335,-8.41,117.08,10,3.9898,2018-08-22 21:36:38,508.80690562154336,9070.374658771565,3157.6013425925926,2
9340,-8.38,116.85,10,3.77108,2018-08-23 03:55:09,483.485771275224,9073.689018813753,3157.864201388889,2
9348,-8.5,116.93,20,3.93512,2018-08-23 11:43:12,492.29574548457975,9060.424998324563,3158.1892361111113,2
9351,-8.42,116.79,18,3.77108,2018-08-23 13:45:00,476.882423088061,9069.26381632606,3158.2738194444446,2
9352,-8.08,116.87,12,4.09916,2018-08-23 14:15:05,485.67690037457027,9106.85572397349,3158.2947106481483,2
9355,-8.51,116.78,24,3.7164,2018-08-23 14:51:19,475.78720500493426,9059.313271676258,3158.319872685185,2
9359,-8.23,116.16,10,4.5366,2018-08-23 18:08:36,407.4821043044478,9090.178063900656,3158.456875,0
9360,-8.47,116.95,10,3.9898,2018-08-23 18:14:08,494.4965346499666,9063.741966684245,3158.4607175925926,2
9361,-8.16,116.92,10,3.93512,2018-08-23 18:47:57,491.1875336203723,9098.01295918126,3158.484201388889,2
9362,-8.22,116.14,10,4.20852,2018-08-23 18:53:49,405.2767650333192,9091.279033175137,3158.488275462963,0
9363,-8.25,116.36,18,3.93512,2018-08-23 18:57:15,429.514737538634,9088.007603727598,3158.490659722222,0
9365,-8.43,116.08,28,3.93512,2018-08-23 20:03:30,398.72162259445105,9068.045269904867,3158.536666666667,0
9366,-8.41,115.93,15,4.20852,2018-08-23 20:06:59,382.2010755777646,9070.214670198431,3158.539085648148,0
9368,-8.31,116.68,15,4.2632,2018-08-23 21:26:29,464.7632346142347,9081.416687562029,3158.5942939814813,2
9369,-8.35,117.0,18,3.7164,2018-08-23 22:00:20,500.0,9077.008775447073,3158.617800925926,2
9370,-8.29,116.79,19,3.7164,2018-08-23 22:10:32,476.8747688716405,9083.63586243834,3158.624884259259,2
9372,-8.3,116.81,10,3.82576,2018-08-23 23:00:59,479.07770894558683,9082.53143352874,3158.6599189814815,2
9373,-8.37,116.8,12,4.09916,2018-08-23 23:21:58,477.9804474271771,9074.792110921204,3158.6744907407406,2
9375,-8.45,116.94,10,3.9,2018-08-23 23:31:30,493.3955005795798,9065.95289368548,3158.681111111111,2
9376,-8.45,116.95,10,3.9,2018-08-23 23:43:43,494.4962507790575,9065.953048955482,3158.6895949074074,2
9377,-8.26,116.77,10,3.9898,2018-08-24 05:40:19,474.670438803793,9086.951260131827,3158.9372337962964,2
9378,-8.28,116.15,18,3.9898,2018-08-24 06:07:05,406.39239944910213,9084.647504640252,3158.9558217592594,0
9379,-8.14,116.79,10,3.82576,2018-08-24 06:34:02,476.8660841097842,9100.218876692708,3158.974537037037,2
9380,-8.24,116.77,10,4.42724,2018-08-24 07:23:20,474.6691651814318,9089.162335387258,3159.008773148148,2
9381,-8.41,116.64,21,3.7164,2018-08-24 07:55:36,460.3686858208965,9070.357348198213,3159.0311805555557,2
9382,-8.24,116.77,10,3.9898,2018-08-24 08:11:00,474.6691651814318,9089.162335387258,3159.041875,2
9383,-8.26,116.73,10,4.04448,2018-08-24 08:27:59,470.2652685848046,9086.948498696092,3159.0536689814817,2
9384,-8.48,116.9,12,4.0,2018-08-24 12:47:02,488.993349634925,9062.635362393257,3159.2335648148146,2
9386,-8.42,116.52,13,3.9898,2018-08-24 15:27:50,447.1593426174752,9069.237609020876,3159.3452314814813,2
9387,-8.17,116.9,15,3.77108,2018-08-24 16:51:00,488.9846891173565,9096.906941981813,3159.402986111111,2
9388,-8.42,117.06,10,3.77108,2018-08-24 17:10:53,506.60500888853403,9069.269513404623,3159.4167939814815,2
9389,-8.43,116.88,10,3.88044,2018-08-24 18:02:01,486.7903144899866,9068.162453092928,3159.4523032407405,2
9390,-7.99,116.43,13,4.2632,2018-08-24 22:17:21,437.1839306596967,9116.76423105502,3159.6296180555555,0
9392,-8.25,116.15,10,4.09916,2018-08-25 04:15:07,406.38532521154985,9087.96444648108,3159.8780671296295,0
9393,-8.26,116.65,10,3.82576,2018-08-25 04:52:26,461.45488411047603,9086.941650275767,3159.9039814814814,2
9395,-8.5,116.68,22,3.77108,2018-08-25 05:45:53,464.78038294152486,9060.4111565306,3159.941099537037,2
9396,-8.73,116.17,14,3.9,2018-08-25 05:56:46,408.7016856052229,9034.89768006544,3159.9486574074076,1
9399,-8.41,116.79,10,3.77108,2018-08-25 10:04:16,476.8818301023379,9070.369361680392,3160.1205324074076,2
9403,-8.82,116.57,12,3.77108,2018-08-25 11:22:58,452.7134280141379,9025.020817090626,3160.175185185185,1
9407,-8.23,116.69,11,3.93512,2018-08-25 14:02:22,465.8575109682346,9090.261928539036,3160.2858796296296,2
9411,-8.22,116.67,10,4.59128,2018-08-25 16:27:14,463.6538359888288,9091.365712805,3160.3864814814815,2
9412,-8.28,116.88,10,3.82576,2018-08-25 17:29:17,486.7852677917512,9084.74551091353,3160.429571759259,2
9413,-8.42,116.88,13,3.88044,2018-08-25 17:56:52,486.7899752435836,9069.267994189318,3160.448726851852,2
9414,-8.46,116.96,10,3.7,2018-08-25 18:11:14,495.5971142987286,9064.84763528686,3160.4587037037036,2
9415,-8.42,116.93,10,5.5,2018-08-25 18:33:16,492.29415580664835,9069.269330536332,3160.4740046296297,2
9416,-8.42,116.95,11,3.7,2018-08-25 18:44:32,494.49582622241286,9069.269668139284,3160.4818287037037,2
9417,-8.42,116.95,10,3.93512,2018-08-25 18:50:59,494.49582622241286,9069.269668139284,3160.48630787037,2
9418,-8.41,116.93,10,3.7,2018-08-25 18:52:50,492.29395814668,9070.37486953013,3160.4875925925926,2
9419,-8.45,116.92,10,3.9,2018-08-25 19:12:52,491.1939995669426,9065.952498452563,3160.50150462963,2
9420,-8.45,116.92,10,4.0,2018-08-25 19:19:38,491.1939995669426,9065.952498452563,3160.5062037037037,2
9422,-8.45,116.91,10,4.1,2018-08-25 20:31:47,490.0932486891849,9065.952258489582,3160.5563078703703,2
9431,-8.33,116.73,10,3.77108,2018-08-25 22:45:32,470.27052989341763,9079.20969519419,3160.6491898148147,2
9441,-8.37,116.78,10,3.88044,2018-08-26 00:14:03,475.7784822112957,9074.790936115214,3160.7106597222223,2
9442,-8.29,116.47,10,3.7164,2018-08-26 01:34:25,441.6356444011859,9083.603050782947,3160.7664699074076,0
9445,-8.3,117.01,10,5.1,2018-08-26 03:54:03,501.1011712716455,9082.536427455356,3160.8634375,2
9447,-8.45,116.95,12,3.7164,2018-08-26 04:27:08,494.4962507790575,9065.953048955482,3160.886412037037,2
9449,-8.36,116.96,10,3.82576,2018-08-26 04:47:54,495.5959854808334,9075.903017092673,3160.900833333333,2
9450,-8.48,116.95,10,3.8,2018-08-26 05:15:44,494.4966768353527,9062.636424702072,3160.9201620370372,2
9451,-8.4,116.61,10,3.77108,2018-08-26 05:52:30,457.0649290537823,9071.45974903322,3160.9456944444446,2
9452,-8.35,116.9,12,4.20852,2018-08-26 06:36:41,488.9896788029916,9077.007380129262,3160.9763773148147,2
9453,-8.41,116.92,10,4.09916,2018-08-26 06:37:33,491.19309437845664,9070.374658771565,3160.9769791666668,2
9457,-8.49,116.94,10,3.8,2018-08-26 08:36:17,493.3961826697238,9061.530726171151,3161.0594328703705,2
9458,-8.49,116.91,10,3.7,2018-08-26 08:39:23,490.0942718255529,9061.530088056303,3161.061585648148,2
9473,-8.8,116.26,10,3.77108,2018-08-26 19:46:48,418.6172965280383,9027.178741820033,3161.5250694444444,1
9476,-8.19,116.51,10,3.77108,2018-08-26 22:04:27,446.0270581335896,9094.66437940237,3161.620659722222,0
9478,-8.05,116.43,10,4.2632,2018-08-26 22:48:05,437.1931380533993,9110.130814192406,3161.650960648148,0
9480,-8.52,116.92,13,3.9898,2018-08-27 00:44:14,491.19559391082623,9058.21369618531,3161.7316203703704,2
9486,-8.59,116.09,29,3.82576,2018-08-27 05:36:14,399.86414697084655,9050.35700269613,3161.9343981481484,1
9491,-8.53,116.96,18,3.9898,2018-08-27 11:56:29,495.5979124027377,9057.108834506178,3162.1984606481483,2
9493,-8.25,116.62,10,4.31788,2018-08-27 14:12:28,458.14991934320705,9088.044179224302,3162.2928935185187,2
9495,-8.35,116.55,12,3.77108,2018-08-27 14:37:05,450.4530876783184,9076.980519580493,3162.309988425926,2
9497,-8.54,116.51,19,3.77108,2018-08-27 18:07:39,446.0752017816933,9055.96927491563,3162.4562152777776,1
9503,-8.4,116.82,10,4.15384,2018-08-27 22:48:26,480.1839294729121,9071.476548506302,3162.6512037037037,2
9504,-8.42,116.91,10,3.82576,2018-08-27 22:52:53,490.0924844861536,9069.268880398744,3162.6542939814813,2
9505,-8.34,116.92,10,4.04448,2018-08-27 22:54:36,491.1915205641387,9078.113417770446,3162.6554861111113,2
9507,-8.43,116.6,10,4.42724,2018-08-28 03:13:28,455.96740136449284,9068.141947796366,3162.8352546296296,2
9508,-8.51,116.9,10,3.7,2018-08-28 06:43:37,488.99420474820084,9059.318729405042,3162.9811921296296,2
9510,-8.54,116.0,11,3.93512,2018-08-28 13:03:34,389.94530523962686,9055.86088609308,3163.245046296296,1
9511,-8.17,116.39,10,3.77108,2018-08-28 13:32:05,432.8054102243746,9096.857474486278,3163.264849537037,0
9517,-8.12,116.29,10,4.31788,2018-08-28 19:18:53,421.7796914870597,9102.367467051778,3163.5056828703705,0
9518,-8.1,116.28,11,3.77108,2018-08-28 20:12:57,420.6740211145499,9104.576736511903,3163.5432291666666,0
9519,-8.25,116.74,10,3.93512,2018-08-28 20:25:16,471.36584206036383,9088.05477076956,3163.5517824074072,2
9520,-8.22,116.78,10,3.82576,2018-08-28 20:32:05,475.7692958577362,9091.374026842504,3163.5565162037037,2
9521,-8.45,116.9,10,3.7,2018-08-28 21:32:43,488.9924975207355,9065.951990295544,3163.598622685185,2
9525,-8.25,116.59,10,3.82576,2018-08-29 05:23:57,454.84591316138955,9088.04091069848,3163.9258680555554,2
9528,-8.34,116.78,13,4.04448,2018-08-29 12:30:41,475.7766317390458,9078.107564222637,3164.222210648148,2
9530,-8.31,116.91,10,3.7164,2018-08-29 13:32:56,490.08970550620154,9081.429784315744,3164.2654398148147,2
9531,-8.2,116.55,15,4.04448,2018-08-29 16:46:14,450.43434169397915,9093.56396936963,3164.3996759259257,0
9533,-8.28,116.83,10,3.9898,2018-08-29 19:25:39,481.2791160726482,9084.74350418071,3164.5103819444444,2
9534,-8.16,116.34,12,4.04448,2018-08-29 19:27:43,427.2956216849176,9097.954394351449,3164.5118171296294,0
9535,-8.06,116.36,10,4.09916,2018-08-29 19:30:00,429.4814518569252,9109.013822898294,3164.5134027777776,0
9536,-8.19,116.85,10,4.37256,2018-08-29 22:03:02,483.4778471604979,9094.694176691528,3164.619675925926,2
9537,-8.31,116.06,10,4.59128,2018-08-29 23:10:33,396.48804115347673,9081.308179547243,3164.6665625,0
9539,-8.17,116.86,10,3.77108,2018-08-30 01:39:01,484.5785575030235,9096.905630556857,3164.769664351852,2
9541,-8.17,116.86,10,3.9898,2018-08-30 10:19:20,484.5785575030235,9096.905630556857,3165.1309953703703,2
9544,-8.26,116.81,10,4.2632,2018-08-30 15:45:12,479.07559710715105,9086.953579727151,3165.3572916666667,2
9545,-8.44,116.88,10,3.7,2018-08-30 17:01:15,486.790654136317,9067.056911434745,3165.4101041666668,2
9546,-8.32,116.88,12,3.88044,2018-08-30 17:51:24,486.78660477769813,9080.32337439724,3165.4449305555554,2
9547,-8.33,116.91,10,3.77108,2018-08-30 18:45:20,490.0902080752762,9079.218715888668,3165.482384259259,2
9548,-8.29,116.66,10,3.7164,2018-08-30 18:48:38,462.55901846189664,9083.625955407964,3165.484675925926,2
9549,-8.08,116.34,10,4.15384,2018-08-30 19:56:10,427.28123023030463,9106.7991369887,3165.531574074074,0
9553,-8.23,116.2,10,3.88044,2018-08-31 02:20:32,411.88800173011447,9090.187090800067,3165.7984953703703,0
9554,-8.26,116.26,13,4.48192,2018-08-31 02:21:49,418.5029144379629,9086.882951957214,3165.799386574074,0
9555,-8.35,116.11,10,4.95706,2018-08-31 02:37:15,402.0043891653548,9076.8982415008,3165.810104166667,0
9559,-8.4,116.85,10,3.77108,2018-08-31 08:42:23,483.48661589338445,9071.47793791387,3166.0636689814814,2
9561,-8.48,116.85,15,3.88044,2018-08-31 16:42:11,483.490014362922,9062.633591874137,3166.396863425926,2
9562,-8.56,116.17,16,3.7164,2018-08-31 17:53:50,408.66075471811985,9053.693947609396,3166.4466203703705,1
9565,-8.0,116.29,13,3.82576,2018-09-01 02:55:08,421.7566390430454,9115.63467654793,3166.8225231481483,0
9566,-8.44,116.92,10,3.9,2018-09-01 03:02:03,491.19377286989766,9067.058039375528,3166.827326388889,2
9567,-8.42,116.88,13,3.77108,2018-09-01 04:12:37,486.7899752435836,9069.267994189318,3166.8763310185186,2
9568,-8.22,116.28,10,3.7164,2018-09-01 06:28:23,420.69768652708234,9091.309435137915,3166.970613425926,0
9570,-8.49,116.93,13,3.82576,2018-09-01 13:43:52,492.2955459584014,9061.530541826936,3167.2730324074073,2
9571,-8.19,116.59,10,4.2632,2018-09-01 15:00:56,454.8391264621505,9094.674238979416,3167.326550925926,2
9572,-8.15,116.22,10,4.04448,2018-09-01 17:37:45,414.07378025328654,9099.036436635592,3167.435451388889,0
9573,-8.18,116.43,16,5.03652,2018-09-02 00:15:46,437.21332223058937,9095.758345094446,3167.711851851852,0
9576,-8.31,116.74,10,3.7164,2018-09-02 01:57:44,471.3701769207274,9081.421520758478,3167.782662037037,2
9579,-7.98,116.29,10,3.77108,2018-09-02 03:28:53,421.75283013147504,9117.84587073762,3167.8459606481483,0
9581,-7.97,116.29,13,4.09916,2018-09-02 05:59:50,421.75092922921897,9118.95146704516,3167.950787037037,0
9584,-8.25,116.65,10,4.37256,2018-09-02 21:48:02,461.4539144495902,9088.0471994904,3168.609259259259,2
9585,-8.11,116.84,10,4.31788,2018-09-03 01:32:42,482.3728663398818,9103.537974002122,3168.7652777777776,2
9587,-8.29,116.2,10,4.04448,2018-09-03 03:35:45,411.90130966334846,9083.553289191506,3168.8507291666665,0
9589,-8.23,116.62,10,3.88044,2018-09-03 05:49:29,458.14781758340774,9090.255283129309,3168.9435995370372,2
9590,-8.57,116.12,10,3.7164,2018-09-03 07:50:31,403.1605154041318,9052.576052059052,3169.027650462963,1
9591,-8.45,116.88,10,3.9898,2018-09-03 09:31:34,486.79099418256516,9065.951369214124,3169.097824074074,2
9593,-8.43,116.79,10,3.7164,2018-09-03 14:58:00,476.88301677367895,9068.15827041109,3169.3245138888888,2
9594,-8.25,116.79,19,4.15384,2018-09-03 16:08:11,476.87243753030305,9088.05801163136,3169.3732523148146,2
9595,-8.27,116.81,15,4.2,2018-09-03 17:35:34,479.0761241165761,9085.848044004782,3169.433935185185,2
9597,-8.52,116.91,10,3.8,2018-09-03 18:54:06,490.09504232681684,9058.213454292885,3169.4884722222223,2
9598,-8.26,116.12,10,4.37256,2018-09-03 19:41:41,403.0834697416333,9086.85163258332,3169.521516203704,0
9599,-8.27,116.12,17,3.7164,2018-09-03 20:06:36,403.08591107890896,9085.745976867429,3169.5388194444445,0
9600,-8.24,116.12,11,3.9898,2018-09-03 21:13:07,403.07859587075023,9089.062942401602,3169.585011574074,0
9601,-8.16,116.62,10,3.77108,2018-09-03 21:41:35,458.1405013388756,9097.994129611057,3169.6047800925926,2
9602,-8.22,116.82,10,4.2632,2018-09-03 23:14:14,480.1748939790612,9091.376225575152,3169.6691203703704,2
9603,-8.25,116.11,11,4.15384,2018-09-03 23:18:36,401.9795943907138,9087.95484632673,3169.6721527777777,0
9605,-8.49,116.91,10,4.3,2018-09-04 02:45:54,490.0942718255529,9061.530088056303,3169.8161111111112,2
9607,-8.01,116.41,10,4.5366,2018-09-04 04:07:36,434.9829528925868,9114.54998512454,3169.8728472222224,0
9611,-8.49,116.93,10,4.0,2018-09-04 11:24:57,492.2955459584014,9061.530541826936,3170.1765625,2
9613,-8.01,116.4,11,3.93512,2018-09-04 15:53:59,433.88093038811104,9114.548390365715,3170.3633912037035,0
9614,-7.91,116.36,13,3.9898,2018-09-04 16:00:29,429.45571810168104,9125.59754443254,3170.3679050925925,0
9615,-8.28,116.81,10,4.2632,2018-09-04 16:05:35,479.07665175946715,9084.742507731358,3170.3714467592595,2
9616,-8.2,116.77,10,3.88044,2018-09-04 16:08:55,474.666627139477,9093.584479317316,3170.3737615740743,2
9618,-8.29,117.02,10,4.15384,2018-09-05 04:04:11,502.20239824986896,9083.641917417095,3170.870474537037,2
9620,-7.96,116.42,10,4.20852,2018-09-05 11:51:31,436.0771998828592,9120.07940057413,3171.195011574074,0
9621,-8.3,116.97,10,3.93512,2018-09-05 13:35:47,496.6964860556141,9082.536316479698,3171.2674189814816,2
9622,-8.3,116.08,12,3.77108,2018-09-05 14:16:57,398.6880432257927,9082.419016649628,3171.2960069444443,0
9623,-8.28,116.98,10,3.9898,2018-09-05 19:30:41,497.79754614259235,9084.747448441753,3171.5138773148146,2
9627,-8.34,116.99,10,4.8776,2018-09-06 06:43:09,498.8989404101457,9078.114295797308,3171.9808680555557,2
9628,-8.22,116.79,10,3.7,2018-09-07 05:00:09,476.8706963761456,9091.37461775277,3172.9093402777776,2
9629,-8.28,116.74,14,3.82576,2018-09-07 15:03:05,471.3680055897927,9084.738148244316,3173.3280439814816,2
9631,-8.28,116.67,11,4.79814,2018-09-07 17:14:36,463.6593181791768,9084.732432420302,3173.419375,2
9633,-8.14,116.8,10,4.42724,2018-09-08 14:29:58,477.96770358412317,9100.219434783117,3174.3050462962965,2
9634,-8.35,116.88,10,3.82576,2018-09-08 21:54:30,486.7876117175471,9077.006766188322,3174.61375,2
9635,-8.15,116.55,10,4.79814,2018-09-09 04:53:36,450.4281680577459,9099.091758670873,3174.904791666667,0
9637,-8.17,116.31,11,3.77108,2018-09-09 16:58:16,423.9926172849982,9096.843265924877,3175.4080324074075,0
9638,-8.16,116.54,15,4.2632,2018-09-09 17:18:30,449.3278082704897,9097.984960193215,3175.4220833333334,0
9639,-8.12,116.68,10,3.9898,2018-09-09 23:21:51,464.74647140314056,9102.42201912962,3175.674409722222,2
9640,-8.11,116.6,12,3.93512,2018-09-10 00:47:41,455.9318751745012,9103.51974491323,3175.7340162037035,2
9641,-8.21,116.59,10,4.79814,2018-09-10 03:50:15,454.84138322655275,9092.46313173404,3175.860798611111,2
9642,-8.1,116.48,10,4.79814,2018-09-10 08:49:18,442.70971264186943,9104.610335692796,3176.068472222222,0
9643,-8.32,116.47,10,5.11598,2018-09-10 20:22:27,441.64007611330106,9080.286317687496,3176.549826388889,0
9644,-8.09,116.58,10,3.82576,2018-09-10 20:56:35,453.7261478925833,9105.728619614152,3176.5735300925926,0
9645,-8.08,116.4,10,4.09916,2018-09-10 22:22:28,433.8922728427165,9106.809354710493,3176.6331712962965,0
9647,-8.16,116.37,10,4.15384,2018-09-10 22:42:32,430.60049790216107,9097.959675269083,3176.6471064814814,0
9648,-8.28,116.42,12,3.7164,2018-09-10 23:16:41,436.12778670996346,9084.700945888999,3176.670821759259,0
9649,-8.37,116.56,10,3.88044,2018-09-11 02:02:05,451.55662013583327,9074.770628364058,3176.7856828703702,2
9650,-8.34,116.2,10,4.1,2018-09-11 02:40:05,411.9124729640036,9078.025106279567,3176.812071759259,0
9651,-8.46,116.09,42,4.09916,2018-09-11 03:39:27,399.8303018304186,9064.730824970049,3176.8532986111113,1
9654,-7.99,116.3,11,4.15384,2018-09-11 08:56:04,422.8568328607008,9116.74215896573,3177.073171296296,0
9656,-8.84,116.01,21,3.7164,2018-09-11 09:28:10,391.1325646171942,9022.692350509957,3177.0954629629628,1
9657,-8.26,116.56,15,3.7164,2018-09-11 09:30:00,451.54311405366485,9086.931833137722,3177.096736111111,2
9658,-8.14,116.78,10,3.7164,2018-09-11 13:06:28,475.7644639544356,9100.21829137776,3177.247060185185,2
9659,-8.44,116.88,19,3.82576,2018-09-11 15:07:39,486.790654136317,9067.056911434745,3177.3312152777776,2
9660,-8.24,116.65,10,4.20852,2018-09-11 17:59:33,461.45294595569504,9089.152748156717,3177.450590277778,2
9661,-7.99,116.31,10,3.82576,2018-09-11 18:39:55,423.9589300440866,9116.744017281062,3177.478622685185,0
9663,-8.15,116.38,13,4.04448,2018-09-11 22:29:21,431.7004220574957,9099.06696735365,3177.6379513888887,0
9666,-8.31,116.61,18,3.77108,2018-09-11 23:20:38,457.05508765123335,9081.409784906702,3177.6735648148147,2
9673,-8.61,116.07,11,4.15384,2018-09-12 21:49:35,397.6685429980553,9048.140346064303,3178.610335648148,1
9676,-8.35,116.6,10,3.93512,2018-09-13 01:51:31,455.9583917946614,9076.986449942884,3178.7783449074072,2
9677,-8.35,116.87,16,3.9898,2018-09-13 03:44:52,485.6865776088496,9077.006417357938,3178.857060185185,2
9681,-8.48,116.12,12,3.7164,2018-09-14 00:57:22,403.13785691385715,9062.527081423625,3179.740740740741,1
9682,-8.5,116.98,12,3.88044,2018-09-14 02:09:10,497.7987849083308,9060.42563716844,3179.790601851852,2
9684,-8.14,116.39,10,4.3,2018-09-14 04:57:08,432.80040099324606,9100.174227601252,3179.90724537037,0
9685,-8.16,116.58,10,4.15384,2018-09-14 05:58:58,453.73416569841726,9097.989763240874,3179.950185185185,2
9686,-7.94,116.31,10,3.88044,2018-09-14 06:03:49,423.94970484239957,9122.271973378558,3179.953553240741,0
9688,-8.24,116.47,20,3.77108,2018-09-14 16:34:09,441.62829355599104,9089.130928319133,3180.3912847222223,0
9689,-8.21,116.49,10,4.59128,2018-09-14 20:55:04,443.8268330783161,9092.450503430486,3180.5724768518517,0
9692,-8.23,116.73,11,3.88044,2018-09-15 11:19:07,470.263027241094,9090.26512050849,3181.172511574074,2
9696,-8.24,116.77,11,3.9898,2018-09-16 15:53:03,474.6691651814318,9089.162335387258,3182.3627430555557,2
9697,-8.44,116.91,10,3.9,2018-09-16 19:13:11,490.09299365490085,9067.0577996883,3182.5017245370373,2
9702,-8.18,116.26,10,3.7164,2018-09-17 17:58:02,418.4865806659244,9095.727883325078,3183.449537037037,0
9704,-8.04,116.45,10,3.82576,2018-09-17 22:19:53,439.39546896074125,9111.239397812695,3183.631377314815,0
9706,-8.15,116.29,10,4.71868,2018-09-18 07:27:16,421.7855078877968,9099.050652714493,3184.0115046296296,0
9708,-8.33,116.06,15,4.5366,2018-09-18 18:45:06,396.49329135930475,9079.096826694931,3184.4822222222224,0
9711,-8.17,116.27,10,3.93512,2018-09-18 21:41:51,419.58616816541286,9096.83550570802,3184.604965277778,0
9713,-8.43,115.99,10,3.82576,2018-09-19 02:36:07,388.8130104589088,9068.020802018378,3184.8093171296296,0
9718,-8.21,116.64,10,4.09916,2018-09-20 05:09:21,460.34860645870083,9092.468416318137,3185.9157291666666,2
9719,-8.3,116.34,19,3.77108,2018-09-20 11:22:35,427.32114570601755,9082.47601179274,3186.1749189814814,0
9722,-8.14,116.89,10,3.9898,2018-09-20 16:28:29,487.88225355860493,9100.223232505057,3186.387349537037,2
9723,-8.56,116.6,10,3.7164,2018-09-20 17:59:00,455.9822238812923,9053.769555316689,3186.450208333333,1
9724,-8.54,116.1,10,3.77108,2018-09-20 18:29:36,400.9516942578721,9055.887988796028,3186.4714583333334,1
9727,-8.32,116.14,13,4.15384,2018-09-21 07:54:35,405.30063768467255,9080.222529858574,3187.030474537037,0
9731,-8.14,116.66,10,3.9898,2018-09-21 16:51:13,462.54495716695067,9100.209144048222,3187.403136574074,2
9732,-8.24,116.25,10,3.77108,2018-09-21 18:28:40,417.39738851349756,9089.092135358398,3187.470810185185,0
9734,-8.34,116.0,16,3.93512,2018-09-21 19:19:51,389.8886502458597,9077.974923053443,3187.506354166667,0
9737,-8.19,116.42,13,4.09916,2018-09-22 09:32:28,436.1133589486691,9094.651191939935,3188.098449074074,0
9738,-8.15,116.45,10,4.04448,2018-09-22 12:18:57,439.41190816788946,9099.078129719412,3188.2140625,0
9739,-8.33,116.75,11,4.37256,2018-09-22 17:43:23,472.47272688263223,9079.21114296983,3188.439363425926,2
9740,-8.08,116.42,12,4.2632,2018-09-23 02:39:37,436.0959377883554,9106.81254433,3188.8117476851853,0
9742,-8.39,117.18,10,3.7164,2018-09-23 05:09:03,519.8165775992161,9072.582090842472,3188.915520833333,2
9743,-8.19,116.43,14,3.88044,2018-09-23 14:01:28,437.2148881674001,9094.652766783442,3189.2852546296294,0
9745,-8.26,116.25,13,3.88044,2018-09-23 18:45:17,417.40154216019147,9086.880894433916,3189.482349537037,0
9746,-8.47,116.83,13,4.2632,2018-09-23 19:10:47,481.28819365655073,9063.738231629284,3189.5000578703703,2
9749,-8.23,116.78,10,4.48192,2018-09-23 23:30:22,475.76990314692483,9090.268491318155,3189.680324074074,2
9764,-8.23,116.79,10,3.82576,2018-09-24 22:18:06,476.8712760606556,9090.269082927514,3190.6301388888887,2
9768,-8.23,116.25,10,4.04448,2018-09-25 07:27:06,417.39531544164413,9090.197755009845,3191.011388888889,0
9779,-8.32,116.16,10,3.88044,2018-09-27 10:14:53,407.50310245681203,9080.227258224666,3193.1279050925928,0
9780,-8.28,116.14,10,3.77108,2018-09-27 10:36:26,405.29105421144783,9084.645137658885,3193.1428703703705,0
9784,-8.23,116.66,27,3.93512,2018-09-28 00:30:55,462.55336333329086,9090.259245619323,3193.7223726851853,2
9785,-8.22,116.8,10,4.2632,2018-09-28 01:13:31,477.97209621423895,9091.375181178242,3193.7519560185187,2
9786,-8.23,116.82,10,4.37256,2018-09-28 15:40:44,480.17539085004165,9090.270692652075,3194.3541898148146,2
9788,-8.38,116.81,12,3.88044,2018-09-29 00:02:24,479.08196302567023,9073.687114546363,3194.7025694444446,2
9790,-8.08,116.84,10,3.93512,2018-09-29 19:11:26,482.37156216259893,9106.854548235595,3195.500509259259,2
9793,-8.42,116.97,10,3.7,2018-09-30 14:50:01,496.6974959919418,9069.269893207807,3196.3189699074073,2
9794,-7.94,116.35,10,3.93512,2018-09-30 17:04:55,428.35860639163434,9122.279095505726,3196.412650462963,0
9797,-8.29,116.08,11,3.77108,2018-10-01 02:25:07,398.68548166912063,9083.524685682885,3196.801678240741,0
9809,-8.74,116.47,13,4.04448,2018-10-02 02:07:55,441.70378930153646,9033.851526549584,3197.7897337962963,1
9820,-8.3,116.03,10,3.82576,2018-10-02 07:49:59,393.1814641401428,9082.405904717096,3198.0272800925927,0
9849,-8.64,116.52,10,3.7164,2018-10-03 15:21:00,447.1895674063176,9044.914803999003,3199.340486111111,1
9863,-8.33,116.44,11,3.7164,2018-10-04 18:47:05,438.33815004810424,9079.176186487128,3200.483599537037,0
9864,-8.54,116.85,19,4.20852,2018-10-05 02:52:10,483.4925842090834,9056.000308637147,3200.820462962963,2
9872,-8.42,116.75,10,4.95706,2018-10-07 17:57:22,472.47905033229756,9069.261228004621,3203.449074074074,2
9873,-8.38,116.85,10,3.77108,2018-10-07 19:03:05,483.485771275224,9073.689018813753,3203.494710648148,2
9880,-8.23,116.46,10,3.77108,2018-10-08 17:28:39,440.52541690350165,9090.235029955975,3204.4291319444446,0
9883,-8.21,116.88,10,4.64596,2018-10-10 02:16:02,486.7829434694895,9092.484228587318,3205.79537037037,2
9885,-8.27,116.07,10,3.88044,2018-10-10 04:57:37,397.57897456242887,9085.73346429133,3205.9075810185186,0
9905,-8.31,116.77,13,3.93512,2018-10-11 12:23:14,474.6736362792264,9081.423562354667,3207.2170370370372,2
9919,-8.08,117.22,10,3.93512,2018-10-12 20:39:05,524.2391291575007,9106.851466979286,3208.5613773148148,2
9923,-8.23,116.28,10,3.7164,2018-10-13 09:25:24,420.69967425306294,9090.203823196762,3209.0935416666666,0
9945,-8.4,116.93,12,3.93512,2018-10-16 23:02:21,492.2937607200134,9071.480407963269,3212.6608680555555,2
9946,-8.24,116.15,10,3.77108,2018-10-17 07:34:55,406.38297280132474,9089.07009268395,3213.0168171296295,0
9947,-8.36,116.13,12,4.04448,2018-10-17 14:22:26,404.20914250347266,9075.797496220925,3213.299814814815,0
9951,-8.28,116.22,10,4.7,2018-10-18 01:12:59,414.10174087088103,9084.663298098485,3213.751585648148,0
9953,-8.44,115.94,10,3.77108,2018-10-18 15:15:47,383.3111142554488,9066.900500581287,3214.336863425926,0
9958,-8.41,116.97,10,4.1,2018-10-20 23:21:29,496.69741128061156,9070.375431552573,3216.6741550925926,2
9975,-8.19,116.72,10,4.5366,2018-10-23 21:52:58,469.1585634904314,9094.686522120244,3219.612685185185,2
9977,-8.25,116.41,10,4.2632,2018-10-24 04:08:51,435.02159451638346,9088.016085818277,3219.8737152777776,0
9979,-8.16,116.5,11,3.82576,2018-10-24 20:25:45,444.9214269798962,9097.979720456524,3220.5521180555556,0
9982,-8.43,116.89,14,3.9898,2018-10-25 07:59:03,487.8911229781237,9068.162777003019,3221.033576388889,2
9984,-8.03,116.56,10,3.7164,2018-10-25 20:20:51,451.51544773981783,9112.359593586187,3221.548715277778,0
9985,-8.41,116.96,13,3.9,2018-10-25 22:56:47,495.59654822334085,9070.375333198685,3221.6570023148147,2
9986,-8.3,116.19,10,3.7164,2018-10-26 11:06:24,410.8022608551266,9082.445419948694,3222.1636805555554,0
9990,-8.15,116.43,10,4.5366,2018-10-27 09:30:37,437.2086358259456,9099.075076787443,3223.097164351852,0
9991,-8.19,116.38,10,4.20852,2018-10-27 13:31:41,431.70722295138904,9094.644618631068,3223.264571759259,0
9995,-8.33,116.02,15,3.7164,2018-10-29 06:43:15,392.08834471760537,9079.086133141105,3224.9809375,0
10001,-8.35,116.6,10,4.2632,2018-10-31 16:42:24,455.9583917946614,9076.986449942884,3227.397013888889,2
10003,-8.36,116.89,10,4.3,2018-11-01 01:28:34,487.8889538473888,9075.901550303517,3227.7624074074074,2
10007,-8.04,116.45,10,3.88044,2018-11-01 22:05:23,439.39546896074125,9111.239397812695,3228.6213078703704,0
10010,-8.17,116.44,10,4.2632,2018-11-02 08:21:24,438.31334048655225,9096.865466639289,3229.0490972222224,0
10011,-8.14,116.83,11,3.7164,2018-11-02 19:25:18,481.2725582453782,9100.220945707932,3229.510138888889,2
10013,-8.25,116.43,10,4.20852,2018-11-03 00:57:40,437.22432370537564,9088.019285532353,3229.7409490740743,0
10015,-8.42,116.77,19,4.2632,2018-11-04 01:11:09,474.6807381965374,9069.262578434686,3230.7503125,2
10017,-8.5,116.6,11,3.88044,2018-11-04 04:18:54,455.975354728371,9060.402979065993,3230.8806944444445,2
10018,-8.21,116.49,20,4.04448,2018-11-04 05:02:18,443.8268330783161,9092.450503430486,3230.9108333333334,0
10019,-8.25,115.93,10,4.2632,2018-11-04 12:50:14,382.15320499204665,9087.906180900085,3231.235787037037,0
10020,-8.45,116.62,11,3.88044,2018-11-04 17:38:49,458.1712156466324,9065.933018772681,3231.4361921296295,2
10022,-8.43,116.72,21,3.8,2018-11-05 10:24:17,469.1773039842296,9068.15343986779,3232.1344328703703,2
10026,-8.29,116.58,10,4.59128,2018-11-06 01:00:14,453.7492379923156,9083.617530828564,3232.7427314814813,2
10027,-8.5,116.93,10,4.8,2018-11-06 06:49:58,492.29574548457975,9060.424998324563,3232.9856018518517,2
10030,-8.23,116.84,10,3.9898,2018-11-06 13:49:38,482.37813107372455,9090.271628216316,3233.277037037037,2
10031,-8.26,116.83,10,3.9898,2018-11-06 23:08:15,481.2781724380673,9086.954573836443,3233.664965277778,2
10035,-8.34,116.95,10,3.9,2018-11-07 11:19:54,494.4947014038176,9078.113961311048,3234.1730555555555,2
10036,-8.26,116.76,15,4.64596,2018-11-07 18:36:12,473.56914744708956,9086.950611195673,3234.476041666667,2
10041,-8.4,116.99,10,3.8,2018-11-08 03:07:36,498.89910893284963,9071.481081611215,3234.8311805555554,2
10043,-8.32,116.79,11,4.15384,2018-11-08 14:58:09,476.87652472890437,9080.319244747536,3235.3246180555557,2
10044,-8.45,116.75,17,4.15384,2018-11-08 17:31:55,472.48117314739466,9065.944579620364,3235.4314004629628,2
10049,-8.4,116.04,13,3.82576,2018-11-09 09:22:44,394.3096919465039,9071.35174040074,3236.091689814815,0
10055,-8.32,116.91,10,3.93512,2018-11-10 15:14:54,490.0899566407264,9080.32425037959,3237.33625,2
10056,-8.14,116.31,10,3.77108,2018-11-11 05:15:15,423.9869509577922,9100.160069805572,3237.919826388889,0
10058,-8.3,116.06,11,4.20852,2018-11-11 17:30:11,396.4854207520059,9082.413855164023,3238.430196759259,0
10067,-8.16,116.41,10,3.88044,2018-11-14 00:57:29,435.0069710789385,9097.96633433767,3240.7408217592592,0
10068,-8.17,116.2,11,3.93512,2018-11-14 05:29:51,411.8747898399246,9096.820873026696,3240.9299652777777,0
10074,-8.22,116.36,10,4.20852,2018-11-15 12:46:31,429.5094306780653,9091.324388107087,3242.2332060185186,0
10078,-8.3,116.36,10,3.7164,2018-11-16 08:22:55,429.52362498699836,9082.479618882948,3243.050150462963,0
10083,-8.37,116.07,11,4.20852,2018-11-17 05:41:17,397.6049462006786,9074.676730383118,3243.9379050925927,0
10084,-7.99,116.5,10,4.15384,2018-11-17 07:16:48,444.89838758804814,9116.774244075646,3244.004236111111,0
10091,-8.29,116.61,10,3.93512,2018-11-18 00:55:47,457.05291497410667,9083.620897904473,3244.7396412037037,2
10092,-8.36,116.19,19,3.77108,2018-11-18 06:13:19,410.81584862554774,9075.811579863741,3244.960150462963,0
10104,-8.11,116.41,20,3.77108,2018-11-21 03:49:37,434.998915815681,9103.494231295155,3247.860358796296,0
10110,-8.22,116.29,10,3.77108,2018-11-22 08:28:48,421.79916237039686,9091.311400487097,3249.054236111111,0
10120,-8.18,116.22,10,3.88044,2018-11-23 17:44:23,414.08019368383776,9095.719566569871,3250.4400578703703,0
10149,-8.13,116.4,19,3.93512,2018-11-28 11:35:24,433.9004346410519,9101.281456109826,3255.1838194444445,0
10176,-8.23,116.59,10,3.93512,2018-12-04 05:44:12,454.84364545971897,9090.252022308785,3260.9399305555557,2
10186,-8.51,116.04,17,5.19544,2018-12-06 01:02:47,394.3396580057745,9059.189151046745,3262.744502314815,1
10194,-8.26,116.81,15,3.88044,2018-12-06 19:32:08,479.07559710715105,9086.953579727151,3263.5148842592594,2
10196,-8.5,116.87,10,3.77108,2018-12-07 05:44:33,485.6920903648713,9060.42329473737,3263.9401736111113,2
10203,-8.21,116.61,10,4.31788,2018-12-08 14:00:40,457.0442762779234,9092.465327931026,3265.284699074074,2
10211,-8.15,116.62,10,4.2632,2018-12-11 01:17:43,458.1394612300267,9099.09967693475,3267.754872685185,2
10212,-8.24,116.25,10,3.77108,2018-12-11 04:06:36,417.39738851349756,9089.092135358398,3267.872152777778,0
10221,-8.33,116.09,10,3.7164,2018-12-13 04:11:24,399.79696929138714,9079.104554330415,3269.875486111111,0
10228,-8.36,116.74,10,3.82576,2018-12-17 00:58:31,471.373813140775,9075.89379721106,3273.7415393518518,2
10234,-8.37,116.73,10,3.7164,2018-12-17 05:21:09,470.27355615743056,9074.78750958363,3273.923923611111,2
10236,-8.33,116.55,10,4.20852,2018-12-18 07:41:41,450.450568709975,9079.191653366088,3275.021516203704,2
10237,-8.26,116.04,10,3.7164,2018-12-18 08:51:34,394.2721133986749,9086.831304418247,3275.0700462962964,0
10238,-8.26,116.18,10,4.20852,2018-12-18 15:53:31,409.6918663967538,9086.865718236233,3275.3630671296296,0
10240,-8.35,116.8,10,3.82576,2018-12-18 17:37:38,477.9793252645289,9077.003194154875,3275.4353703703705,2
10242,-8.27,116.7,10,3.82576,2018-12-19 09:38:25,466.96221398565575,9085.840593175719,3276.1025810185183,2
10249,-8.42,116.74,19,4.95706,2018-12-21 10:43:56,471.37820520462543,9069.260510587332,3278.1480787037035,2
10256,-8.43,116.7,12,3.93512,2018-12-21 15:58:46,466.97566410166553,9068.15180620528,3278.366712962963,2
10260,-8.63,116.3,10,4.59128,2018-12-22 05:58:27,422.9817818399019,9045.982987742838,3278.949826388889,1
10265,-8.31,116.08,10,4.1,2018-12-22 23:59:50,398.69060785014415,9081.313347077004,3279.700787037037,0
10268,-8.0,117.24,10,3.77108,2018-12-24 02:25:37,526.4478798228139,9115.694439650679,3280.802025462963,2
10278,-8.26,116.21,10,3.7164,2018-12-25 22:39:36,412.99602843766417,9086.872388081589,3282.6450694444443,0
10280,-8.23,116.62,10,3.93512,2018-12-26 00:36:14,458.14781758340774,9090.255283129309,3282.726064814815,2
10283,-8.19,116.22,11,4.04448,2018-12-26 02:39:57,414.082336697013,9094.613942144024,3282.811979166667,0
10289,-8.32,116.8,10,4.71868,2018-12-26 12:22:22,477.97764702068906,9080.319814835686,3283.216435185185,2
10291,-8.39,116.79,12,3.93512,2018-12-26 12:35:41,476.88064623064486,9072.580450709738,3283.2256828703703,2
10297,-8.36,116.19,10,3.9898,2018-12-27 11:48:54,410.81584862554774,9075.811579863741,3284.1931944444445,0
10298,-8.37,116.2,12,3.77108,2018-12-27 12:59:53,411.91920295082906,9074.708189992869,3284.242488425926,0
10307,-8.43,116.95,10,3.88044,2018-12-28 17:03:07,494.4959675746598,9068.16412897356,3285.411400462963,2
10308,-8.39,116.59,10,3.82576,2018-12-29 02:46:51,454.86194016927016,9072.563067811157,3285.8167708333335,2
10329,-8.33,116.19,10,3.7164,2018-12-31 16:15:43,410.8090425877507,9079.128502356363,3288.378483796296,0
10330,-8.22,116.78,10,3.88044,2018-12-31 16:43:12,475.7692958577362,9091.374026842504,3288.3975694444443,2
10332,-8.32,116.05,10,4.04448,2018-12-31 21:53:07,395.3894047161762,9080.199874863612,3288.612789351852,0
10346,-8.41,116.54,10,3.7164,2019-01-03 01:45:11,449.35978427299034,9070.345826254483,3290.773946759259,2
10347,-8.29,116.76,10,3.727336,2019-01-03 01:58:32,473.5711469466896,9083.633991893745,3290.783217592593,2
10357,-8.28,116.6,16,3.82576,2019-01-03 12:14:46,455.9505784237726,9084.725360217217,3291.2111574074074,2
10359,-8.32,116.03,10,4.2632,2019-01-03 17:33:27,393.18687551476864,9080.194534325019,3291.4324652777777,0
10363,-8.23,116.75,10,3.77108,2019-01-04 08:19:48,472.4657800004302,9090.266551385324,3292.047986111111,2
10364,-8.16,116.79,10,3.8,2019-01-04 09:51:02,476.8672329745231,9098.007815225663,3292.111342592593,2
10367,-8.3,116.13,14,4.20852,2019-01-04 21:46:42,404.1945478631193,9082.431434542948,3292.608333333333,0
10370,-8.2,116.16,10,4.15384,2019-01-05 05:31:58,407.4751553413091,9093.494989431862,3292.9314351851854,0
10374,-8.25,116.03,10,4.02,2019-01-05 21:10:03,393.1679923082242,9087.934321297222,3293.5828819444446,0
10380,-8.3,116.44,13,4.15384,2019-01-06 12:12:20,438.33346184500317,9082.492937166386,3294.209467592593,0
10387,-8.4,116.73,10,3.727336,2019-01-07 06:04:42,470.2758353053082,9071.470864530398,3294.954166666667,2
10388,-8.31,116.77,10,3.842164,2019-01-07 06:46:37,474.6736362792264,9081.423562354667,3294.983275462963,2
10422,-8.3,116.54,15,3.7164,2019-01-11 01:28:52,449.3455967412561,9082.507087491653,3298.762615740741,2
10461,-8.26,116.25,10,3.77108,2019-01-16 00:29:24,417.40154216019147,9086.880894433916,3303.7213194444444,0
10481,-8.34,116.7,10,3.93512,2019-01-20 02:52:43,466.96806691020635,9078.101766362219,3307.8208449074073,2
10487,-8.45,116.51,14,3.77108,2019-01-20 11:21:29,446.0626308940398,9065.919509643161,3308.1741550925926,2
10547,-8.33,116.93,10,4.48192,2019-01-23 17:59:34,492.2923852662733,9079.219161351268,3311.450601851852,2
10549,-8.25,116.79,10,4.15384,2019-01-24 08:32:21,476.87243753030305,9088.05801163136,3312.056701388889,2
10561,-8.22,116.21,10,3.7164,2019-01-25 06:50:06,412.98728849133965,9091.294907827973,3312.9856944444446,0
10564,-8.22,116.81,10,4.04448,2019-01-25 09:00:22,479.07349540441294,9091.37571711901,3313.076157407407,2
10626,-8.81,115.95,10,3.75,2019-02-02 07:34:01,384.52452244513955,9025.991515473097,3321.0161921296294,1
10633,-8.2,116.84,10,4.37256,2019-02-02 20:58:50,482.37680768723527,9093.588222025606,3321.5750925925927,2
10659,-8.61,116.32,10,3.77108,2019-02-05 09:41:56,425.17846955782267,9048.198213991862,3324.105023148148,1
10661,-8.3,116.61,10,4.09916,2019-02-05 19:30:38,457.0540006625626,9082.515341681114,3324.5138425925925,2
10666,-8.47,116.88,10,3.967928,2019-02-06 15:42:35,486.79167547477545,9063.74028308298,3325.355474537037,2
10708,-8.62,115.99,10,3.88044,2019-02-11 06:53:36,388.86791487888905,9047.012316474404,3329.988125,1
10719,-8.74,116.77,31,4.09916,2019-02-12 06:31:15,474.7019256174904,9033.884781940553,3330.9726041666668,1
10722,-8.38,116.84,10,4.64596,2019-02-12 10:05:44,482.38482002105815,9073.688584753376,3331.121550925926,2
10723,-8.35,115.99,10,3.77108,2019-02-12 11:23:18,388.79025639631243,9076.866421075847,3331.1754166666665,0
10732,-8.24,116.3,10,3.7164,2019-02-12 21:54:51,422.90450324286815,9089.102123154322,3331.6139930555555,0
10741,-8.38,116.16,13,3.77108,2019-02-14 18:46:22,407.5172272594066,9073.593363367276,3333.4831018518516,0
10746,-8.87,116.66,10,3.732804,2019-02-15 20:44:48,462.6157876633122,9019.503106575305,3334.565347222222,1
10760,-8.17,116.0,10,3.7164,2019-02-18 16:22:26,389.841542091834,9096.771684663507,3337.383148148148,0
10798,-8.25,116.8,10,4.09916,2019-02-24 03:18:34,477.9737544545901,9088.058577056358,3342.838796296296,2
10814,-8.41,116.53,19,3.93512,2019-02-25 23:55:45,448.2588864751287,9070.34451948252,3344.6979513888887,2
10869,-8.36,116.55,10,3.950918117,2019-03-08 15:06:46,450.4543494126366,9075.874951857877,3355.330601851852,2
10898,-8.22,116.27,10,3.729630385,2019-03-13 11:36:13,419.59620835099565,9091.307442294139,3360.184386574074,0
10902,-8.18,116.46,10,4.264564486,2019-03-15 08:46:56,440.5179813621321,9095.762899851406,3362.066828703704,0
10905,-8.46,116.56,18,5.354493037,2019-03-17 07:07:26,451.56780256966744,9064.820501831926,3363.9977314814814,2
10906,-8.44,116.49,10,5.023961789,2019-03-17 07:09:20,443.859605428735,9067.022268453764,3363.999050925926,2
10907,-8.31,116.59,10,4.71272624,2019-03-17 07:11:39,454.8527490748224,9081.407562705619,3364.0006597222223,2
10908,-8.46,116.51,10,3.878148457,2019-03-17 07:17:26,446.06402112768853,9064.81393025223,3364.0046759259258,2
10944,-8.41,116.56,15,3.789499989,2019-03-17 18:03:28,451.5615754412035,9070.3483554819,3364.4533101851853,2
10945,-8.34,116.57,10,4.106252602,2019-03-17 18:08:48,452.65400924621076,9078.088539767097,3364.457013888889,2
10956,-8.36,116.55,10,4.272514881,2019-03-18 00:32:06,450.4543494126366,9075.874951857877,3364.7231944444443,2
10958,-8.34,116.55,10,4.063506963,2019-03-18 00:46:28,450.4518274440859,9078.08608674968,3364.7331712962964,2
10972,-8.26,116.54,11,3.878340479,2019-03-18 14:17:03,449.34048364447693,9086.929347758576,3365.296076388889,2
10977,-8.19,116.27,10,3.829690548,2019-03-18 18:57:39,419.590176935923,9094.624281955965,3365.4909375,0
10979,-8.36,116.57,10,3.711208088,2019-03-19 06:13:30,452.65641911665034,9075.877410590912,3365.9602777777777,2
10996,-8.29,116.73,10,4.083424722,2019-03-21 01:31:12,470.267518030476,9083.631871935557,3367.764236111111,2
11018,-8.27,115.82,21,4.065583498,2019-03-23 22:06:15,370.0430816803868,9085.66052622626,3370.6219097222224,0
11039,-8.3,116.55,10,3.841020919,2019-03-27 13:03:15,450.4468015087334,9082.508349905067,3374.2448263888887,2
11040,-8.4,116.53,10,3.848974491,2019-03-27 13:10:39,448.2575608244124,9071.450092967927,3374.249965277778,2
11042,-8.18,116.29,10,3.960606589,2019-03-27 14:16:31,421.79134560143075,9095.733833557353,3374.2957060185186,0
11044,-8.19,116.71,10,3.767655652,2019-03-27 16:05:10,468.0570746865593,9094.685741594429,3374.3711574074073,2
11045,-8.22,116.29,13,3.784857805,2019-03-27 16:06:38,421.79916237039686,9091.311400487097,3374.372175925926,0
11046,-8.85,116.76,39,3.943284782,2019-03-28 01:22:24,473.6097921913225,9021.722834158472,3374.758125,1
11049,-8.18,116.43,10,3.840751956,2019-03-29 16:37:06,437.21332223058937,9095.758345094446,3376.3933333333334,0
11054,-8.39,117.17,10,3.783939376,2019-03-30 15:00:15,518.7156534159587,9072.582581479537,3377.326076388889,2
11061,-8.44,117.19,12,4.016194992,2019-03-31 03:10:34,520.9148198153022,9067.053851884002,3377.8332407407406,2
11078,-8.27,116.76,16,4.204929463,2019-04-02 11:13:12,473.569813146791,9085.845071979276,3380.168402777778,2
11097,-8.32,116.57,10,3.993585587,2019-04-06 11:19:33,452.65160510954564,9080.299666730969,3384.1728125,2
11124,-8.21,116.66,10,4.259505583,2019-04-11 06:55:20,462.55148735973575,9092.470337972438,3388.989328703704,2
11140,-8.46,116.88,19,3.999925705,2019-04-13 13:28:21,486.7913346287212,9064.845826430417,3391.2622569444443,2
11170,-8.45,116.75,10,4.653718304,2019-04-16 20:18:22,472.48117314739466,9065.944579620364,3394.546990740741,2
11185,-8.38,117.0,10,3.953761548,2019-04-18 12:41:19,500.0,9073.692169241895,3396.2295949074073,2
11205,-8.24,116.59,10,3.787173963,2019-04-21 11:44:44,454.84477862700743,9089.146466777089,3399.190300925926,2
11213,-8.14,116.4,10,3.755120127,2019-04-22 17:26:42,433.90207300461583,9100.175874782353,3400.427777777778,0
11225,-8.23,116.79,10,4.413122567,2019-04-24 12:54:40,476.8712760606556,9090.269082927514,3402.238865740741,2
11230,-8.24,116.8,10,4.055453938,2019-04-25 04:11:58,477.9732010409465,9089.164112312485,3402.8758796296297,2
11237,-8.2,116.21,10,4.031630287,2019-04-26 00:03:48,412.9829343253282,9093.506164470524,3403.7035416666668,0
11241,-8.2,116.24,10,3.872380424,2019-04-26 09:40:45,416.2875707328857,9093.512540310554,3404.1042013888887,0
11249,-8.21,116.12,11,3.855361375,2019-04-26 21:19:03,403.071307074646,9092.379903104778,3404.5891319444445,0
11261,-8.27,116.47,10,4.216361111,2019-04-28 13:43:23,441.6326987616471,9085.81420343764,3406.2726967592594,0
11263,-8.34,116.9,10,3.958277714,2019-04-28 22:56:14,488.98939876443836,9078.112916040187,3406.6566203703705,2
11268,-8.36,116.06,15,3.745644445,2019-04-29 19:57:22,396.5011901741303,9075.779793360127,3407.5324074074074,0
11275,-8.21,116.27,10,3.800068307,2019-04-30 13:11:25,419.59419544480727,9092.413056053434,3408.250497685185,0
11276,-8.24,116.11,11,3.742961779,2019-05-01 08:21:17,401.9771312358752,9089.06050384474,3409.0490162037036,0
11286,-8.29,116.44,10,3.875901155,2019-05-01 22:22:14,438.33190284466997,9083.598519628613,3409.6330092592593,0
11293,-8.29,116.14,12,3.927278893,2019-05-03 06:44:40,405.2934457784088,9083.539486520238,3410.981921296296,0
11294,-8.28,116.13,12,4.28556952,2019-05-03 06:48:01,404.1897061894256,9084.642742983206,3410.984247685185,0
11295,-8.29,116.12,10,3.803646061,2019-05-03 06:49:44,403.09080255677827,9083.534663818975,3410.985439814815,0
11296,-8.21,116.15,14,3.72185646,2019-05-03 07:53:59,406.3759325784719,9092.387028069232,3411.0300578703705,0
11297,-8.54,116.05,13,3.900558557,2019-05-03 08:16:17,395.4485380662714,9055.874794219948,3411.0455439814814,1
11300,-8.46,116.08,17,4.255496502,2019-05-04 14:20:16,398.7294452866397,9064.72823833394,3412.298310185185,1
11302,-8.25,116.17,10,4.207062653,2019-05-04 20:08:55,408.58817397410166,9087.969080978435,3412.5404282407408,0
11309,-8.29,116.81,10,4.032999549,2019-05-07 11:03:57,479.07718003580914,9083.636970906226,3415.1619791666667,2
11310,-8.25,116.84,10,3.961587576,2019-05-07 12:46:00,482.37901599887783,9088.060562934674,3415.232847222222,2
11333,-8.11,116.45,10,4.155944406,2019-05-14 06:19:38,439.4059045903959,9103.500416525196,3421.964537037037,0
11334,-8.19,116.46,10,4.283346202,2019-05-14 06:32:11,440.5194648688337,9094.657326956863,3421.973252314815,0
11341,-8.16,116.45,10,3.957354404,2019-05-15 09:01:30,439.41341364825894,9097.972556672394,3423.0769444444445,0
11347,-8.71,116.4,10,3.915075365,2019-05-18 01:16:33,433.9987662169548,9037.156831193703,3425.7540625,1
11382,-8.32,116.16,10,3.921468946,2019-05-22 01:53:15,407.50310245681203,9080.227258224666,3429.7795486111113,0
11388,-8.28,116.01,10,4.026770505,2019-05-23 06:53:07,390.97330095483034,9084.61184658361,3430.987789351852,0
11405,-8.23,116.62,10,4.239740055,2019-05-27 09:20:58,458.14781758340774,9090.255283129309,3435.090462962963,2
11419,-8.36,116.57,12,3.886584093,2019-05-30 14:57:16,452.65641911665034,9075.877410590912,3438.3240046296296,2
11439,-8.24,116.1,13,4.068821237,2019-06-05 10:27:42,400.87566371798306,9089.058037722561,3444.1368055555554,0
11448,-8.5,115.76,21,4.229049294,2019-06-07 22:51:01,363.5144089722297,9060.20736625697,3446.6529976851853,1
11457,-8.46,116.41,15,3.748724656,2019-06-11 16:08:30,435.05633551615426,9064.798666933388,3450.373472222222,1
11458,-8.23,116.42,10,4.034067496,2019-06-11 19:51:26,436.1197519465694,9090.22886579842,3450.528287037037,0
11462,-8.31,116.12,49,3.822057163,2019-06-12 20:51:14,403.0957057719363,9081.323348610735,3451.569814814815,0
11467,-8.22,116.27,10,4.358296141,2019-06-15 17:40:06,419.59620835099565,9091.307442294139,3454.4370833333332,0
11476,-8.36,116.57,10,4.283865195,2019-06-17 14:57:50,452.65641911665034,9075.877410590912,3456.3243981481482,2
11477,-8.35,116.75,11,4.671638475,2019-06-18 08:42:24,472.4741262604318,9077.000054653448,3457.0636805555555,2
11481,-8.26,116.25,14,4.544719172,2019-06-18 17:14:34,417.40154216019147,9086.880894433916,3457.419351851852,0
11486,-8.46,116.59,10,4.524762149,2019-06-20 20:36:22,454.87005412405,9064.824105568976,3459.559490740741,2
11488,-8.31,116.55,15,3.941244634,2019-06-21 12:41:59,450.44805574226274,9081.402784943135,3460.2300578703703,2
11568,-8.45,116.46,11,3.73683149,2019-07-12 18:57:28,440.5586680084168,9065.912239706031,3481.490810185185,1
11631,-8.14,116.71,10,3.827033015,2019-07-25 16:59:21,468.0531010746084,9100.21343187813,3494.408784722222,2
11635,-8.15,116.2,22,4.000848304,2019-07-26 12:30:35,411.8704072217897,9099.032129485578,3495.222141203704,0
11667,-8.66,116.19,19,3.869213949,2019-08-07 01:28:34,410.88524539796987,9042.642081649157,3506.7624074074074,1
11669,-8.79,116.17,14,3.745007361,2019-08-07 09:53:24,408.71632257204953,9028.263664165803,3507.1129861111112,1
11731,-8.21,116.62,11,3.860236011,2019-08-19 18:45:23,458.14572089194985,9092.466384847685,3519.4824189814813,2
11732,-8.35,116.16,16,3.88287877,2019-08-20 00:27:32,407.5101522558866,9076.910313248069,3519.7200231481484,0
11736,-7.96,117.14,28,4.845874765,2019-08-22 08:58:45,515.4294011474788,9120.121595967714,3522.0750347222224,2
11740,-7.91,117.16,10,3.939355214,2019-08-23 04:38:29,517.6357374394235,9125.648377794074,3522.8942939814815,2
11761,-8.58,117.05,10,3.8685188,2019-08-29 16:54:35,505.50189214760195,9051.580973685795,3529.405474537037,2
11796,-8.32,116.76,10,3.933273936,2019-09-08 21:05:22,473.57315364749036,9080.31736762388,3539.57962962963,2
11818,-8.53,116.03,10,3.858536104,2019-09-14 02:30:50,393.2444759164079,9056.975014067646,3544.805648148148,1
11844,-8.33,116.73,10,4.513120814,2019-09-20 21:22:19,470.27052989341763,9079.20969519419,3551.591400462963,2
11845,-8.29,116.73,10,3.929840801,2019-09-20 21:33:45,470.267518030476,9083.631871935557,3551.5993402777776,2
11875,-8.79,116.45,10,3.810842562,2019-09-27 06:34:13,439.5119550493538,9028.320340272849,3557.974664351852,1
11877,-8.53,116.05,10,3.806780199,2019-09-28 02:32:23,395.4458169384774,9056.980485465298,3558.806724537037,1
11896,-8.34,116.58,12,3.957372802,2019-10-01 14:41:57,453.75509804471903,9078.08972445914,3562.3133680555557,2
11911,-8.39,117.22,10,3.870591257,2019-10-02 16:51:24,524.2202804739463,9072.579847924706,3563.403263888889,2
11932,-8.48,116.07,12,4.146138076,2019-10-08 22:04:33,397.63387310915954,9062.514260288353,3569.6207291666665,1
11943,-8.32,116.32,10,3.720144971,2019-10-10 22:05:27,425.12245096685075,9080.261078775182,3571.6213541666666,0
11988,-8.33,117.14,10,4.022710459,2019-10-22 00:00:10,515.4152405634367,9079.217115004496,3582.7010185185186,2
12001,-8.47,116.92,10,3.998256394,2019-10-27 10:19:23,491.1944537608403,9063.741414916314,3588.1310300925925,2
12009,-8.4,116.73,10,3.951045557,2019-10-30 00:59:23,470.2758353053082,9071.470864530398,3590.742141203704,2
12019,-8.66,116.04,10,3.854541914,2019-11-01 05:11:18,394.38114469173377,9042.603694255178,3592.9170833333333,1
12026,-8.33,116.08,14,3.918156714,2019-11-03 21:06:59,398.69574630159036,9079.102006311126,3595.5807523148146,0
12032,-8.29,116.72,10,4.260978316,2019-11-04 16:49:41,469.16630668707097,9083.631109857099,3596.4020717592593,2
12055,-8.35,116.04,14,3.804587791,2019-11-07 18:58:08,394.29619901786265,9076.880168280573,3599.491273148148,0
12126,-8.42,116.01,10,4.48584278,2019-11-15 11:40:32,391.0121468245748,9069.132134419393,3607.187384259259,0
12161,-8.2,116.46,13,3.745954798,2019-11-19 05:15:25,440.5209501763642,9093.551753520689,3610.91994212963,0
12210,-8.36,116.56,10,4.109641663,2019-11-26 06:15:26,451.5553849760929,9075.876195195824,3617.9616203703704,2
12230,-8.27,116.75,10,3.810887345,2019-11-30 20:55:21,472.4685487513132,9085.84439463169,3622.572673611111,2
12233,-8.21,116.31,11,3.896013138,2019-12-01 17:28:12,424.00020460544835,9092.420853225673,3623.4288194444443,0
12235,-8.28,116.31,10,4.102581823,2019-12-01 19:19:03,424.0135710045923,9084.68161019348,3623.505798611111,0
12245,-8.22,116.29,10,3.851927574,2019-12-02 22:55:13,421.79916237039686,9091.311400487097,3624.655914351852,0
12246,-8.31,116.26,10,3.807599558,2019-12-02 23:05:50,418.5132032425155,9081.354852263114,3624.663287037037,0
12272,-8.48,116.94,10,3.92933626,2019-12-08 08:30:07,493.39601184727474,9062.636268896906,3630.055150462963,2
12274,-8.49,116.9,10,4.128872306,2019-12-08 12:58:07,488.99363433946263,9061.52981862982,3630.241261574074,2
12282,-8.46,116.91,10,4.323639568,2019-12-08 20:52:07,490.0935040233994,9064.846716727672,3630.570428240741,2
12283,-8.47,116.91,10,3.769437756,2019-12-08 21:19:23,490.09375965753713,9063.741174401921,3630.589363425926,2
12288,-8.53,116.84,10,3.943358645,2019-12-09 06:18:56,482.3916289614385,9057.105415659249,3630.964050925926,2
12292,-8.5,116.91,10,3.97701383,2019-12-10 04:04:50,490.0945283594162,9060.424544035144,3631.870925925926,2
12302,-8.07,117.06,18,3.762747929,2019-12-13 14:27:07,506.61081967029975,9107.963041444584,3635.3030671296297,2
12305,-8.49,116.9,10,4.017072315,2019-12-14 10:25:10,488.99363433946263,9061.52981862982,3636.1350462962964,2
12306,-8.47,116.92,10,3.901992169,2019-12-14 10:29:33,491.1944537608403,9063.741414916314,3636.138090277778,2
12307,-8.43,116.91,10,4.234655693,2019-12-14 10:52:36,490.0927389205546,9068.163340324472,3636.1540972222224,2
12319,-8.45,116.13,15,3.788576416,2019-12-17 10:58:03,404.2312302414301,9065.846551929566,3639.1578819444444,0
12354,-8.2,116.5,10,3.952532356,2019-12-23 19:21:45,444.92691805687906,9093.557457026196,3645.507673611111,0
12356,-8.32,116.27,10,4.190249127,2019-12-23 23:14:15,419.61647129643353,9080.25127492137,3645.6691319444444,0
12417,-8.65,116.3,10,3.7164,2020-01-09 17:20:09,422.98584048689764,9043.771727128662,3662.4232291666667,1
12425,-8.39,116.18,18,3.940588,2020-01-12 11:30:56,409.7216523711758,9072.492367124316,3665.1807175925924,0
12429,-8.29,116.74,10,3.885908,2020-01-13 23:56:16,471.3687284999645,9083.632606301077,3666.698310185185,2
12454,-8.35,116.93,10,3.874972,2020-01-18 23:42:43,492.29277708640586,9077.008091741784,3671.688900462963,2
12482,-8.27,116.03,14,3.935093061,2020-01-27 18:34:19,393.1733713369506,9085.72295627346,3680.4747337962963,0
12496,-8.47,116.57,17,3.948870139,2020-02-01 04:33:50,452.669775882896,9063.716160346354,3684.891064814815,2
12506,-8.32,116.11,19,3.969598535,2020-02-03 16:58:44,401.99691957357817,9080.215228625962,3687.4083564814814,0
12548,-8.32,115.97,10,3.756098128,2020-02-14 02:27:42,386.5792115377055,9080.177844810862,3697.8034722222224,0
12551,-8.35,115.98,10,3.874799724,2020-02-14 09:22:35,387.6890581996672,9076.86358785344,3698.0915856481483,0
12556,-8.44,115.94,10,3.981942373,2020-02-15 06:23:28,383.3111142554488,9066.900500581287,3698.967199074074,0
12561,-8.35,116.17,11,3.941837877,2020-02-16 16:29:19,408.61129659318016,9076.912643832748,3700.3879282407406,0
12562,-8.31,116.14,18,3.91115107,2020-02-16 19:13:42,405.2982375150899,9081.328182620717,3700.5020833333333,0
12591,-8.35,116.6,10,4.21198997,2020-02-26 05:53:54,455.9583917946614,9076.986449942884,3709.9466666666667,2
12616,-8.47,116.22,13,4.261166715,2020-03-02 16:14:20,414.14339700473516,9063.656238128495,3715.377523148148,1
12621,-8.29,116.84,10,4.201980746,2020-03-04 16:35:05,482.38079225071266,9083.638425766956,3717.3919328703705,2
12647,-8.39,115.99,10,4.377663984,2020-03-08 12:11:32,388.8016064901252,9072.4436158839,3721.208912037037,0
12707,-8.34,115.92,10,3.856798225,2020-03-17 23:27:56,381.0787733024488,9077.951725722218,3730.678634259259,0
12733,-8.36,116.09,10,3.976703049,2020-03-19 18:37:43,399.80461591010385,9075.787548036782,3732.4770949074073,0
12734,-8.25,116.01,11,4.528822164,2020-03-19 18:57:46,390.9650610169602,9087.928914038435,3732.4910185185186,0
12758,-8.46,116.26,10,4.508638746,2020-03-23 22:29:15,418.54443971343085,9064.770471106922,3736.6378819444444,1
12821,-8.25,116.63,10,4.491108902,2020-04-04 08:51:13,459.2512522327566,9088.045213563873,3748.069803240741,2
12866,-8.4,116.92,13,4.848473951,2020-04-15 23:37:46,491.19286874789583,9071.480197448118,3759.685462962963,2
12873,-8.27,116.05,10,4.388427292,2020-04-17 06:39:43,395.3761791022321,9085.728265612759,3760.978483796296,0
12880,-8.09,116.46,10,4.097409577,2020-04-20 11:08:52,440.50471084611837,9105.713031635303,3764.1653935185186,0
12891,-8.34,116.1,14,4.255121467,2020-04-26 19:19:11,400.90070718801417,9078.001409208777,3770.505891203704,0
12912,-8.33,116.96,11,4.298737394,2020-05-01 20:07:54,495.59564943527954,9079.219620734202,3775.5397222222223,2
12931,-8.32,116.0,10,4.343042564,2020-05-10 01:01:01,389.88305808896763,9080.186314801984,3783.743275462963,0
12939,-8.27,116.17,10,4.062327751,2020-05-10 22:08:23,408.5927763575737,9085.75779788036,3784.6233912037037,0
12940,-8.3,115.99,10,4.533446232,2020-05-10 22:09:59,388.77614454867165,9082.39491542981,3784.624502314815,0
12941,-8.18,115.96,12,3.78428771,2020-05-10 22:36:25,385.4375994315144,9095.654833807204,3784.6428587962964,0
12952,-8.29,115.99,10,4.708684649,2020-05-12 00:20:53,388.77333228257186,9083.500612688758,3785.7154050925924,0
12953,-8.31,115.98,10,4.199288293,2020-05-12 01:14:16,387.6776500843456,9081.286397602264,3785.752476851852,0
12954,-8.31,115.96,10,4.160366039,2020-05-12 02:13:23,385.4750199512337,9081.280674143165,3785.7935300925924,0
12956,-8.32,116.01,10,3.988814836,2020-05-12 10:12:41,390.9843337572279,9080.189082472225,3786.126377314815,0
12957,-8.41,115.95,11,3.885638265,2020-05-12 10:33:36,384.4031644553546,9070.220629307894,3786.1409027777777,0
12959,-8.1,116.22,10,3.772005654,2020-05-12 15:47:01,414.06314323596104,9104.56454274399,3786.3585532407405,0
12960,-8.33,116.0,11,3.756382848,2020-05-13 03:31:27,389.8858525002561,9079.080619197046,3786.8477430555554,0
12977,-8.18,116.37,20,3.822755599,2020-05-18 17:21:29,430.60395320590266,9095.748496841323,3792.4241550925926,0
12978,-8.09,116.34,28,4.087142964,2020-05-18 17:23:48,427.2830214568714,9105.69354602842,3792.425763888889,0
12983,-8.12,115.96,11,3.906632357,2020-05-21 06:55:51,385.42052614428064,9102.28903117204,3794.9896875,0
12985,-8.8,116.05,16,3.987173227,2020-05-21 21:45:24,395.5203983905399,9027.126625706525,3795.6074305555558,1
12986,-8.88,116.08,10,3.849471053,2020-05-21 22:54:54,398.8418598771941,9018.289269347471,3795.6556944444446,1
12993,-8.32,116.61,10,3.847623098,2020-05-26 03:46:41,457.0561759400879,9080.304227580596,3799.858321759259,2
13001,-8.47,116.04,11,4.311019639,2020-05-28 07:23:15,394.3287164587332,9063.611918486378,3802.008715277778,1
13002,-8.45,115.97,10,3.931361281,2020-05-28 09:46:06,386.61689713456957,9065.803631219695,3802.107916666667,0
13010,-8.38,116.19,16,4.12342177,2020-06-03 04:32:37,410.82039948608457,9073.60029547113,3807.8902199074073,0
13013,-8.36,116.02,14,3.760929525,2020-06-04 15:20:54,392.09657981058695,9075.769062386582,3809.3404166666664,0
13023,-8.36,116.59,10,4.440780312,2020-06-10 08:35:39,454.8584832584342,9075.87975755325,3815.0589930555557,2
13050,-8.23,116.74,10,4.161944247,2020-06-14 21:52:54,471.3644040418571,9090.265849705804,3819.612638888889,2
13051,-8.24,115.98,10,3.729454415,2020-06-15 09:17:48,387.6578168317855,9089.026294022777,3820.088263888889,0
13061,-8.23,116.78,10,4.36007703,2020-06-16 18:05:48,475.76990314692483,9090.268491318155,3821.4549305555556,2
13068,-8.54,116.02,10,3.757964104,2020-06-19 01:24:29,392.1466078247416,9055.866534973202,3823.7595717592594,1
13079,-8.38,117.16,10,4.153130431,2020-06-25 15:22:48,517.6151799789419,9073.688584753376,3830.341736111111,2
13101,-8.41,116.01,12,4.018208076,2020-07-06 05:43:20,391.0093506654519,9070.237831665294,3840.9393287037037,0
13124,-8.42,117.04,16,4.138479675,2020-07-19 11:41:40,504.4033388281991,9069.26979474034,3854.1881712962963,2
13137,-8.25,116.02,17,3.96208559,2020-07-29 10:52:09,392.0665282497308,9087.931631468493,3864.153784722222,0
13240,-8.37,116.01,10,4.336290735,2020-08-11 03:29:26,390.99819903293405,9074.660615214823,3876.8463425925925,0
13457,-8.33,116.28,11,4.511246692,2020-09-12 15:11:05,420.71968355879716,9079.14767395691,3909.333599537037,0
13463,-8.46,116.84,10,4.313553683,2020-09-14 15:31:29,482.38843652623626,9064.844243676278,3911.3477662037035,2
13533,-8.85,116.82,10,3.718311844,2020-09-26 04:00:39,480.20736843010775,9021.726554437166,3922.8680208333335,1
13564,-8.63,116.91,10,3.703978272,2020-10-02 22:53:30,490.0978905872864,9046.052419979398,3929.654722222222,2
13585,-8.36,117.03,12,3.999131112,2020-10-14 04:34:03,503.303010776195,9075.90311487848,3940.891215277778,2
13601,-8.23,116.01,11,4.057048028,2020-10-20 19:02:01,390.95958423286345,9090.140289670753,3947.4939699074075,0
13602,-8.18,116.49,11,3.737292894,2020-10-20 20:02:52,443.8226247402445,9095.767208370298,3947.536226851852,0
13653,-8.46,115.98,15,3.926462647,2020-11-17 17:21:03,387.7207110727034,9064.70081643587,3975.423854166667,0
13654,-8.32,115.97,19,3.778554695,2020-11-17 22:44:17,386.5792115377055,9080.177844810862,3975.648321759259,0
13832,-8.29,116.53,10,4.050098981,2020-12-11 12:51:06,448.24308206870944,9083.611364731072,3999.236388888889,2
13882,-8.35,116.05,10,3.805269122,2020-12-26 15:52:16,395.3973780963793,9076.88283394295,4014.362199074074,0
13940,-7.97,117.25,17,4.120574579,2021-01-07 13:54:28,527.5518917230377,9119.010358408841,4026.2803935185184,2
13954,-8.3,116.22,10,4.713049737,2021-01-10 22:40:16,414.10608152030943,9082.4520379194,4029.6455324074072,0
14064,-8.42,116.75,22,3.962110902,2021-02-09 19:28:18,472.47905033229756,9069.261228004621,4059.512222222222,2
14128,-8.32,116.8,15,3.810673716,2021-02-28 13:28:18,477.97764702068906,9080.319814835686,4078.262222222222,2
14141,-8.3,117.15,13,3.895405859,2021-03-02 07:02:49,516.5175871976181,9082.533320128532,4079.994525462963,2
14248,-8.3,117.0,10,4.413148671,2021-03-18 19:38:25,500.0,9082.536441327311,4096.519247685185,2
14253,-8.62,116.63,11,3.702340108,2021-03-19 11:47:08,459.29000134279926,9047.139435559382,4097.191967592593,1
14264,-8.45,116.91,16,3.744217608,2021-03-19 19:39:03,490.0932486891849,9065.952258489582,4097.5196875,2
14274,-8.19,116.46,18,3.814969972,2021-03-22 13:38:18,440.5194648688337,9094.657326956863,4100.269166666667,0
14345,-8.83,116.37,10,4.429953341,2021-03-31 18:57:21,430.7208233409198,9023.883994458249,4109.490729166667,1
14367,-8.01,116.84,13,3.700770675,2021-04-05 13:27:58,482.3685377617534,9114.593202615762,4114.261990740741,2
14371,-8.35,116.13,12,3.907610004,2021-04-06 19:15:06,404.2067028118134,9076.903153965923,4115.503055555556,0
14415,-8.44,116.94,12,3.769914123,2021-04-17 14:09:17,493.3953305569152,9067.058434154269,4126.290682870371,2
14477,-8.26,116.04,19,4.328244224,2021-04-25 16:39:37,394.2721133986749,9086.831304418247,4134.395081018519,0
14537,-8.51,116.87,22,3.778529972,2021-05-03 19:28:17,485.69246134778155,9059.317748723264,4142.5122106481485,2
14544,-8.33,116.96,10,4.204420144,2021-05-05 18:20:57,495.59564943527954,9079.219620734202,4144.465451388889,2
14567,-8.33,116.47,10,3.88027713,2021-05-07 23:37:38,441.6415568845851,9079.18073888953,4146.68537037037,0
14575,-8.76,116.59,10,3.761028413,2021-05-08 18:36:35,454.9055864070785,9031.656810381739,4147.47630787037,1
14603,-8.35,116.77,12,3.776105043,2021-05-20 09:05:34,474.6762080613075,9077.00139417622,4159.079768518519,2
14676,-8.38,116.08,13,4.426483945,2021-06-04 13:00:08,398.708646109428,9073.573644913266,4174.242662037037,0
14691,-8.08,116.68,21,3.729595307,2021-06-06 15:15:55,464.74299139541654,9106.844169196695,4176.336956018518,2
14702,-8.39,116.22,13,3.907401373,2021-06-08 13:51:56,414.1257431707347,9072.501340143017,4178.278634259259,0
14722,-8.38,116.8,13,3.940850502,2021-06-14 03:11:02,477.9810095084794,9073.686568468487,4183.833564814815,2
14733,-8.41,117.22,10,4.094241896,2021-06-19 00:47:50,524.2190402260758,9070.36875749971,4188.73412037037,2
14743,-8.47,117.17,13,3.859878157,2021-06-22 06:16:42,518.711806343452,9063.738231629284,4191.9625,2
14817,-8.3,116.76,13,3.702529467,2021-07-04 12:44:47,473.57181504684866,9082.528451023312,4204.232002314815,2
14878,-8.5,116.92,10,3.807335291,2021-07-19 13:52:01,491.1951370511088,9060.424785376443,4219.278692129629,2
14909,-8.2,116.37,13,3.86952871,2021-07-29 04:44:21,430.60741691392116,9093.537316256612,4228.898368055556,0
14945,-8.3,116.71,15,3.989597728,2021-08-12 04:59:10,468.0659017304401,9082.524774889873,4242.908657407407,2
15000,-8.86,116.9,10,4.137866741,2021-08-27 09:30:47,489.00440259393014,9020.624296205204,4258.097280092593,1
15075,-8.31,117.18,11,3.81893578,2021-09-15 17:00:52,519.8206125767513,9081.426409466056,4277.409837962963,2
15076,-8.27,117.17,12,4.566550741,2021-09-15 19:00:44,518.7213560280372,9085.849039284167,4277.493078703704,2
15080,-8.29,117.18,14,3.890056842,2021-09-15 19:53:26,519.8216153207466,9083.637483571873,4277.529675925926,2
15082,-8.32,117.24,10,3.988300701,2021-09-16 02:41:45,526.4268463525096,9080.31736762388,4277.813229166667,2
15084,-8.27,117.24,12,3.909376656,2021-09-16 07:59:50,526.4301868532091,9085.845071979276,4278.03412037037,2
15087,-8.28,117.23,11,3.946049313,2021-09-16 08:33:09,525.3282845064514,9084.740182675883,4278.057256944445,2
15089,-8.29,117.21,13,4.474297715,2021-09-16 08:55:57,523.1252311283595,9083.63586243834,4278.073090277778,2
15092,-8.2,117.23,10,4.177287283,2021-09-16 10:57:10,525.3333728605229,9093.584479317316,4278.157268518518,2
15093,-8.28,117.23,10,4.692902754,2021-09-16 11:39:00,525.3282845064514,9084.740182675883,4278.186319444444,2
15094,-8.43,117.21,15,3.771863699,2021-09-16 12:15:35,523.116983226321,9068.15827041109,4278.211724537037,2
15099,-8.29,117.23,10,4.274424884,2021-09-16 16:09:03,525.3276450113464,9083.634643121099,4278.373854166667,2
15102,-8.27,116.55,10,3.995432306,2021-09-17 08:54:32,450.4430478098845,9085.825041492222,4279.072106481482,2
15124,-8.53,117.25,14,3.98083367,2021-09-23 13:16:28,527.513129355195,9057.100159142065,4285.25400462963,2
15154,-8.32,116.92,11,3.803978145,2021-09-27 14:03:14,491.1910733028915,9080.324486755544,4289.286481481481,2
15164,-8.35,116.01,10,3.856865147,2021-09-30 14:56:24,390.9926430201804,9076.872003737944,4292.323402777778,0
15244,-8.45,117.0,21,3.733670803,2021-10-09 20:15:53,500.0,9065.953401841685,4301.545266203703,2
15265,-8.14,116.84,11,3.922469984,2021-10-13 04:50:44,482.37417531997426,9100.221394900986,4304.9028009259255,2
15269,-8.01,117.16,18,3.901972664,2021-10-14 17:57:05,517.6314622382466,9114.593202615762,4306.448877314815,2
15283,-8.16,116.89,10,4.719669129,2021-10-20 09:21:12,487.8828553400691,9098.012181451038,4312.090625,2
15389,-8.21,116.78,10,3.803115219,2021-11-18 16:15:54,475.7686893021239,9092.479561819242,4341.378611111111,2
15392,-8.89,116.88,10,3.935509871,2021-11-20 04:38:16,486.80635198609036,9017.30694487569,4342.894143518519,1
15413,-8.33,116.03,17,3.857137762,2021-11-25 04:04:39,393.1895860535978,9079.08884832074,4347.870798611111,0
15498,-8.2,116.47,13,3.743388408,2021-12-13 02:56:59,441.62244469036847,9093.553220533797,4365.823807870371,0
15756,-8.3,116.93,10,4.68871486,2021-12-15 16:12:42,492.29179928619044,9082.535761601075,4368.376388888889,2
15924,-8.21,116.46,11,4.431048922,2021-12-19 15:49:55,440.52243728468073,9092.446179542247,4372.36056712963,0
15962,-8.28,117.08,10,4.154059189,2021-12-22 00:46:36,508.8098180192872,9084.746618073346,4374.733263888889,2
15972,-8.28,116.43,10,4.031886209,2021-12-23 07:44:19,437.22906713333174,9084.702537558915,4376.023344907408,0
16008,-8.43,116.95,15,3.738175735,2021-12-28 06:00:41,494.4959675746598,9068.16412897356,4380.951377314815,2
16043,-8.59,116.72,11,3.701480753,2022-01-02 02:41:22,469.1900962828469,9050.464539495144,4385.812962962963,2
16224,-7.9,116.8,14,3.713836904,2022-01-16 05:14:16,477.9547818583028,9126.751988584056,4399.9191435185185,2
16319,-8.27,116.84,10,3.811406966,2022-01-24 13:55:43,482.3799030579078,9085.849495453282,4408.281261574074,2
16320,-8.43,116.81,10,3.911765695,2022-01-24 13:58:13,479.0846424084209,9068.159397062454,4408.282997685185,2
16323,-8.77,116.15,10,4.539996968,2022-01-24 21:14:14,406.51155490982325,9030.47008733177,4408.585787037037,1
16393,-8.39,116.98,10,3.774231392,2022-02-02 18:29:13,497.7981614924826,9072.58657665106,4417.471192129629,2
16452,-8.42,116.0,13,3.865392263,2022-02-13 00:24:49,389.9111522363694,9069.129334437092,4427.718136574074,0
16453,-8.48,116.03,17,3.878344497,2022-02-13 00:48:19,393.2306322010498,9062.503493143855,4427.734456018518,1
16470,-8.51,116.91,10,3.754483383,2022-02-14 17:49:17,490.09478519317327,9059.318999447554,4429.443460648148,2
16513,-8.07,116.3,14,3.887400802,2022-02-19 16:40:49,422.8719286022197,9107.89738372091,4434.395914351852,0
16780,-8.34,116.88,11,3.862207323,2022-03-03 13:20:15,486.787275670913,9078.112302813704,4446.256631944444,2
16787,-8.54,117.06,17,3.974049816,2022-03-03 21:51:30,506.60296021912023,9056.003004041519,4446.611666666667,2
16827,-8.27,116.69,10,4.400358757,2022-03-07 06:37:40,465.86094424823136,9085.839749940118,4449.977060185185,2
16835,-8.43,115.99,10,3.961944397,2022-03-08 11:39:52,388.8130104589088,9068.020802018378,4451.1869212962965,0
16889,-8.35,116.96,10,3.96613433,2022-03-15 03:22:21,495.59587333231315,9077.008552196457,4457.841423611111,2
16922,-8.29,116.83,10,3.933018849,2022-03-21 15:40:36,481.27958874010164,9083.637968525425,4464.354097222223,2
17346,-8.3,116.26,10,3.712892363,2022-06-03 20:19:33,418.5111405468745,9082.46047328945,4538.5478125,0
17379,-8.41,116.95,10,3.850534975,2022-06-08 20:29:33,494.495685036806,9070.375206743662,4543.554756944444,2
17399,-8.4,117.24,10,4.530260682,2022-06-12 10:20:14,526.4214599484494,9071.473011816955,4547.13162037037,2
17440,-8.23,116.76,10,3.833709242,2022-06-23 13:11:07,473.5671551492063,9090.267225547157,4558.250289351852,2
17455,-8.28,116.66,10,3.829720049,2022-06-27 07:11:28,462.55807310645946,9084.7315051503,4562.000532407407,2
17460,-8.48,116.98,13,3.831629777,2022-06-28 10:36:59,497.7986709601446,9062.636722148183,4563.143252314815,2
17468,-8.04,116.84,10,4.211899476,2022-07-02 19:05:28,482.3698307311738,9111.276639671954,4567.496365740741,2
17483,-8.36,117.13,15,3.725162167,2022-07-05 14:43:21,514.3130579070632,9075.900879770046,4570.314340277778,2
17484,-8.46,117.12,11,3.926700227,2022-07-05 18:04:03,513.2086653712817,9064.845826430417,4570.4537152777775,2
17488,-8.44,117.13,12,3.869282405,2022-07-06 21:20:02,514.3101264354204,9067.056558952789,4571.589814814814,2
17503,-8.08,116.47,10,4.027624587,2022-07-12 19:40:15,441.6050677778117,9106.820045267563,4577.520520833334,0
17588,-8.31,116.85,10,3.84079038,2022-08-01 18:09:09,483.48283086138036,9081.427784407297,4597.457256944444,2
17614,-8.36,117.16,12,4.682184375,2022-08-09 06:36:09,517.6160787724679,9075.899664426077,4604.976006944445,2
17618,-8.3,116.0,10,3.933447971,2022-08-09 12:53:56,389.8774792696575,9082.397704398363,4605.238356481482,0
17619,-8.34,117.14,10,4.884043191,2022-08-09 13:04:42,515.414848975204,9078.111578090626,4605.245833333333,2
17745,-8.35,116.09,11,3.864055728,2022-09-10 06:11:17,399.80206400321714,9076.893217343952,4636.958738425926,0
17826,-8.27,116.71,10,3.925775987,2022-09-26 22:11:43,468.06348275181347,9085.841408763024,4653.625706018519,2
17911,-8.56,116.08,10,4.000387727,2022-10-13 03:51:48,398.7557202377096,9053.671430619534,4669.861875,1
17927,-8.7,116.63,10,4.494941074,2022-10-16 01:13:25,459.2986014439021,9038.294841189378,4672.751886574074,1
17948,-8.44,116.81,10,3.756955518,2022-10-18 22:24:30,479.0851801846978,9067.053851884002,4675.6345833333335,2
18015,-8.33,116.25,10,4.174306336,2022-10-30 05:26:05,417.41615869871254,9079.141534104512,4686.927349537037,0
18059,-8.3,116.8,12,3.982860478,2022-11-06 07:13:33,477.97653152507127,9082.530892517321,4694.001979166666,2
18078,-8.29,115.93,13,3.780776285,2022-11-08 03:08:05,382.1650870075808,9083.483316073938,4695.831516203703,0
18128,-7.96,117.17,10,3.711528755,2022-11-18 05:45:28,518.7357099576479,9120.12035732498,4705.940810185185,2
18140,-8.38,116.04,10,4.110313078,2022-11-20 13:21:57,394.30428517348105,9073.563113181473,4708.2578125,0
18150,-8.32,115.93,16,3.960105943,2022-11-22 22:46:58,382.17403598545275,9080.166161852492,4710.650185185185,0
18176,-8.35,116.8,10,4.262911371,2022-11-28 13:48:48,477.9793252645289,9077.003194154875,4716.276458333334,2
18313,-8.27,116.8,10,3.91635623,2022-12-13 16:27:36,477.9748632823777,9085.84750489437,4731.3867361111115,2
18379,-8.23,116.49,10,4.051494703,2022-12-18 02:59:14,443.8296471405448,9090.239364087824,4735.82537037037,0
18386,-8.24,116.45,14,3.904979995,2022-12-18 17:50:35,439.42552352281166,9089.127952819637,4736.444363425926,0
18388,-8.22,116.47,10,3.873430045,2022-12-19 03:27:22,441.62536558847984,9091.342075513938,4736.844907407408,0
18435,-8.33,116.83,10,3.88377548,2022-12-29 11:26:18,481.28148507735295,9079.215820373058,4747.1775,2
18510,-8.3,116.58,10,3.965125557,2023-01-06 10:30:07,453.75040720238457,9082.511970657251,4755.138483796296,2
18924,-8.28,117.01,10,3.889958894,2023-01-31 04:26:20,501.1012269125185,9084.74748996014,4779.885856481482,2
18985,-8.37,116.13,14,3.900093685,2023-02-04 14:02:02,404.2115850956088,9074.691837931252,4784.2856481481485,0
19025,-8.4,116.22,13,3.983503386,2023-02-08 02:05:12,414.12794080013373,9071.395704319732,4787.787847222222,0
19106,-8.27,116.57,10,3.7164,2023-02-13 05:50:29,452.645619854955,9085.827474495627,4792.944293981482,2
19107,-8.27,116.57,11,3.900481117,2023-02-13 06:56:10,452.645619854955,9085.827474495627,4792.989907407407,2
19176,-8.2,115.87,17,4.702823481,2023-02-18 00:03:50,375.5285672188379,9093.416648058776,4797.703564814815,0
19533,-8.55,116.23,13,3.786859892,2023-03-13 19:40:47,415.2617785992854,9054.813313999555,4821.520891203703,1
19737,-8.18,116.43,10,4.046223499,2023-03-26 17:30:03,437.21332223058937,9095.758345094446,4834.430104166667,0
19799,-8.28,116.76,10,4.778308558,2023-03-29 18:10:21,473.570479646664,9084.739532212183,4837.458090277778,2
19852,-8.31,116.75,10,3.974507615,2023-04-01 02:05:43,472.471330838406,9081.42222906821,4839.788206018518,2
19860,-8.2,116.36,13,3.730994539,2023-04-01 20:48:27,429.5059034420539,9093.535574984391,4840.567881944445,0
20021,-8.28,116.77,10,4.253705666,2023-04-08 17:12:56,474.6717154935487,9084.740182675883,4847.418217592593,2
20081,-8.28,116.76,10,3.766971912,2023-04-11 16:57:10,473.570479646664,9084.739532212183,4850.407268518518,2
20093,-8.29,116.76,13,4.362120067,2023-04-12 02:51:38,473.5711469466896,9083.633991893745,4850.820092592593,2
20187,-8.34,117.12,10,3.778916778,2023-04-18 13:28:38,513.2127243290898,9078.112302813704,4857.262453703704,2
20211,-8.26,116.78,10,3.830441982,2023-04-20 05:12:14,475.77172941577487,9086.95188145296,4858.9177314814815,2
20279,-8.56,116.08,17,3.708145177,2023-04-25 02:20:44,398.7557202377096,9053.671430619534,4863.798634259259,1
20397,-8.45,117.2,13,3.7164,2023-05-03 11:35:59,522.0150372576533,9065.947755635934,4872.184224537037,2
20588,-8.05,117.25,16,3.7164,2023-05-16 09:49:52,527.5465143090274,9110.166148866874,4885.110532407408,2
20991,-7.97,116.47,10,4.097186472,2023-06-11 00:08:30,441.58936258293016,9118.981233604518,4910.706805555556,0
20992,-7.98,116.47,11,3.822732641,2023-06-11 00:24:29,441.59078148682136,9117.875673679457,4910.717905092592,0
20996,-8.0,116.43,11,3.840230038,2023-06-11 03:05:35,437.1854604711248,9115.65866290218,4910.829780092593,0
21060,-8.39,116.93,10,4.5275504,2023-06-14 02:34:37,492.2935635266543,9072.585945836398,4913.808275462963,2
21251,-8.02,116.38,26,3.920650849,2023-06-24 19:34:41,431.67854766683087,9113.439541519201,4924.516655092592,0
21328,-8.44,116.95,10,3.760705402,2023-06-29 09:36:09,494.49610909354266,9067.05858924584,4929.101006944445,2
21362,-8.57,115.87,26,3.946602878,2023-07-02 00:57:12,375.646245915596,9052.50412607913,4931.740625,1
21421,-8.42,117.21,14,3.882808902,2023-07-07 08:00:49,523.1175769119391,9069.26381632606,4937.034803240741,2
21543,-7.98,116.68,24,4.687469649,2023-07-18 04:07:24,464.7343660965547,9117.899506820055,4947.872708333333,2
21737,-8.33,116.45,11,4.426448635,2023-08-03 07:41:48,439.4392874288429,9079.177731802214,4964.021597222222,0
21749,-8.43,117.14,18,4.089814509,2023-08-03 23:45:24,515.4113036816698,9068.161720773773,4964.690763888889,2
21760,-8.24,116.51,10,4.55363741,2023-08-04 18:31:50,446.0338132817644,9089.136548663131,4965.473009259259,0
21765,-8.3,116.46,10,3.719383637,2023-08-05 02:59:00,440.5359022878501,9082.495989227902,4965.825208333334,0
21767,-8.31,116.49,10,3.821459348,2023-08-05 03:24:22,443.84097141056606,9081.394784876578,4965.842824074074,0
21790,-8.35,116.05,14,3.846446851,2023-08-06 13:00:46,395.3973780963793,9076.88283394295,4967.243101851852,0
21792,-8.23,116.76,10,4.455880521,2023-08-06 17:49:08,473.5671551492063,9090.267225547157,4967.443356481482,2
21793,-8.32,116.75,10,4.243474879,2023-08-06 17:53:39,472.47202844381246,9080.316686295948,4967.446493055556,2
21795,-8.27,116.77,10,4.616059311,2023-08-06 18:14:23,474.67107676525563,9085.845721679243,4967.460891203704,2
21813,-8.27,116.78,10,3.888637475,2023-08-06 21:07:08,475.7723396390947,9085.846343731684,4967.5808564814815,2
21815,-8.33,116.75,10,4.232097067,2023-08-06 21:56:42,472.47272688263223,9079.21114296983,4967.615277777778,2
21896,-8.53,116.69,10,3.828377147,2023-08-11 11:50:42,465.8836635872363,9057.095372677715,4972.194444444444,2
21924,-8.47,116.27,25,4.344148611,2023-08-12 23:31:23,419.6473220408803,9063.666921303024,4973.681030092593,1
21947,-8.27,116.77,10,3.956525995,2023-08-14 09:00:04,474.67107676525563,9085.845721679243,4975.075949074074,2
21985,-8.71,116.29,10,3.93512,2023-08-16 13:03:07,421.8979911471769,9037.135881729724,4977.244733796297,1
22003,-8.8,116.18,10,3.794975318,2023-08-17 07:39:40,409.81861807452947,9027.160415801072,4978.020115740741,1
22039,-8.27,116.4,10,4.244577289,2023-08-20 02:52:32,433.92355382198787,9085.803268398988,4980.820717592593,0
22042,-8.24,116.42,11,3.93512,2023-08-20 03:54:55,436.12135503131105,9089.123282906014,4980.864039351852,0
22186,-8.42,116.58,10,3.883216859,2023-08-30 06:18:48,453.76454693225764,9069.245205466983,4990.963958333334,2
22393,-8.76,115.78,10,3.965939473,2023-09-14 07:28:04,365.80798697197474,9031.463776595103,5006.012060185185,1
22793,-8.44,115.84,26,3.7164,2023-10-02 15:55:15,372.30134210887434,9066.869190633637,5024.364270833334,0
22823,-8.45,115.84,27,3.740498929,2023-10-03 15:55:15,372.30463031785104,9065.763432449101,5025.364270833334,0
22840,-8.24,116.69,11,3.7164,2023-10-04 12:59:58,465.8583677378007,9089.15638471212,5026.2425462962965,2
22855,-8.28,116.77,11,3.9898,2023-10-05 02:20:55,474.6717154935487,9084.740182675883,5026.798761574074,2
22863,-8.24,116.69,11,3.7164,2023-10-05 12:59:58,465.8583677378007,9089.15638471212,5027.2425462962965,2
22886,-8.32,116.74,12,3.990193664,2023-10-06 02:20:56,471.37090243127676,9080.315977157821,5027.798773148148,2
23050,-8.02,116.73,17,3.7164,2023-10-11 14:22:33,470.24756473835635,9113.481336116783,5033.299895833334,2
23066,-8.31,116.73,12,3.9898,2023-10-12 08:59:33,470.26902216172635,9081.420784670932,5034.075590277777,2
23093,-8.28,116.74,10,3.899843725,2023-10-13 08:59:33,471.3680055897927,9084.738148244316,5035.075590277777,2
23947,-8.56,116.03,11,3.82576,2023-11-22 05:58:05,393.25282093821977,9053.65791999991,5074.949571759259,1
23948,-8.51,116.09,11,3.82576,2023-11-22 08:06:13,399.8432585381537,9059.20244285921,5075.038553240741,1
23995,-8.54,116.03,12,3.80601792,2023-11-23 05:58:05,393.2472543577883,9055.869316598159,5075.949571759259,1
23998,-8.52,116.09,10,3.818277202,2023-11-23 08:06:13,399.84585897831903,9058.096764780743,5076.038553240741,1
24228,-8.18,116.7,10,3.7164,2023-11-28 19:31:03,466.9547608140883,9095.790473784486,5081.514131944445,2
24426,-8.33,116.14,17,3.7164,2023-12-05 18:20:13,405.30304072165796,9079.116876553999,5088.46494212963,0
24448,-8.33,116.14,17,3.7164,2023-12-06 18:20:13,405.30304072165796,9079.116876553999,5089.46494212963,0
24584,-8.52,116.87,14,3.753304199,2023-12-11 06:39:16,485.692832763862,9058.212202142235,5093.978171296297,2
24689,-8.39,117.15,15,3.77108,2023-12-14 03:37:35,516.513806665678,9072.583478643342,5096.852002314815,2
24724,-8.39,117.15,15,3.77108,2023-12-15 03:37:35,516.513806665678,9072.583478643342,5097.852002314815,2
25062,-8.49,115.83,19,3.9898,2023-12-24 22:47:56,371.2169666889747,9061.33708916771,5107.650856481481,1
25101,-8.46,115.85,21,3.999639804,2023-12-25 22:47:57,373.40885917835334,9064.660939228257,5108.650868055555,0
25144,-8.29,116.73,13,3.77108,2023-12-26 23:16:46,470.267518030476,9083.631871935557,5109.67087962963,2
25180,-8.22,116.76,11,3.819898849,2023-12-27 23:16:46,473.56649265038226,9091.372762567242,5110.67087962963,2
